<?xml version="1.0" encoding="utf-8"?>
<COLLADA xmlns="http://www.collada.org/2005/11/COLLADASchema" version="1.4.1" xmlns:xsi="http://www.w3.org/2001/XMLSchema-instance">
  <asset>
    <contributor>
      <author>Blender User</author>
      <authoring_tool>Blender 4.4.3 commit date:2025-04-29, commit time:14:09, hash:802179c51ccc</authoring_tool>
    </contributor>
    <created>2026-01-09T15:54:46</created>
    <modified>2026-01-09T15:54:46</modified>
    <unit name="meter" meter="1"/>
    <up_axis>Z_UP</up_axis>
  </asset>
  <library_effects>
    <effect id="Material_001-effect">
      <profile_COMMON>
        <technique sid="common">
          <lambert>
            <emission>
              <color sid="emission">0 0 0 1</color>
            </emission>
            <diffuse>
              <color sid="diffuse">0.9340506 1 0.006158118 1</color>
            </diffuse>
            <index_of_refraction>
              <float sid="ior">1.5</float>
            </index_of_refraction>
          </lambert>
        </technique>
      </profile_COMMON>
    </effect>
    <effect id="Mortar_Surface_Light_Trowel_Finish-effect">
      <profile_COMMON>
        <technique sid="common">
          <lambert>
            <emission>
              <color sid="emission">0 0 0 1</color>
            </emission>
            <diffuse>
              <color sid="diffuse">0.8 0.8 0.8 1</color>
            </diffuse>
            <index_of_refraction>
              <float sid="ior">1.5</float>
            </index_of_refraction>
          </lambert>
        </technique>
      </profile_COMMON>
    </effect>
    <effect id="Bricks-effect">
      <profile_COMMON>
        <newparam sid="Bricks071_2K_Color_jpg-surface">
          <surface type="2D">
            <init_from>Bricks071_2K_Color_jpg</init_from>
          </surface>
        </newparam>
        <newparam sid="Bricks071_2K_Color_jpg-sampler">
          <sampler2D>
            <source>Bricks071_2K_Color_jpg-surface</source>
          </sampler2D>
        </newparam>
        <technique sid="common">
          <lambert>
            <emission>
              <color sid="emission">0 0 0 1</color>
            </emission>
            <diffuse>
              <texture texture="Bricks071_2K_Color_jpg-sampler" texcoord="automap"/>
            </diffuse>
            <index_of_refraction>
              <float sid="ior">1.45</float>
            </index_of_refraction>
          </lambert>
        </technique>
      </profile_COMMON>
    </effect>
    <effect id="Material_003-effect">
      <profile_COMMON>
        <technique sid="common">
          <lambert>
            <emission>
              <color sid="emission">0 0 0 1</color>
            </emission>
            <diffuse>
              <color sid="diffuse">0.7119858 0.4294041 0.1559282 1</color>
            </diffuse>
            <index_of_refraction>
              <float sid="ior">1.5</float>
            </index_of_refraction>
          </lambert>
        </technique>
      </profile_COMMON>
    </effect>
    <effect id="Plastic-effect">
      <profile_COMMON>
        <technique sid="common">
          <lambert>
            <emission>
              <color sid="emission">0 0 0 1</color>
            </emission>
            <diffuse>
              <color sid="diffuse">0 0 0 1</color>
            </diffuse>
            <reflectivity>
              <float sid="specular">0.5</float>
            </reflectivity>
          </lambert>
        </technique>
      </profile_COMMON>
    </effect>
    <effect id="Glass-effect">
      <profile_COMMON>
        <technique sid="common">
          <lambert>
            <emission>
              <color sid="emission">0 0 0 1</color>
            </emission>
            <diffuse>
              <color sid="diffuse">1 1 1 1</color>
            </diffuse>
            <transparent opaque="A_ONE">
              <color sid="alpha">0 0 0 0.2</color>
            </transparent>
            <index_of_refraction>
              <float sid="ior">1.5</float>
            </index_of_refraction>
          </lambert>
        </technique>
      </profile_COMMON>
    </effect>
    <effect id="Marble-effect">
      <profile_COMMON>
        <technique sid="common">
          <lambert>
            <emission>
              <color sid="emission">0 0 0 1</color>
            </emission>
            <diffuse>
              <color sid="diffuse">0.8 0.8 0.8 1</color>
            </diffuse>
            <index_of_refraction>
              <float sid="ior">1.5</float>
            </index_of_refraction>
          </lambert>
        </technique>
      </profile_COMMON>
    </effect>
    <effect id="steel-effect">
      <profile_COMMON>
        <technique sid="common">
          <lambert>
            <emission>
              <color sid="emission">0 0 0 1</color>
            </emission>
            <diffuse>
              <color sid="diffuse">0 0 0 1</color>
            </diffuse>
            <reflectivity>
              <float sid="specular">0.7726439</float>
            </reflectivity>
            <index_of_refraction>
              <float sid="ior">1.45</float>
            </index_of_refraction>
          </lambert>
        </technique>
      </profile_COMMON>
    </effect>
    <effect id="fine_grained_wood-effect">
      <profile_COMMON>
        <newparam sid="fine_grained_wood_col_4k_png-surface">
          <surface type="2D">
            <init_from>fine_grained_wood_col_4k_png</init_from>
          </surface>
        </newparam>
        <newparam sid="fine_grained_wood_col_4k_png-sampler">
          <sampler2D>
            <source>fine_grained_wood_col_4k_png-surface</source>
          </sampler2D>
        </newparam>
        <technique sid="common">
          <lambert>
            <emission>
              <color sid="emission">0 0 0 1</color>
            </emission>
            <diffuse>
              <texture texture="fine_grained_wood_col_4k_png-sampler"/>
            </diffuse>
            <index_of_refraction>
              <float sid="ior">1.45</float>
            </index_of_refraction>
          </lambert>
        </technique>
      </profile_COMMON>
    </effect>
  </library_effects>
  <library_images>
    <image id="Bricks071_2K_Color_jpg" name="Bricks071_2K_Color_jpg">
      <init_from>textures/Bricks071_2K_Color.jpg</init_from>
    </image>
    <image id="fine_grained_wood_col_4k_png" name="fine_grained_wood_col_4k_png">
      <init_from>textures/fine_grained_wood_col_4k.jpg</init_from>
    </image>
  </library_images>
  <library_materials>
    <material id="Material_001-material" name="Material.001">
      <instance_effect url="#Material_001-effect"/>
    </material>
    <material id="Mortar_Surface_Light_Trowel_Finish-material" name="Mortar Surface Light Trowel Finish">
      <instance_effect url="#Mortar_Surface_Light_Trowel_Finish-effect"/>
    </material>
    <material id="Bricks-material" name="Bricks">
      <instance_effect url="#Bricks-effect"/>
    </material>
    <material id="Material_003-material" name="Material.003">
      <instance_effect url="#Material_003-effect"/>
    </material>
    <material id="Plastic-material" name="Plastic">
      <instance_effect url="#Plastic-effect"/>
    </material>
    <material id="Glass-material" name="Glass">
      <instance_effect url="#Glass-effect"/>
    </material>
    <material id="Marble-material" name="Marble">
      <instance_effect url="#Marble-effect"/>
    </material>
    <material id="steel-material" name="steel">
      <instance_effect url="#steel-effect"/>
    </material>
    <material id="fine_grained_wood-material" name="fine_grained_wood">
      <instance_effect url="#fine_grained_wood-effect"/>
    </material>
  </library_materials>
  <library_geometries>
    <geometry id="Cube_017-mesh" name="Cube.017">
      <mesh>
        <source id="Cube_017-mesh-positions">
          <float_array id="Cube_017-mesh-positions-array" count="72">-0.6080306 0.2526003 -1 -0.6080306 0.2526003 -0.3369718 -0.6080306 2.093938 -1 -0.6080306 2.093938 -0.3369718 -0.2201071 0.2526003 -1 -0.2201071 0.2526003 -0.3369718 -0.2201071 2.093938 -1 -0.2201071 2.093938 -0.3369718 -0.5366305 1.074585 -0.3369718 -0.5366305 1.074585 0.3280563 -0.5366305 1.342992 -0.3369718 -0.5366305 1.342992 0.3280563 -0.2682244 1.074585 -0.3369718 -0.2682244 1.074585 0.3280563 -0.2682244 1.342992 -0.3369718 -0.2682244 1.342992 0.3280563 -0.2682242 1.203702 0.252038 -0.2682242 1.203702 0.3424931 -0.2682242 1.342991 0.252038 -0.2682242 1.342991 0.3424931 -0.0636534 1.203702 0.252038 -0.0636534 1.203702 0.3424931 -0.0636534 1.342991 0.252038 -0.0636534 1.342991 0.3424931</float_array>
          <technique_common>
            <accessor source="#Cube_017-mesh-positions-array" count="24" stride="3">
              <param name="X" type="float"/>
              <param name="Y" type="float"/>
              <param name="Z" type="float"/>
            </accessor>
          </technique_common>
        </source>
        <source id="Cube_017-mesh-normals">
          <float_array id="Cube_017-mesh-normals-array" count="108">-1 0 0 0 1 0 1 0 0 0 -1 0 0 0 -1 0 0 1 -1 0 0 0 1 0 1 0 0 0 -1 0 0 0 -1 0 0 1 -1 0 0 0 1 0 1 0 0 0 -1 0 0 0 -1 0 0 1 -1 0 0 0 1 0 1 0 0 0 -1 0 0 0 -1 0 0 1 -1 0 0 0 1 0 1 0 0 0 -1 0 0 0 -1 0 0 1 -1 0 0 0 1 0 1 0 0 0 -1 0 0 0 -1 0 0 1</float_array>
          <technique_common>
            <accessor source="#Cube_017-mesh-normals-array" count="36" stride="3">
              <param name="X" type="float"/>
              <param name="Y" type="float"/>
              <param name="Z" type="float"/>
            </accessor>
          </technique_common>
        </source>
        <source id="Cube_017-mesh-map-0">
          <float_array id="Cube_017-mesh-map-0-array" count="216">0.625 0 0.375 0.25 0.375 0 0.625 0.25 0.375 0.5 0.375 0.25 0.625 0.5 0.375 0.75 0.375 0.5 0.625 0.75 0.375 1 0.375 0.75 0.375 0.5 0.125 0.75 0.125 0.5 0.875 0.5 0.625 0.75 0.625 0.5 0.625 0 0.375 0.25 0.375 0 0.625 0.25 0.375 0.5 0.375 0.25 0.625 0.5 0.375 0.75 0.375 0.5 0.625 0.75 0.375 1 0.375 0.75 0.375 0.5 0.125 0.75 0.125 0.5 0.875 0.5 0.625 0.75 0.625 0.5 0.625 0 0.375 0.25 0.375 0 0.625 0.25 0.375 0.5 0.375 0.25 0.625 0.5 0.375 0.75 0.375 0.5 0.625 0.75 0.375 1 0.375 0.75 0.375 0.5 0.125 0.75 0.125 0.5 0.875 0.5 0.625 0.75 0.625 0.5 0.625 0 0.625 0.25 0.375 0.25 0.625 0.25 0.625 0.5 0.375 0.5 0.625 0.5 0.625 0.75 0.375 0.75 0.625 0.75 0.625 1 0.375 1 0.375 0.5 0.375 0.75 0.125 0.75 0.875 0.5 0.875 0.75 0.625 0.75 0.625 0 0.625 0.25 0.375 0.25 0.625 0.25 0.625 0.5 0.375 0.5 0.625 0.5 0.625 0.75 0.375 0.75 0.625 0.75 0.625 1 0.375 1 0.375 0.5 0.375 0.75 0.125 0.75 0.875 0.5 0.875 0.75 0.625 0.75 0.625 0 0.625 0.25 0.375 0.25 0.625 0.25 0.625 0.5 0.375 0.5 0.625 0.5 0.625 0.75 0.375 0.75 0.625 0.75 0.625 1 0.375 1 0.375 0.5 0.375 0.75 0.125 0.75 0.875 0.5 0.875 0.75 0.625 0.75</float_array>
          <technique_common>
            <accessor source="#Cube_017-mesh-map-0-array" count="108" stride="2">
              <param name="S" type="float"/>
              <param name="T" type="float"/>
            </accessor>
          </technique_common>
        </source>
        <vertices id="Cube_017-mesh-vertices">
          <input semantic="POSITION" source="#Cube_017-mesh-positions"/>
        </vertices>
        <triangles count="36">
          <input semantic="VERTEX" source="#Cube_017-mesh-vertices" offset="0"/>
          <input semantic="NORMAL" source="#Cube_017-mesh-normals" offset="1"/>
          <input semantic="TEXCOORD" source="#Cube_017-mesh-map-0" offset="2" set="0"/>
          <p>1 0 0 2 0 1 0 0 2 3 1 3 6 1 4 2 1 5 7 2 6 4 2 7 6 2 8 5 3 9 0 3 10 4 3 11 6 4 12 0 4 13 2 4 14 3 5 15 5 5 16 7 5 17 9 6 18 10 6 19 8 6 20 11 7 21 14 7 22 10 7 23 15 8 24 12 8 25 14 8 26 13 9 27 8 9 28 12 9 29 14 10 30 8 10 31 10 10 32 11 11 33 13 11 34 15 11 35 17 12 36 18 12 37 16 12 38 19 13 39 22 13 40 18 13 41 23 14 42 20 14 43 22 14 44 21 15 45 16 15 46 20 15 47 22 16 48 16 16 49 18 16 50 19 17 51 21 17 52 23 17 53 1 18 54 3 18 55 2 18 56 3 19 57 7 19 58 6 19 59 7 20 60 5 20 61 4 20 62 5 21 63 1 21 64 0 21 65 6 22 66 4 22 67 0 22 68 3 23 69 1 23 70 5 23 71 9 24 72 11 24 73 10 24 74 11 25 75 15 25 76 14 25 77 15 26 78 13 26 79 12 26 80 13 27 81 9 27 82 8 27 83 14 28 84 12 28 85 8 28 86 11 29 87 9 29 88 13 29 89 17 30 90 19 30 91 18 30 92 19 31 93 23 31 94 22 31 95 23 32 96 21 32 97 20 32 98 21 33 99 17 33 100 16 33 101 22 34 102 20 34 103 16 34 104 19 35 105 17 35 106 21 35 107</p>
        </triangles>
      </mesh>
    </geometry>
    <geometry id="Cube_016-mesh" name="Cube.016">
      <mesh>
        <source id="Cube_016-mesh-positions">
          <float_array id="Cube_016-mesh-positions-array" count="72">-0.6080306 0.2526003 -1 -0.6080306 0.2526003 -0.3369718 -0.6080306 2.093938 -1 -0.6080306 2.093938 -0.3369718 -0.2201071 0.2526003 -1 -0.2201071 0.2526003 -0.3369718 -0.2201071 2.093938 -1 -0.2201071 2.093938 -0.3369718 -0.5366305 1.074585 -0.3369718 -0.5366305 1.074585 0.3280563 -0.5366305 1.342992 -0.3369718 -0.5366305 1.342992 0.3280563 -0.2682244 1.074585 -0.3369718 -0.2682244 1.074585 0.3280563 -0.2682244 1.342992 -0.3369718 -0.2682244 1.342992 0.3280563 -0.2682242 1.203702 0.252038 -0.2682242 1.203702 0.3424931 -0.2682242 1.342991 0.252038 -0.2682242 1.342991 0.3424931 -0.0636534 1.203702 0.252038 -0.0636534 1.203702 0.3424931 -0.0636534 1.342991 0.252038 -0.0636534 1.342991 0.3424931</float_array>
          <technique_common>
            <accessor source="#Cube_016-mesh-positions-array" count="24" stride="3">
              <param name="X" type="float"/>
              <param name="Y" type="float"/>
              <param name="Z" type="float"/>
            </accessor>
          </technique_common>
        </source>
        <source id="Cube_016-mesh-normals">
          <float_array id="Cube_016-mesh-normals-array" count="108">-1 0 0 0 1 0 1 0 0 0 -1 0 0 0 -1 0 0 1 -1 0 0 0 1 0 1 0 0 0 -1 0 0 0 -1 0 0 1 -1 0 0 0 1 0 1 0 0 0 -1 0 0 0 -1 0 0 1 -1 0 0 0 1 0 1 0 0 0 -1 0 0 0 -1 0 0 1 -1 0 0 0 1 0 1 0 0 0 -1 0 0 0 -1 0 0 1 -1 0 0 0 1 0 1 0 0 0 -1 0 0 0 -1 0 0 1</float_array>
          <technique_common>
            <accessor source="#Cube_016-mesh-normals-array" count="36" stride="3">
              <param name="X" type="float"/>
              <param name="Y" type="float"/>
              <param name="Z" type="float"/>
            </accessor>
          </technique_common>
        </source>
        <source id="Cube_016-mesh-map-0">
          <float_array id="Cube_016-mesh-map-0-array" count="216">0.625 0 0.375 0.25 0.375 0 0.625 0.25 0.375 0.5 0.375 0.25 0.625 0.5 0.375 0.75 0.375 0.5 0.625 0.75 0.375 1 0.375 0.75 0.375 0.5 0.125 0.75 0.125 0.5 0.875 0.5 0.625 0.75 0.625 0.5 0.625 0 0.375 0.25 0.375 0 0.625 0.25 0.375 0.5 0.375 0.25 0.625 0.5 0.375 0.75 0.375 0.5 0.625 0.75 0.375 1 0.375 0.75 0.375 0.5 0.125 0.75 0.125 0.5 0.875 0.5 0.625 0.75 0.625 0.5 0.625 0 0.375 0.25 0.375 0 0.625 0.25 0.375 0.5 0.375 0.25 0.625 0.5 0.375 0.75 0.375 0.5 0.625 0.75 0.375 1 0.375 0.75 0.375 0.5 0.125 0.75 0.125 0.5 0.875 0.5 0.625 0.75 0.625 0.5 0.625 0 0.625 0.25 0.375 0.25 0.625 0.25 0.625 0.5 0.375 0.5 0.625 0.5 0.625 0.75 0.375 0.75 0.625 0.75 0.625 1 0.375 1 0.375 0.5 0.375 0.75 0.125 0.75 0.875 0.5 0.875 0.75 0.625 0.75 0.625 0 0.625 0.25 0.375 0.25 0.625 0.25 0.625 0.5 0.375 0.5 0.625 0.5 0.625 0.75 0.375 0.75 0.625 0.75 0.625 1 0.375 1 0.375 0.5 0.375 0.75 0.125 0.75 0.875 0.5 0.875 0.75 0.625 0.75 0.625 0 0.625 0.25 0.375 0.25 0.625 0.25 0.625 0.5 0.375 0.5 0.625 0.5 0.625 0.75 0.375 0.75 0.625 0.75 0.625 1 0.375 1 0.375 0.5 0.375 0.75 0.125 0.75 0.875 0.5 0.875 0.75 0.625 0.75</float_array>
          <technique_common>
            <accessor source="#Cube_016-mesh-map-0-array" count="108" stride="2">
              <param name="S" type="float"/>
              <param name="T" type="float"/>
            </accessor>
          </technique_common>
        </source>
        <vertices id="Cube_016-mesh-vertices">
          <input semantic="POSITION" source="#Cube_016-mesh-positions"/>
        </vertices>
        <triangles count="36">
          <input semantic="VERTEX" source="#Cube_016-mesh-vertices" offset="0"/>
          <input semantic="NORMAL" source="#Cube_016-mesh-normals" offset="1"/>
          <input semantic="TEXCOORD" source="#Cube_016-mesh-map-0" offset="2" set="0"/>
          <p>1 0 0 2 0 1 0 0 2 3 1 3 6 1 4 2 1 5 7 2 6 4 2 7 6 2 8 5 3 9 0 3 10 4 3 11 6 4 12 0 4 13 2 4 14 3 5 15 5 5 16 7 5 17 9 6 18 10 6 19 8 6 20 11 7 21 14 7 22 10 7 23 15 8 24 12 8 25 14 8 26 13 9 27 8 9 28 12 9 29 14 10 30 8 10 31 10 10 32 11 11 33 13 11 34 15 11 35 17 12 36 18 12 37 16 12 38 19 13 39 22 13 40 18 13 41 23 14 42 20 14 43 22 14 44 21 15 45 16 15 46 20 15 47 22 16 48 16 16 49 18 16 50 19 17 51 21 17 52 23 17 53 1 18 54 3 18 55 2 18 56 3 19 57 7 19 58 6 19 59 7 20 60 5 20 61 4 20 62 5 21 63 1 21 64 0 21 65 6 22 66 4 22 67 0 22 68 3 23 69 1 23 70 5 23 71 9 24 72 11 24 73 10 24 74 11 25 75 15 25 76 14 25 77 15 26 78 13 26 79 12 26 80 13 27 81 9 27 82 8 27 83 14 28 84 12 28 85 8 28 86 11 29 87 9 29 88 13 29 89 17 30 90 19 30 91 18 30 92 19 31 93 23 31 94 22 31 95 23 32 96 21 32 97 20 32 98 21 33 99 17 33 100 16 33 101 22 34 102 20 34 103 16 34 104 19 35 105 17 35 106 21 35 107</p>
        </triangles>
      </mesh>
    </geometry>
    <geometry id="Cube_015-mesh" name="Cube.015">
      <mesh>
        <source id="Cube_015-mesh-positions">
          <float_array id="Cube_015-mesh-positions-array" count="24">-0.4214123 0.8500941 -1 -0.4214123 0.8500941 1.043369 -0.4214123 1.444012 -1 -0.4214123 1.444012 1.043369 0.2884543 0.8500941 -1 0.2884543 0.8500941 1.043369 0.2884543 1.444012 -1 0.2884543 1.444012 1.043369</float_array>
          <technique_common>
            <accessor source="#Cube_015-mesh-positions-array" count="8" stride="3">
              <param name="X" type="float"/>
              <param name="Y" type="float"/>
              <param name="Z" type="float"/>
            </accessor>
          </technique_common>
        </source>
        <source id="Cube_015-mesh-normals">
          <float_array id="Cube_015-mesh-normals-array" count="36">-1 0 0 0 1 0 1 0 0 0 -1 0 0 0 -1 0 0 1 -1 0 0 0 1 0 1 0 0 0 -1 0 0 0 -1 0 0 1</float_array>
          <technique_common>
            <accessor source="#Cube_015-mesh-normals-array" count="12" stride="3">
              <param name="X" type="float"/>
              <param name="Y" type="float"/>
              <param name="Z" type="float"/>
            </accessor>
          </technique_common>
        </source>
        <source id="Cube_015-mesh-map-0">
          <float_array id="Cube_015-mesh-map-0-array" count="72">0.625 0 0.375 0.25 0.375 0 0.625 0.25 0.375 0.5 0.375 0.25 0.625 0.5 0.375 0.75 0.375 0.5 0.625 0.75 0.375 1 0.375 0.75 0.375 0.5 0.125 0.75 0.125 0.5 0.875 0.5 0.625 0.75 0.625 0.5 0.625 0 0.625 0.25 0.375 0.25 0.625 0.25 0.625 0.5 0.375 0.5 0.625 0.5 0.625 0.75 0.375 0.75 0.625 0.75 0.625 1 0.375 1 0.375 0.5 0.375 0.75 0.125 0.75 0.875 0.5 0.875 0.75 0.625 0.75</float_array>
          <technique_common>
            <accessor source="#Cube_015-mesh-map-0-array" count="36" stride="2">
              <param name="S" type="float"/>
              <param name="T" type="float"/>
            </accessor>
          </technique_common>
        </source>
        <vertices id="Cube_015-mesh-vertices">
          <input semantic="POSITION" source="#Cube_015-mesh-positions"/>
        </vertices>
        <triangles count="12">
          <input semantic="VERTEX" source="#Cube_015-mesh-vertices" offset="0"/>
          <input semantic="NORMAL" source="#Cube_015-mesh-normals" offset="1"/>
          <input semantic="TEXCOORD" source="#Cube_015-mesh-map-0" offset="2" set="0"/>
          <p>1 0 0 2 0 1 0 0 2 3 1 3 6 1 4 2 1 5 7 2 6 4 2 7 6 2 8 5 3 9 0 3 10 4 3 11 6 4 12 0 4 13 2 4 14 3 5 15 5 5 16 7 5 17 1 6 18 3 6 19 2 6 20 3 7 21 7 7 22 6 7 23 7 8 24 5 8 25 4 8 26 5 9 27 1 9 28 0 9 29 6 10 30 4 10 31 0 10 32 3 11 33 1 11 34 5 11 35</p>
        </triangles>
      </mesh>
    </geometry>
    <geometry id="Cube_014-mesh" name="Cube.014">
      <mesh>
        <source id="Cube_014-mesh-positions">
          <float_array id="Cube_014-mesh-positions-array" count="24">-1.09084 0.6383368 -1 -1.09084 0.6383368 0.3062791 -1.09084 1.444012 -1 -1.09084 1.444012 0.3062791 1.292319 0.6383368 -1 1.292319 0.6383368 0.3062791 1.292319 1.444012 -1 1.292319 1.444012 0.3062791</float_array>
          <technique_common>
            <accessor source="#Cube_014-mesh-positions-array" count="8" stride="3">
              <param name="X" type="float"/>
              <param name="Y" type="float"/>
              <param name="Z" type="float"/>
            </accessor>
          </technique_common>
        </source>
        <source id="Cube_014-mesh-normals">
          <float_array id="Cube_014-mesh-normals-array" count="36">-1 0 0 0 1 0 1 0 0 0 -1 0 0 0 -1 0 0 1 -1 0 0 0 1 0 1 0 0 0 -1 0 0 0 -1 0 0 1</float_array>
          <technique_common>
            <accessor source="#Cube_014-mesh-normals-array" count="12" stride="3">
              <param name="X" type="float"/>
              <param name="Y" type="float"/>
              <param name="Z" type="float"/>
            </accessor>
          </technique_common>
        </source>
        <source id="Cube_014-mesh-map-0">
          <float_array id="Cube_014-mesh-map-0-array" count="72">0.625 0 0.375 0.25 0.375 0 0.625 0.25 0.375 0.5 0.375 0.25 0.625 0.5 0.375 0.75 0.375 0.5 0.625 0.75 0.375 1 0.375 0.75 0.375 0.5 0.125 0.75 0.125 0.5 0.875 0.5 0.625 0.75 0.625 0.5 0.625 0 0.625 0.25 0.375 0.25 0.625 0.25 0.625 0.5 0.375 0.5 0.625 0.5 0.625 0.75 0.375 0.75 0.625 0.75 0.625 1 0.375 1 0.375 0.5 0.375 0.75 0.125 0.75 0.875 0.5 0.875 0.75 0.625 0.75</float_array>
          <technique_common>
            <accessor source="#Cube_014-mesh-map-0-array" count="36" stride="2">
              <param name="S" type="float"/>
              <param name="T" type="float"/>
            </accessor>
          </technique_common>
        </source>
        <vertices id="Cube_014-mesh-vertices">
          <input semantic="POSITION" source="#Cube_014-mesh-positions"/>
        </vertices>
        <triangles count="12">
          <input semantic="VERTEX" source="#Cube_014-mesh-vertices" offset="0"/>
          <input semantic="NORMAL" source="#Cube_014-mesh-normals" offset="1"/>
          <input semantic="TEXCOORD" source="#Cube_014-mesh-map-0" offset="2" set="0"/>
          <p>1 0 0 2 0 1 0 0 2 3 1 3 6 1 4 2 1 5 7 2 6 4 2 7 6 2 8 5 3 9 0 3 10 4 3 11 6 4 12 0 4 13 2 4 14 3 5 15 5 5 16 7 5 17 1 6 18 3 6 19 2 6 20 3 7 21 7 7 22 6 7 23 7 8 24 5 8 25 4 8 26 5 9 27 1 9 28 0 9 29 6 10 30 4 10 31 0 10 32 3 11 33 1 11 34 5 11 35</p>
        </triangles>
      </mesh>
    </geometry>
    <geometry id="Cube_013-mesh" name="Cube.013">
      <mesh>
        <source id="Cube_013-mesh-positions">
          <float_array id="Cube_013-mesh-positions-array" count="24">-1.09084 0.6383368 -1 -1.09084 0.6383368 0.3062791 -1.09084 1.444012 -1 -1.09084 1.444012 0.3062791 1.292319 0.6383368 -1 1.292319 0.6383368 0.3062791 1.292319 1.444012 -1 1.292319 1.444012 0.3062791</float_array>
          <technique_common>
            <accessor source="#Cube_013-mesh-positions-array" count="8" stride="3">
              <param name="X" type="float"/>
              <param name="Y" type="float"/>
              <param name="Z" type="float"/>
            </accessor>
          </technique_common>
        </source>
        <source id="Cube_013-mesh-normals">
          <float_array id="Cube_013-mesh-normals-array" count="36">-1 0 0 0 1 0 1 0 0 0 -1 0 0 0 -1 0 0 1 -1 0 0 0 1 0 1 0 0 0 -1 0 0 0 -1 0 0 1</float_array>
          <technique_common>
            <accessor source="#Cube_013-mesh-normals-array" count="12" stride="3">
              <param name="X" type="float"/>
              <param name="Y" type="float"/>
              <param name="Z" type="float"/>
            </accessor>
          </technique_common>
        </source>
        <source id="Cube_013-mesh-map-0">
          <float_array id="Cube_013-mesh-map-0-array" count="72">0.625 0 0.375 0.25 0.375 0 0.625 0.25 0.375 0.5 0.375 0.25 0.625 0.5 0.375 0.75 0.375 0.5 0.625 0.75 0.375 1 0.375 0.75 0.375 0.5 0.125 0.75 0.125 0.5 0.875 0.5 0.625 0.75 0.625 0.5 0.625 0 0.625 0.25 0.375 0.25 0.625 0.25 0.625 0.5 0.375 0.5 0.625 0.5 0.625 0.75 0.375 0.75 0.625 0.75 0.625 1 0.375 1 0.375 0.5 0.375 0.75 0.125 0.75 0.875 0.5 0.875 0.75 0.625 0.75</float_array>
          <technique_common>
            <accessor source="#Cube_013-mesh-map-0-array" count="36" stride="2">
              <param name="S" type="float"/>
              <param name="T" type="float"/>
            </accessor>
          </technique_common>
        </source>
        <vertices id="Cube_013-mesh-vertices">
          <input semantic="POSITION" source="#Cube_013-mesh-positions"/>
        </vertices>
        <triangles count="12">
          <input semantic="VERTEX" source="#Cube_013-mesh-vertices" offset="0"/>
          <input semantic="NORMAL" source="#Cube_013-mesh-normals" offset="1"/>
          <input semantic="TEXCOORD" source="#Cube_013-mesh-map-0" offset="2" set="0"/>
          <p>1 0 0 2 0 1 0 0 2 3 1 3 6 1 4 2 1 5 7 2 6 4 2 7 6 2 8 5 3 9 0 3 10 4 3 11 6 4 12 0 4 13 2 4 14 3 5 15 5 5 16 7 5 17 1 6 18 3 6 19 2 6 20 3 7 21 7 7 22 6 7 23 7 8 24 5 8 25 4 8 26 5 9 27 1 9 28 0 9 29 6 10 30 4 10 31 0 10 32 3 11 33 1 11 34 5 11 35</p>
        </triangles>
      </mesh>
    </geometry>
    <geometry id="Cube_012-mesh" name="Cube.012">
      <mesh>
        <source id="Cube_012-mesh-positions">
          <float_array id="Cube_012-mesh-positions-array" count="24">-1.09084 0.6358627 -1 -1.09084 0.6358627 0.6486662 -1.09084 1.444012 -1 -1.09084 1.444012 0.6486662 0.8154367 0.6358627 -1 0.8154367 0.6358627 0.6486662 0.8154367 1.444012 -1 0.8154367 1.444012 0.6486662</float_array>
          <technique_common>
            <accessor source="#Cube_012-mesh-positions-array" count="8" stride="3">
              <param name="X" type="float"/>
              <param name="Y" type="float"/>
              <param name="Z" type="float"/>
            </accessor>
          </technique_common>
        </source>
        <source id="Cube_012-mesh-normals">
          <float_array id="Cube_012-mesh-normals-array" count="36">-1 0 0 0 1 0 1 0 0 0 -1 0 0 0 -1 0 0 1 -1 0 0 0 1 0 1 0 0 0 -1 0 0 0 -1 0 0 1</float_array>
          <technique_common>
            <accessor source="#Cube_012-mesh-normals-array" count="12" stride="3">
              <param name="X" type="float"/>
              <param name="Y" type="float"/>
              <param name="Z" type="float"/>
            </accessor>
          </technique_common>
        </source>
        <source id="Cube_012-mesh-map-0">
          <float_array id="Cube_012-mesh-map-0-array" count="72">0.625 0 0.375 0.25 0.375 0 0.625 0.25 0.375 0.5 0.375 0.25 0.625 0.5 0.375 0.75 0.375 0.5 0.625 0.75 0.375 1 0.375 0.75 0.375 0.5 0.125 0.75 0.125 0.5 0.875 0.5 0.625 0.75 0.625 0.5 0.625 0 0.625 0.25 0.375 0.25 0.625 0.25 0.625 0.5 0.375 0.5 0.625 0.5 0.625 0.75 0.375 0.75 0.625 0.75 0.625 1 0.375 1 0.375 0.5 0.375 0.75 0.125 0.75 0.875 0.5 0.875 0.75 0.625 0.75</float_array>
          <technique_common>
            <accessor source="#Cube_012-mesh-map-0-array" count="36" stride="2">
              <param name="S" type="float"/>
              <param name="T" type="float"/>
            </accessor>
          </technique_common>
        </source>
        <vertices id="Cube_012-mesh-vertices">
          <input semantic="POSITION" source="#Cube_012-mesh-positions"/>
        </vertices>
        <triangles count="12">
          <input semantic="VERTEX" source="#Cube_012-mesh-vertices" offset="0"/>
          <input semantic="NORMAL" source="#Cube_012-mesh-normals" offset="1"/>
          <input semantic="TEXCOORD" source="#Cube_012-mesh-map-0" offset="2" set="0"/>
          <p>1 0 0 2 0 1 0 0 2 3 1 3 6 1 4 2 1 5 7 2 6 4 2 7 6 2 8 5 3 9 0 3 10 4 3 11 6 4 12 0 4 13 2 4 14 3 5 15 5 5 16 7 5 17 1 6 18 3 6 19 2 6 20 3 7 21 7 7 22 6 7 23 7 8 24 5 8 25 4 8 26 5 9 27 1 9 28 0 9 29 6 10 30 4 10 31 0 10 32 3 11 33 1 11 34 5 11 35</p>
        </triangles>
      </mesh>
    </geometry>
    <geometry id="Cube_011-mesh" name="Cube.011">
      <mesh>
        <source id="Cube_011-mesh-positions">
          <float_array id="Cube_011-mesh-positions-array" count="24">-1.09084 0.7541197 -1 -1.09084 0.7541197 -0.0671544 -1.09084 1.444012 -1 -1.09084 1.444012 -0.0671544 0.2884543 0.7541197 -1 0.2884543 0.7541197 -0.0671544 0.2884543 1.444012 -1 0.2884543 1.444012 -0.0671544</float_array>
          <technique_common>
            <accessor source="#Cube_011-mesh-positions-array" count="8" stride="3">
              <param name="X" type="float"/>
              <param name="Y" type="float"/>
              <param name="Z" type="float"/>
            </accessor>
          </technique_common>
        </source>
        <source id="Cube_011-mesh-normals">
          <float_array id="Cube_011-mesh-normals-array" count="36">-1 0 0 0 1 0 1 0 0 0 -1 0 0 0 -1 0 0 1 -1 0 0 0 1 0 1 0 0 0 -1 0 0 0 -1 0 0 1</float_array>
          <technique_common>
            <accessor source="#Cube_011-mesh-normals-array" count="12" stride="3">
              <param name="X" type="float"/>
              <param name="Y" type="float"/>
              <param name="Z" type="float"/>
            </accessor>
          </technique_common>
        </source>
        <source id="Cube_011-mesh-map-0">
          <float_array id="Cube_011-mesh-map-0-array" count="72">0.625 0 0.375 0.25 0.375 0 0.625 0.25 0.375 0.5 0.375 0.25 0.625 0.5 0.375 0.75 0.375 0.5 0.625 0.75 0.375 1 0.375 0.75 0.375 0.5 0.125 0.75 0.125 0.5 0.875 0.5 0.625 0.75 0.625 0.5 0.625 0 0.625 0.25 0.375 0.25 0.625 0.25 0.625 0.5 0.375 0.5 0.625 0.5 0.625 0.75 0.375 0.75 0.625 0.75 0.625 1 0.375 1 0.375 0.5 0.375 0.75 0.125 0.75 0.875 0.5 0.875 0.75 0.625 0.75</float_array>
          <technique_common>
            <accessor source="#Cube_011-mesh-map-0-array" count="36" stride="2">
              <param name="S" type="float"/>
              <param name="T" type="float"/>
            </accessor>
          </technique_common>
        </source>
        <vertices id="Cube_011-mesh-vertices">
          <input semantic="POSITION" source="#Cube_011-mesh-positions"/>
        </vertices>
        <triangles count="12">
          <input semantic="VERTEX" source="#Cube_011-mesh-vertices" offset="0"/>
          <input semantic="NORMAL" source="#Cube_011-mesh-normals" offset="1"/>
          <input semantic="TEXCOORD" source="#Cube_011-mesh-map-0" offset="2" set="0"/>
          <p>1 0 0 2 0 1 0 0 2 3 1 3 6 1 4 2 1 5 7 2 6 4 2 7 6 2 8 5 3 9 0 3 10 4 3 11 6 4 12 0 4 13 2 4 14 3 5 15 5 5 16 7 5 17 1 6 18 3 6 19 2 6 20 3 7 21 7 7 22 6 7 23 7 8 24 5 8 25 4 8 26 5 9 27 1 9 28 0 9 29 6 10 30 4 10 31 0 10 32 3 11 33 1 11 34 5 11 35</p>
        </triangles>
      </mesh>
    </geometry>
    <geometry id="Cube_008-mesh" name="Cube.008">
      <mesh>
        <source id="Cube_008-mesh-positions">
          <float_array id="Cube_008-mesh-positions-array" count="24">-2.139529 0.6065206 -1 -2.139529 0.6065206 0.99355 -2.139529 1.357658 -1 -2.139529 1.357658 0.99355 -0.7198249 0.6065206 -1 -0.7198249 0.6065206 0.99355 -0.7198249 1.357658 -1 -0.7198249 1.357658 0.99355</float_array>
          <technique_common>
            <accessor source="#Cube_008-mesh-positions-array" count="8" stride="3">
              <param name="X" type="float"/>
              <param name="Y" type="float"/>
              <param name="Z" type="float"/>
            </accessor>
          </technique_common>
        </source>
        <source id="Cube_008-mesh-normals">
          <float_array id="Cube_008-mesh-normals-array" count="36">-1 0 0 0 1 0 1 0 0 0 -1 0 0 0 -1 0 0 1 -1 0 0 0 1 0 1 0 0 0 -1 0 0 0 -1 0 0 1</float_array>
          <technique_common>
            <accessor source="#Cube_008-mesh-normals-array" count="12" stride="3">
              <param name="X" type="float"/>
              <param name="Y" type="float"/>
              <param name="Z" type="float"/>
            </accessor>
          </technique_common>
        </source>
        <source id="Cube_008-mesh-map-0">
          <float_array id="Cube_008-mesh-map-0-array" count="72">0.625 0 0.375 0.25 0.375 0 0.625 0.25 0.375 0.5 0.375 0.25 0.625 0.5 0.375 0.75 0.375 0.5 0.625 0.75 0.375 1 0.375 0.75 0.375 0.5 0.125 0.75 0.125 0.5 0.875 0.5 0.625 0.75 0.625 0.5 0.625 0 0.625 0.25 0.375 0.25 0.625 0.25 0.625 0.5 0.375 0.5 0.625 0.5 0.625 0.75 0.375 0.75 0.625 0.75 0.625 1 0.375 1 0.375 0.5 0.375 0.75 0.125 0.75 0.875 0.5 0.875 0.75 0.625 0.75</float_array>
          <technique_common>
            <accessor source="#Cube_008-mesh-map-0-array" count="36" stride="2">
              <param name="S" type="float"/>
              <param name="T" type="float"/>
            </accessor>
          </technique_common>
        </source>
        <vertices id="Cube_008-mesh-vertices">
          <input semantic="POSITION" source="#Cube_008-mesh-positions"/>
        </vertices>
        <triangles count="12">
          <input semantic="VERTEX" source="#Cube_008-mesh-vertices" offset="0"/>
          <input semantic="NORMAL" source="#Cube_008-mesh-normals" offset="1"/>
          <input semantic="TEXCOORD" source="#Cube_008-mesh-map-0" offset="2" set="0"/>
          <p>1 0 0 2 0 1 0 0 2 3 1 3 6 1 4 2 1 5 7 2 6 4 2 7 6 2 8 5 3 9 0 3 10 4 3 11 6 4 12 0 4 13 2 4 14 3 5 15 5 5 16 7 5 17 1 6 18 3 6 19 2 6 20 3 7 21 7 7 22 6 7 23 7 8 24 5 8 25 4 8 26 5 9 27 1 9 28 0 9 29 6 10 30 4 10 31 0 10 32 3 11 33 1 11 34 5 11 35</p>
        </triangles>
      </mesh>
    </geometry>
    <geometry id="Cube_007-mesh" name="Cube.007">
      <mesh>
        <source id="Cube_007-mesh-positions">
          <float_array id="Cube_007-mesh-positions-array" count="24">-1.09084 0.5581106 -1 -1.09084 0.5581106 0.7491957 -1.09084 1.444012 -1 -1.09084 1.444012 0.7491957 -0.7332559 0.5581106 -1 -0.7332559 0.5581106 0.7491957 -0.7332559 1.444012 -1 -0.7332559 1.444012 0.7491957</float_array>
          <technique_common>
            <accessor source="#Cube_007-mesh-positions-array" count="8" stride="3">
              <param name="X" type="float"/>
              <param name="Y" type="float"/>
              <param name="Z" type="float"/>
            </accessor>
          </technique_common>
        </source>
        <source id="Cube_007-mesh-normals">
          <float_array id="Cube_007-mesh-normals-array" count="36">-1 0 0 0 1 0 1 0 0 0 -1 0 0 0 -1 0 0 1 -1 0 0 0 1 0 1 0 0 0 -1 0 0 0 -1 0 0 1</float_array>
          <technique_common>
            <accessor source="#Cube_007-mesh-normals-array" count="12" stride="3">
              <param name="X" type="float"/>
              <param name="Y" type="float"/>
              <param name="Z" type="float"/>
            </accessor>
          </technique_common>
        </source>
        <source id="Cube_007-mesh-map-0">
          <float_array id="Cube_007-mesh-map-0-array" count="72">0.625 0 0.375 0.25 0.375 0 0.625 0.25 0.375 0.5 0.375 0.25 0.625 0.5 0.375 0.75 0.375 0.5 0.625 0.75 0.375 1 0.375 0.75 0.375 0.5 0.125 0.75 0.125 0.5 0.875 0.5 0.625 0.75 0.625 0.5 0.625 0 0.625 0.25 0.375 0.25 0.625 0.25 0.625 0.5 0.375 0.5 0.625 0.5 0.625 0.75 0.375 0.75 0.625 0.75 0.625 1 0.375 1 0.375 0.5 0.375 0.75 0.125 0.75 0.875 0.5 0.875 0.75 0.625 0.75</float_array>
          <technique_common>
            <accessor source="#Cube_007-mesh-map-0-array" count="36" stride="2">
              <param name="S" type="float"/>
              <param name="T" type="float"/>
            </accessor>
          </technique_common>
        </source>
        <vertices id="Cube_007-mesh-vertices">
          <input semantic="POSITION" source="#Cube_007-mesh-positions"/>
        </vertices>
        <triangles count="12">
          <input semantic="VERTEX" source="#Cube_007-mesh-vertices" offset="0"/>
          <input semantic="NORMAL" source="#Cube_007-mesh-normals" offset="1"/>
          <input semantic="TEXCOORD" source="#Cube_007-mesh-map-0" offset="2" set="0"/>
          <p>1 0 0 2 0 1 0 0 2 3 1 3 6 1 4 2 1 5 7 2 6 4 2 7 6 2 8 5 3 9 0 3 10 4 3 11 6 4 12 0 4 13 2 4 14 3 5 15 5 5 16 7 5 17 1 6 18 3 6 19 2 6 20 3 7 21 7 7 22 6 7 23 7 8 24 5 8 25 4 8 26 5 9 27 1 9 28 0 9 29 6 10 30 4 10 31 0 10 32 3 11 33 1 11 34 5 11 35</p>
        </triangles>
      </mesh>
    </geometry>
    <geometry id="Cube_006-mesh" name="Cube.006">
      <mesh>
        <source id="Cube_006-mesh-positions">
          <float_array id="Cube_006-mesh-positions-array" count="24">-1.09084 0.5587087 -1 -1.09084 0.5587087 0.7432405 -1.09084 1.444012 -1 -1.09084 1.444012 0.7432405 -0.7381402 0.5587087 -1 -0.7381402 0.5587087 0.7432405 -0.7381402 1.444012 -1 -0.7381402 1.444012 0.7432405</float_array>
          <technique_common>
            <accessor source="#Cube_006-mesh-positions-array" count="8" stride="3">
              <param name="X" type="float"/>
              <param name="Y" type="float"/>
              <param name="Z" type="float"/>
            </accessor>
          </technique_common>
        </source>
        <source id="Cube_006-mesh-normals">
          <float_array id="Cube_006-mesh-normals-array" count="36">-1 0 0 0 1 0 1 0 0 0 -1 0 0 0 -1 0 0 1 -1 0 0 0 1 0 1 0 0 0 -1 0 0 0 -1 0 0 1</float_array>
          <technique_common>
            <accessor source="#Cube_006-mesh-normals-array" count="12" stride="3">
              <param name="X" type="float"/>
              <param name="Y" type="float"/>
              <param name="Z" type="float"/>
            </accessor>
          </technique_common>
        </source>
        <source id="Cube_006-mesh-map-0">
          <float_array id="Cube_006-mesh-map-0-array" count="72">0.625 0 0.375 0.25 0.375 0 0.625 0.25 0.375 0.5 0.375 0.25 0.625 0.5 0.375 0.75 0.375 0.5 0.625 0.75 0.375 1 0.375 0.75 0.375 0.5 0.125 0.75 0.125 0.5 0.875 0.5 0.625 0.75 0.625 0.5 0.625 0 0.625 0.25 0.375 0.25 0.625 0.25 0.625 0.5 0.375 0.5 0.625 0.5 0.625 0.75 0.375 0.75 0.625 0.75 0.625 1 0.375 1 0.375 0.5 0.375 0.75 0.125 0.75 0.875 0.5 0.875 0.75 0.625 0.75</float_array>
          <technique_common>
            <accessor source="#Cube_006-mesh-map-0-array" count="36" stride="2">
              <param name="S" type="float"/>
              <param name="T" type="float"/>
            </accessor>
          </technique_common>
        </source>
        <vertices id="Cube_006-mesh-vertices">
          <input semantic="POSITION" source="#Cube_006-mesh-positions"/>
        </vertices>
        <triangles count="12">
          <input semantic="VERTEX" source="#Cube_006-mesh-vertices" offset="0"/>
          <input semantic="NORMAL" source="#Cube_006-mesh-normals" offset="1"/>
          <input semantic="TEXCOORD" source="#Cube_006-mesh-map-0" offset="2" set="0"/>
          <p>1 0 0 2 0 1 0 0 2 3 1 3 6 1 4 2 1 5 7 2 6 4 2 7 6 2 8 5 3 9 0 3 10 4 3 11 6 4 12 0 4 13 2 4 14 3 5 15 5 5 16 7 5 17 1 6 18 3 6 19 2 6 20 3 7 21 7 7 22 6 7 23 7 8 24 5 8 25 4 8 26 5 9 27 1 9 28 0 9 29 6 10 30 4 10 31 0 10 32 3 11 33 1 11 34 5 11 35</p>
        </triangles>
      </mesh>
    </geometry>
    <geometry id="Cube_005-mesh" name="Cube.005">
      <mesh>
        <source id="Cube_005-mesh-positions">
          <float_array id="Cube_005-mesh-positions-array" count="24">-1.09084 0.2277318 -1 -1.09084 0.2277318 1.024958 -1.09084 1.444012 -1 -1.09084 1.444012 1.024958 -0.2201071 0.2277318 -1 -0.2201071 0.2277318 1.024958 -0.2201071 1.444012 -1 -0.2201071 1.444012 1.024958</float_array>
          <technique_common>
            <accessor source="#Cube_005-mesh-positions-array" count="8" stride="3">
              <param name="X" type="float"/>
              <param name="Y" type="float"/>
              <param name="Z" type="float"/>
            </accessor>
          </technique_common>
        </source>
        <source id="Cube_005-mesh-normals">
          <float_array id="Cube_005-mesh-normals-array" count="36">-1 0 0 0 1 0 1 0 0 0 -1 0 0 0 -1 0 0 1 -1 0 0 0 1 0 1 0 0 0 -1 0 0 0 -1 0 0 1</float_array>
          <technique_common>
            <accessor source="#Cube_005-mesh-normals-array" count="12" stride="3">
              <param name="X" type="float"/>
              <param name="Y" type="float"/>
              <param name="Z" type="float"/>
            </accessor>
          </technique_common>
        </source>
        <source id="Cube_005-mesh-map-0">
          <float_array id="Cube_005-mesh-map-0-array" count="72">0.625 0 0.375 0.25 0.375 0 0.625 0.25 0.375 0.5 0.375 0.25 0.625 0.5 0.375 0.75 0.375 0.5 0.625 0.75 0.375 1 0.375 0.75 0.375 0.5 0.125 0.75 0.125 0.5 0.875 0.5 0.625 0.75 0.625 0.5 0.625 0 0.625 0.25 0.375 0.25 0.625 0.25 0.625 0.5 0.375 0.5 0.625 0.5 0.625 0.75 0.375 0.75 0.625 0.75 0.625 1 0.375 1 0.375 0.5 0.375 0.75 0.125 0.75 0.875 0.5 0.875 0.75 0.625 0.75</float_array>
          <technique_common>
            <accessor source="#Cube_005-mesh-map-0-array" count="36" stride="2">
              <param name="S" type="float"/>
              <param name="T" type="float"/>
            </accessor>
          </technique_common>
        </source>
        <vertices id="Cube_005-mesh-vertices">
          <input semantic="POSITION" source="#Cube_005-mesh-positions"/>
        </vertices>
        <triangles count="12">
          <input semantic="VERTEX" source="#Cube_005-mesh-vertices" offset="0"/>
          <input semantic="NORMAL" source="#Cube_005-mesh-normals" offset="1"/>
          <input semantic="TEXCOORD" source="#Cube_005-mesh-map-0" offset="2" set="0"/>
          <p>1 0 0 2 0 1 0 0 2 3 1 3 6 1 4 2 1 5 7 2 6 4 2 7 6 2 8 5 3 9 0 3 10 4 3 11 6 4 12 0 4 13 2 4 14 3 5 15 5 5 16 7 5 17 1 6 18 3 6 19 2 6 20 3 7 21 7 7 22 6 7 23 7 8 24 5 8 25 4 8 26 5 9 27 1 9 28 0 9 29 6 10 30 4 10 31 0 10 32 3 11 33 1 11 34 5 11 35</p>
        </triangles>
      </mesh>
    </geometry>
    <geometry id="Cube_003-mesh" name="Cube.003">
      <mesh>
        <source id="Cube_003-mesh-positions">
          <float_array id="Cube_003-mesh-positions-array" count="24">-1 0.2277318 -1 -1 0.2277318 0.4075334 -1 1.371467 -1 -1 1.371467 0.4075334 -0.2201071 0.2277318 -1 -0.2201071 0.2277318 0.4075334 -0.2201071 1.371467 -1 -0.2201071 1.371467 0.4075334</float_array>
          <technique_common>
            <accessor source="#Cube_003-mesh-positions-array" count="8" stride="3">
              <param name="X" type="float"/>
              <param name="Y" type="float"/>
              <param name="Z" type="float"/>
            </accessor>
          </technique_common>
        </source>
        <source id="Cube_003-mesh-normals">
          <float_array id="Cube_003-mesh-normals-array" count="36">-1 0 0 0 1 0 1 0 0 0 -1 0 0 0 -1 0 0 1 -1 0 0 0 1 0 1 0 0 0 -1 0 0 0 -1 0 0 1</float_array>
          <technique_common>
            <accessor source="#Cube_003-mesh-normals-array" count="12" stride="3">
              <param name="X" type="float"/>
              <param name="Y" type="float"/>
              <param name="Z" type="float"/>
            </accessor>
          </technique_common>
        </source>
        <source id="Cube_003-mesh-map-0">
          <float_array id="Cube_003-mesh-map-0-array" count="72">0.625 0 0.375 0.25 0.375 0 0.625 0.25 0.375 0.5 0.375 0.25 0.625 0.5 0.375 0.75 0.375 0.5 0.625 0.75 0.375 1 0.375 0.75 0.375 0.5 0.125 0.75 0.125 0.5 0.875 0.5 0.625 0.75 0.625 0.5 0.625 0 0.625 0.25 0.375 0.25 0.625 0.25 0.625 0.5 0.375 0.5 0.625 0.5 0.625 0.75 0.375 0.75 0.625 0.75 0.625 1 0.375 1 0.375 0.5 0.375 0.75 0.125 0.75 0.875 0.5 0.875 0.75 0.625 0.75</float_array>
          <technique_common>
            <accessor source="#Cube_003-mesh-map-0-array" count="36" stride="2">
              <param name="S" type="float"/>
              <param name="T" type="float"/>
            </accessor>
          </technique_common>
        </source>
        <vertices id="Cube_003-mesh-vertices">
          <input semantic="POSITION" source="#Cube_003-mesh-positions"/>
        </vertices>
        <triangles count="12">
          <input semantic="VERTEX" source="#Cube_003-mesh-vertices" offset="0"/>
          <input semantic="NORMAL" source="#Cube_003-mesh-normals" offset="1"/>
          <input semantic="TEXCOORD" source="#Cube_003-mesh-map-0" offset="2" set="0"/>
          <p>1 0 0 2 0 1 0 0 2 3 1 3 6 1 4 2 1 5 7 2 6 4 2 7 6 2 8 5 3 9 0 3 10 4 3 11 6 4 12 0 4 13 2 4 14 3 5 15 5 5 16 7 5 17 1 6 18 3 6 19 2 6 20 3 7 21 7 7 22 6 7 23 7 8 24 5 8 25 4 8 26 5 9 27 1 9 28 0 9 29 6 10 30 4 10 31 0 10 32 3 11 33 1 11 34 5 11 35</p>
        </triangles>
      </mesh>
    </geometry>
    <geometry id="Cube_001-mesh" name="Cube.001">
      <mesh>
        <source id="Cube_001-mesh-positions">
          <float_array id="Cube_001-mesh-positions-array" count="24">-1 0.2277318 -1 -1 0.2277318 1 -1 0.9950082 -1 -1 0.9950082 1 0.5869457 0.2277318 -1 0.5869457 0.2277318 1 0.5869457 0.9950082 -1 0.5869457 0.9950082 1</float_array>
          <technique_common>
            <accessor source="#Cube_001-mesh-positions-array" count="8" stride="3">
              <param name="X" type="float"/>
              <param name="Y" type="float"/>
              <param name="Z" type="float"/>
            </accessor>
          </technique_common>
        </source>
        <source id="Cube_001-mesh-normals">
          <float_array id="Cube_001-mesh-normals-array" count="36">-1 0 0 0 1 0 1 0 0 0 -1 0 0 0 -1 0 0 1 -1 0 0 0 1 0 1 0 0 0 -1 0 0 0 -1 0 0 1</float_array>
          <technique_common>
            <accessor source="#Cube_001-mesh-normals-array" count="12" stride="3">
              <param name="X" type="float"/>
              <param name="Y" type="float"/>
              <param name="Z" type="float"/>
            </accessor>
          </technique_common>
        </source>
        <source id="Cube_001-mesh-map-0">
          <float_array id="Cube_001-mesh-map-0-array" count="72">0.625 0 0.375 0.25 0.375 0 0.625 0.25 0.375 0.5 0.375 0.25 0.625 0.5 0.375 0.75 0.375 0.5 0.625 0.75 0.375 1 0.375 0.75 0.375 0.5 0.125 0.75 0.125 0.5 0.875 0.5 0.625 0.75 0.625 0.5 0.625 0 0.625 0.25 0.375 0.25 0.625 0.25 0.625 0.5 0.375 0.5 0.625 0.5 0.625 0.75 0.375 0.75 0.625 0.75 0.625 1 0.375 1 0.375 0.5 0.375 0.75 0.125 0.75 0.875 0.5 0.875 0.75 0.625 0.75</float_array>
          <technique_common>
            <accessor source="#Cube_001-mesh-map-0-array" count="36" stride="2">
              <param name="S" type="float"/>
              <param name="T" type="float"/>
            </accessor>
          </technique_common>
        </source>
        <vertices id="Cube_001-mesh-vertices">
          <input semantic="POSITION" source="#Cube_001-mesh-positions"/>
        </vertices>
        <triangles count="12">
          <input semantic="VERTEX" source="#Cube_001-mesh-vertices" offset="0"/>
          <input semantic="NORMAL" source="#Cube_001-mesh-normals" offset="1"/>
          <input semantic="TEXCOORD" source="#Cube_001-mesh-map-0" offset="2" set="0"/>
          <p>1 0 0 2 0 1 0 0 2 3 1 3 6 1 4 2 1 5 7 2 6 4 2 7 6 2 8 5 3 9 0 3 10 4 3 11 6 4 12 0 4 13 2 4 14 3 5 15 5 5 16 7 5 17 1 6 18 3 6 19 2 6 20 3 7 21 7 7 22 6 7 23 7 8 24 5 8 25 4 8 26 5 9 27 1 9 28 0 9 29 6 10 30 4 10 31 0 10 32 3 11 33 1 11 34 5 11 35</p>
        </triangles>
      </mesh>
    </geometry>
    <geometry id="Cube-mesh" name="Cube">
      <mesh>
        <source id="Cube-mesh-positions">
          <float_array id="Cube-mesh-positions-array" count="24">0.6857846 1.125313 -1.152446 0.6857846 1.125313 -0.2974202 0.6857846 2.348235 -1.152446 0.6857846 2.348235 -0.2974202 7.444681 1.125313 -1.152446 7.444681 1.125313 -0.2974202 7.444681 2.348235 -1.152446 7.444681 2.348235 -0.2974202</float_array>
          <technique_common>
            <accessor source="#Cube-mesh-positions-array" count="8" stride="3">
              <param name="X" type="float"/>
              <param name="Y" type="float"/>
              <param name="Z" type="float"/>
            </accessor>
          </technique_common>
        </source>
        <source id="Cube-mesh-normals">
          <float_array id="Cube-mesh-normals-array" count="36">-1 0 0 0 1 0 1 0 0 0 -1 0 0 0 -1 0 0 1 -1 0 0 0 1 0 1 0 0 0 -1 0 0 0 -1 0 0 1</float_array>
          <technique_common>
            <accessor source="#Cube-mesh-normals-array" count="12" stride="3">
              <param name="X" type="float"/>
              <param name="Y" type="float"/>
              <param name="Z" type="float"/>
            </accessor>
          </technique_common>
        </source>
        <source id="Cube-mesh-map-0">
          <float_array id="Cube-mesh-map-0-array" count="72">0.625 0 0.375 0.25 0.375 0 0.625 0.25 0.375 0.5 0.375 0.25 0.625 0.5 0.375 0.75 0.375 0.5 0.625 0.75 0.375 1 0.375 0.75 0.375 0.5 0.125 0.75 0.125 0.5 0.875 0.5 0.625 0.75 0.625 0.5 0.625 0 0.625 0.25 0.375 0.25 0.625 0.25 0.625 0.5 0.375 0.5 0.625 0.5 0.625 0.75 0.375 0.75 0.625 0.75 0.625 1 0.375 1 0.375 0.5 0.375 0.75 0.125 0.75 0.875 0.5 0.875 0.75 0.625 0.75</float_array>
          <technique_common>
            <accessor source="#Cube-mesh-map-0-array" count="36" stride="2">
              <param name="S" type="float"/>
              <param name="T" type="float"/>
            </accessor>
          </technique_common>
        </source>
        <vertices id="Cube-mesh-vertices">
          <input semantic="POSITION" source="#Cube-mesh-positions"/>
        </vertices>
        <triangles count="12">
          <input semantic="VERTEX" source="#Cube-mesh-vertices" offset="0"/>
          <input semantic="NORMAL" source="#Cube-mesh-normals" offset="1"/>
          <input semantic="TEXCOORD" source="#Cube-mesh-map-0" offset="2" set="0"/>
          <p>1 0 0 2 0 1 0 0 2 3 1 3 6 1 4 2 1 5 7 2 6 4 2 7 6 2 8 5 3 9 0 3 10 4 3 11 6 4 12 0 4 13 2 4 14 3 5 15 5 5 16 7 5 17 1 6 18 3 6 19 2 6 20 3 7 21 7 7 22 6 7 23 7 8 24 5 8 25 4 8 26 5 9 27 1 9 28 0 9 29 6 10 30 4 10 31 0 10 32 3 11 33 1 11 34 5 11 35</p>
        </triangles>
      </mesh>
    </geometry>
    <geometry id="Circle-mesh" name="Circle">
      <mesh>
        <source id="Circle-mesh-positions">
          <float_array id="Circle-mesh-positions-array" count="960">0 1 0 -0.1950903 0.9807853 0 -0.3826835 0.9238795 0 -0.5555703 0.8314696 0 -0.7071068 0.7071068 0 -0.8314696 0.5555703 0 -0.9238795 0.3826835 0 -0.9807853 0.1950903 0 -1 0 0 -0.9807853 -0.1950903 0 -0.9238795 -0.3826835 0 -0.8314696 -0.5555703 0 -0.7071068 -0.7071068 0 -0.5555703 -0.8314696 0 -0.3826835 -0.9238795 0 -0.1950903 -0.9807853 0 0 -1 0 0.1950903 -0.9807853 0 0.3826835 -0.9238795 0 0.5555703 -0.8314696 0 0.7071068 -0.7071068 0 0.8314696 -0.5555703 0 0.9238795 -0.3826835 0 0.9807853 -0.1950903 0 1 0 0 0.9807853 0.1950903 0 0.9238795 0.3826835 0 0.8314696 0.5555703 0 0.7071068 0.7071068 0 0.5555703 0.8314696 0 0.3826835 0.9238795 0 0.1950903 0.9807853 0 0 1 0 -0.1950903 0.9807853 0 -0.3826835 0.9238795 0 -0.5555703 0.8314696 0 -0.7071068 0.7071068 0 -0.8314696 0.5555703 0 -0.9238795 0.3826835 0 -0.9807853 0.1950903 0 -1 0 0 -0.9807853 -0.1950903 0 -0.9238795 -0.3826835 0 -0.8314696 -0.5555703 0 -0.7071068 -0.7071068 0 -0.5555703 -0.8314696 0 -0.3826835 -0.9238795 0 -0.1950903 -0.9807853 0 0 -1 0 0.1950903 -0.9807853 0 0.3826835 -0.9238795 0 0.5555703 -0.8314696 0 0.7071068 -0.7071068 0 0.8314696 -0.5555703 0 0.9238795 -0.3826835 0 0.9807853 -0.1950903 0 1 0 0 0.9807853 0.1950903 0 0.9238795 0.3826835 0 0.8314696 0.5555703 0 0.7071068 0.7071068 0 0.5555703 0.8314696 0 0.3826835 0.9238795 0 0.1950903 0.9807853 0 0 1 0 -0.1950903 0.9807853 0 -0.3826835 0.9238795 0 -0.5555703 0.8314696 0 -0.7071068 0.7071068 0 -0.8314696 0.5555703 0 -0.9238795 0.3826835 0 -0.9807853 0.1950903 0 -1 0 0 -0.9807853 -0.1950903 0 -0.9238795 -0.3826835 0 -0.8314696 -0.5555703 0 -0.7071068 -0.7071068 0 -0.5555703 -0.8314696 0 -0.3826835 -0.9238795 0 -0.1950903 -0.9807853 0 0 -1 0 0.1950903 -0.9807853 0 0.3826835 -0.9238795 0 0.5555703 -0.8314696 0 0.7071068 -0.7071068 0 0.8314696 -0.5555703 0 0.9238795 -0.3826835 0 0.9807853 -0.1950903 0 1 0 0 0.9807853 0.1950903 0 0.9238795 0.3826835 0 0.8314696 0.5555703 0 0.7071068 0.7071068 0 0.5555703 0.8314696 0 0.3826835 0.9238795 0 0.1950903 0.9807853 0 0.1084622 13.22007 0 -0.08662813 13.20086 0 -0.2742213 13.14395 0 -0.4471081 13.05154 0 -0.5986446 12.92718 0 -0.7230075 12.77564 0 -0.8154174 12.60276 0 -0.8723231 12.41516 0 -0.8915379 12.22007 0 -0.8723231 12.02498 0 -0.8154174 11.83739 0 -0.7230075 11.6645 0 -0.5986446 11.51296 0 -0.4471081 11.3886 0 -0.2742213 11.29619 0 -0.08662813 11.23929 0 0.1084622 11.22007 0 0.3035525 11.23929 0 0.4911456 11.29619 0 0.6640324 11.3886 0 0.8155689 11.51296 0 0.9399318 11.6645 0 1.032342 11.83739 0 1.089247 12.02498 0 1.108462 12.22007 0 1.089247 12.41516 0 1.032342 12.60276 0 0.9399318 12.77564 0 0.8155689 12.92718 0 0.6640324 13.05154 0 0.4911456 13.14395 0 0.3035525 13.20086 0 25.59708 1 0 25.40199 0.9807854 0 25.21439 0.9238796 0 25.04151 0.8314695 0 24.88997 0.7071066 0 24.76561 0.5555706 0 24.6732 0.3826838 0 24.61629 0.1950902 0 24.59708 0 0 24.61629 -0.1950902 0 24.6732 -0.3826838 0 24.76561 -0.5555706 0 24.88997 -0.7071066 0 25.04151 -0.8314695 0 25.21439 -0.9238796 0 25.40199 -0.9807854 0 25.59708 -1 0 25.79217 -0.9807854 0 25.97976 -0.9238796 0 26.15265 -0.8314695 0 26.30418 -0.7071066 0 26.42855 -0.5555706 0 26.52095 -0.3826838 0 26.57786 -0.1950902 0 26.59708 0 0 26.57786 0.1950902 0 26.52095 0.3826838 0 26.42855 0.5555706 0 26.30418 0.7071066 0 26.15265 0.8314695 0 25.97976 0.9238796 0 25.79217 0.9807854 0 -0.1950903 0.9807853 18.83655 0 1 18.83655 -0.3826835 0.9238795 18.83655 -0.5555703 0.8314696 18.83655 -0.7071068 0.7071068 18.83655 -0.8314696 0.5555703 18.83655 -0.9238795 0.3826835 18.83655 -0.9807853 0.1950903 18.83655 -1 0 18.83655 -0.9807853 -0.1950903 18.83655 -0.9238795 -0.3826835 18.83655 -0.8314696 -0.5555703 18.83655 -0.7071068 -0.7071068 18.83655 -0.5555703 -0.8314696 18.83655 -0.3826835 -0.9238795 18.83655 -0.1950903 -0.9807853 18.83655 0 -1 18.83655 0.1950903 -0.9807853 18.83655 0.3826835 -0.9238795 18.83655 0.5555703 -0.8314696 18.83655 0.7071068 -0.7071068 18.83655 0.8314696 -0.5555703 18.83655 0.9238795 -0.3826835 18.83655 0.9807853 -0.1950903 18.83655 1 0 18.83655 0.9807853 0.1950903 18.83655 0.9238795 0.3826835 18.83655 0.8314696 0.5555703 18.83655 0.7071068 0.7071068 18.83655 0.5555703 0.8314696 18.83655 0.3826835 0.9238795 18.83655 0.1950903 0.9807853 18.83655 -0.1950903 0.9807853 18.83655 0 1 18.83655 -0.3826835 0.9238795 18.83655 -0.5555703 0.8314696 18.83655 -0.7071068 0.7071068 18.83655 -0.8314696 0.5555703 18.83655 -0.9238795 0.3826835 18.83655 -0.9807853 0.1950903 18.83655 -1 0 18.83655 -0.9807853 -0.1950903 18.83655 -0.9238795 -0.3826835 18.83655 -0.8314696 -0.5555703 18.83655 -0.7071068 -0.7071068 18.83655 -0.5555703 -0.8314696 18.83655 -0.3826835 -0.9238795 18.83655 -0.1950903 -0.9807853 18.83655 0 -1 18.83655 0.1950903 -0.9807853 18.83655 0.3826835 -0.9238795 18.83655 0.5555703 -0.8314696 18.83655 0.7071068 -0.7071068 18.83655 0.8314696 -0.5555703 18.83655 0.9238795 -0.3826835 18.83655 0.9807853 -0.1950903 18.83655 1 0 18.83655 0.9807853 0.1950903 18.83655 0.9238795 0.3826835 18.83655 0.8314696 0.5555703 18.83655 0.7071068 0.7071068 18.83655 0.5555703 0.8314696 18.83655 0.3826835 0.9238795 18.83655 0.1950903 0.9807853 18.83655 -0.1950903 0.9807853 18.83655 0 1 18.83655 -0.3826835 0.9238795 18.83655 -0.5555703 0.8314696 18.83655 -0.7071068 0.7071068 18.83655 -0.8314696 0.5555703 18.83655 -0.9238795 0.3826835 18.83655 -0.9807853 0.1950903 18.83655 -1 0 18.83655 -0.9807853 -0.1950903 18.83655 -0.9238795 -0.3826835 18.83655 -0.8314696 -0.5555703 18.83655 -0.7071068 -0.7071068 18.83655 -0.5555703 -0.8314696 18.83655 -0.3826835 -0.9238795 18.83655 -0.1950903 -0.9807853 18.83655 0 -1 18.83655 0.1950903 -0.9807853 18.83655 0.3826835 -0.9238795 18.83655 0.5555703 -0.8314696 18.83655 0.7071068 -0.7071068 18.83655 0.8314696 -0.5555703 18.83655 0.9238795 -0.3826835 18.83655 0.9807853 -0.1950903 18.83655 1 0 18.83655 0.9807853 0.1950903 18.83655 0.9238795 0.3826835 18.83655 0.8314696 0.5555703 18.83655 0.7071068 0.7071068 18.83655 0.5555703 0.8314696 18.83655 0.3826835 0.9238795 18.83655 0.1950903 0.9807853 18.83655 -0.08662813 13.20086 18.83655 0.1084622 13.22007 18.83655 -0.2742213 13.14395 18.83655 -0.4471081 13.05154 18.83655 -0.5986446 12.92718 18.83655 -0.7230075 12.77564 18.83655 -0.8154174 12.60276 18.83655 -0.8723231 12.41516 18.83655 -0.8915379 12.22007 18.83655 -0.8723231 12.02498 18.83655 -0.8154174 11.83739 18.83655 -0.7230075 11.6645 18.83655 -0.5986446 11.51296 18.83655 -0.4471081 11.3886 18.83655 -0.2742213 11.29619 18.83655 -0.08662813 11.23929 18.83655 0.1084622 11.22007 18.83655 0.3035525 11.23929 18.83655 0.4911456 11.29619 18.83655 0.6640324 11.3886 18.83655 0.8155689 11.51296 18.83655 0.9399318 11.6645 18.83655 1.032342 11.83739 18.83655 1.089247 12.02498 18.83655 1.108462 12.22007 18.83655 1.089247 12.41516 18.83655 1.032342 12.60276 18.83655 0.9399318 12.77564 18.83655 0.8155689 12.92718 18.83655 0.6640324 13.05154 18.83655 0.4911456 13.14395 18.83655 0.3035525 13.20086 18.83655 25.40199 0.9807854 18.83655 25.59708 1 18.83655 25.21439 0.9238796 18.83655 25.04151 0.8314695 18.83655 24.88997 0.7071066 18.83655 24.76561 0.5555706 18.83655 24.6732 0.3826838 18.83655 24.61629 0.1950902 18.83655 24.59708 0 18.83655 24.61629 -0.1950902 18.83655 24.6732 -0.3826838 18.83655 24.76561 -0.5555706 18.83655 24.88997 -0.7071066 18.83655 25.04151 -0.8314695 18.83655 25.21439 -0.9238796 18.83655 25.40199 -0.9807854 18.83655 25.59708 -1 18.83655 25.79217 -0.9807854 18.83655 25.97976 -0.9238796 18.83655 26.15265 -0.8314695 18.83655 26.30418 -0.7071066 18.83655 26.42855 -0.5555706 18.83655 26.52095 -0.3826838 18.83655 26.57786 -0.1950902 18.83655 26.59708 0 18.83655 26.57786 0.1950902 18.83655 26.52095 0.3826838 18.83655 26.42855 0.5555706 18.83655 26.30418 0.7071066 18.83655 26.15265 0.8314695 18.83655 25.97976 0.9238796 18.83655 25.79217 0.9807854 18.83655</float_array>
          <technique_common>
            <accessor source="#Circle-mesh-positions-array" count="320" stride="3">
              <param name="X" type="float"/>
              <param name="Y" type="float"/>
              <param name="Z" type="float"/>
            </accessor>
          </technique_common>
        </source>
        <source id="Circle-mesh-normals">
          <float_array id="Circle-mesh-normals-array" count="1884">0 0 1 0 0 1 0 0 1 0 0 1 0 0 1 0 0 1 0 0 1 0 0 1 0 0 1 0 0 1 0 0 1 0 0 1 0 0 1 0 0 1 0 0 1 0 0 1 0 0 1 0 0 1 0 0 1 0 0 1 0 0 1 0 0 1 0 0 1 0 0 1 0 0 1 0 0 1 0 0 1 0 0 1 0 0 1 0 0 1 0 0 1 0 0 1 0 0 1 0 0 1 0 0 1 0 0 1 0 0 1 0 0 1 0 0 1 0 0 1 0 0 1 0 0 1 0 0 1 0 0 1 0 0 1 0 0 1 0 0 1 0 0 1 0 0 1 0 0 1 0 0 1 0 0 1 0 0 1 0 0 1 0 0 1 0 0 1 0 0 1 0 0 1 0 0 1 0 0 1 0 0 1 0 0 1 0 0 1 0 0 1 0 0 -1 0 0 -1 0 0 -1 0 0 1 0 0 1 0 0 1 0 0 1 0 0 1 0 0 1 0 0 1 0 0 1 0 0 1 0 0 1 0 0 1 0 0 1 0 0 1 0 0 1 0 0 1 0 0 1 0 0 1 0 0 1 0 0 1 0 0 1 0 0 1 0 0 1 0 0 1 0 0 1 0 0 1 0 0 1 0 0 1 0 0 1 0 0 1 0 0 1 0 0 1 0 0 1 0 0 1 0 0 1 0 0 1 0 0 1 0 0 1 0 0 1 0 0 1 0 0 1 0 0 1 0 0 1 0 0 1 0 0 1 0 0 1 0 0 1 0 0 1 0 0 1 0 0 1 0 0 1 0 0 1 0 0 1 0 0 1 0 0 1 0 0 1 0 0 1 0 0 1 0 0 1 0 0 1 0 0 1 0 0 1 0 0 1 0 0 1 0 0 1 0 0 1 0 0 1 0 0 1 -0.6343926 0.773011 0 -0.9569405 -0.2902842 0 -0.6343933 -0.7730104 0 0.2902842 0.9569405 0 -0.7730091 0.6343951 0 -0.8819213 -0.4713966 0 -0.4713967 -0.8819213 0 0.0980162 0.9951848 0 -0.8819189 0.471401 0 -0.7730094 -0.6343947 0 -0.2902846 -0.9569404 0 -0.9569405 0.2902842 0 -0.6343937 -0.7730101 0 -0.09801727 -0.9951847 0 -0.9951848 0.09801667 0 -0.4713974 -0.8819209 0 0.09801727 -0.9951847 0 -0.9951848 -0.09801667 0 -0.2902846 -0.9569404 0 0.2902846 -0.9569404 0 -0.9569405 -0.2902842 0 -0.09801667 -0.9951848 0 0.4713967 -0.8819213 0 -0.8819189 -0.471401 0 0.09801667 -0.9951848 0 0.6343933 -0.7730104 0 -0.7730091 -0.6343951 0 0.2902847 -0.9569403 0 0.7730104 -0.6343933 0 -0.6343926 -0.773011 0 0.4713974 -0.8819209 0 0.8819213 -0.4713967 0 -0.4713993 -0.8819199 0 0.6343937 -0.7730101 0 0.9569404 -0.2902846 0 -0.2902842 -0.9569405 0 0.7730094 -0.6343947 0 0.9951847 -0.09801727 0 -0.09801715 -0.9951847 0 0.8819212 -0.4713968 0 0.9951847 0.09801727 0 0.0980162 -0.9951848 0 0.9569405 -0.2902842 0 0.9569404 0.2902846 0 0.2902842 -0.9569405 0 0.9951847 -0.09801727 0 0.8819213 0.4713967 0 -0.09801727 0.9951847 0 0.4713993 -0.8819199 0 0.9951847 0.09801727 0 0.7730104 0.6343933 0 -0.2902846 0.9569404 0 0.6343926 -0.773011 0 0.9569405 0.2902842 0 0.6343933 0.7730104 0 -0.4713967 0.8819213 0 0.7730091 -0.6343951 0 0.8819212 0.4713968 0 0.4713967 0.8819213 0 -0.09801667 0.9951848 0 -0.6343933 0.7730104 0 0.881923 -0.4713935 0 0.7730094 0.6343947 0 0.2902846 0.9569404 0 -0.2902846 0.9569404 0 -0.7730104 0.6343933 0 0.9569405 -0.2902842 0 0.6343937 0.7730101 0 0.09801727 0.9951847 0 -0.4713974 0.8819209 0 -0.8819213 0.4713967 0 0.9951848 -0.09801667 0 0.4713974 0.8819209 0 -0.6343937 0.7730101 0 -0.9569404 0.2902846 0 0.9951848 0.09801667 0 0.2902847 0.9569403 0 -0.7730094 0.6343947 0 -0.9951847 0.09801727 0 0.9569405 0.2902842 0 0.09801667 0.9951848 0 -0.8819213 0.4713966 0 -0.9951847 -0.09801727 0 0.881923 0.4713935 0 -0.09801715 0.9951847 0 -0.9569405 0.2902842 0 -0.9569404 -0.2902846 0 0.7730091 0.6343951 0 -0.2902842 0.9569405 0 -0.9951847 0.09801727 0 -0.8819213 -0.4713967 0 0.6343926 0.773011 0 -0.4713993 0.8819199 0 -0.9951847 -0.09801727 0 -0.7730104 -0.6343933 0 0.4713993 0.8819199 0 0 0 1 0 0 1 0 0 1 0 0 1 0 0 1 0 0 1 0 0 1 0 0 1 0 0 1 0 0 1 0 0 1 0 0 1 0 0 1 0 0 1 0 0 1 0 0 1 0 0 1 0 0 1 0 0 1 0 0 1 0 0 1 0 0 1 0 0 1 0 0 1 0 0 1 0 0 1 0 0 1 0 0 1 0 0 1 0 0 1 0 0 1 0 0 1 0 0 1 0 0 1 0 0 1 0 0 1 0 0 1 0 0 1 0 0 1 0 0 1 0 0 1 0 0 1 0 0 1 0 0 1 0 0 1 0 0 1 0 0 1 0 0 1 0 0 1 0 0 1 0 0 1 0 0 1 0 0 1 0 0 1 0 0 1 0 0 1 0 0 1 0 0 1 0 0 1 0 0 1 0 0 1 0 0 1 0 0 1 0 0 1 0 0 -1 0 0 -1 0 0 -1 0 0 -1 0 0 -1 0 0 -1 0 0 -1 0 0 -1 0 0 -1 0 0 -1 0 0 -1 0 0 -1 0 0 -1 0 0 -1 0 0 -1 0 0 -1 0 0 -1 0 0 -1 0 0 -1 0 0 -1 0 0 -1 0 0 -1 0 0 -1 0 0 -1 0 0 -1 0 0 -1 0 0 -1 0 0 -1 0 0 -1 0 0 -1 0 0 -1 0 0 -1 0 0 -1 0 0 -1 0 0 -1 0 0 -1 0 0 -1 0 0 -1 0 0 -1 0 0 -1 0 0 -1 0 0 -1 0 0 -1 0 0 -1 0 0 -1 0 0 -1 0 0 -1 0 0 -1 0 0 -1 0 0 -1 0 0 -1 0 0 -1 0 0 -1 0 0 -1 0 0 -1 0 0 -1 0 0 -1 0 0 -1 0 0 -1 0 0 -1 0 0 -1 0 0 -1 0 0 -1 0 0 -1 0 0 -1 0 0 -1 0 0 -1 0 0 -1 0 0 -1 0 0 -1 0 0 -1 0 0 -1 0 0 -1 0 0 -1 0 0 -1 0 0 -1 0 0 -1 0 0 -1 0 0 -1 0 0 -1 0 0 -1 0 0 -1 0 0 -1 0 0 -1 0 0 -1 0 0 -1 0 0 -1 0 0 1 0 0 1 0 0 1 0 0 1 0 0 1 0 0 1 0 0 1 0 0 1 0 0 1 0 0 1 0 0 1 0 0 1 0 0 1 0 0 1 0 0 1 0 0 1 0 0 1 0 0 1 0 0 1 0 0 1 0 0 1 0 0 1 0 0 1 0 0 1 0 0 1 0 0 1 0 0 1 0 0 1 0 0 1 0 0 1 0 0 1 0 0 1 0 0 1 0 0 1 0 0 1 0 0 1 0 0 1 0 0 1 0 0 1 0 0 1 0 0 1 0 0 1 0 0 1 0 0 1 0 0 1 0 0 1 0 0 1 0 0 1 0 0 1 0 0 1 0 0 1 0 0 1 0 0 1 0 0 1 0 0 1 0 0 1 0 0 1 0 0 1 0 0 1 0 0 1 0 0 1 0 0 1 0 0 1 0 0 1 0 0 1 0 0 1 0 0 1 0 0 1 0 0 1 0 0 1 0 0 1 0 0 1 0 0 1 0 0 1 0 0 1 0 0 1 0 0 1 0 0 1 0 0 1 0 0 1 0 0 1 0 0 1 0 0 1 0 0 1 0 0 1 0 0 1 0 0 1 0 0 1 0 0 1 0 0 1 0 0 1 0 0 1 0 0 1 0 0 1 0 0 1 0 0 1 0 0 1 0 0 1 0 0 1 0 0 1 0 0 1 0 0 1 0 0 1 0 0 1 0 0 1 0 0 1 0 0 1 0 0 1 0 0 1 0 0 1 0 0 1 0 0 1 0 0 1 0 0 1 0 0 1 0 0 1 0 0 1 0 0 1 0 0 1 0 0 1 0 0 1 0 0 1 0 0 1 0 0 1 0 0 1 0 0 1 0 0 1 0 0 1 0 0 1 0 0 1 0 0 1 0 0 1 0 0 1 0 0 1 0 0 1 0 0 1 0 0 1 0 0 1 0 0 1 0 0 1 0 0 1 0 0 1 0 0 1 0 0 1 0 0 1 0 0 1 0 0 1 0 0 1 0 0 1 0 0 1 0 0 1 -0.6343926 0.773011 0 -0.9569405 -0.2902842 0 -0.6343933 -0.7730104 0 0.2902842 0.9569405 0 -0.7730091 0.6343951 0 -0.8819213 -0.4713966 0 -0.4713967 -0.8819213 0 0.0980162 0.9951848 0 -0.8819189 0.471401 0 -0.7730094 -0.6343947 0 -0.2902846 -0.9569404 0 -0.9569405 0.2902842 0 -0.6343937 -0.7730101 0 -0.09801727 -0.9951847 0 -0.9951848 0.09801667 0 -0.4713974 -0.8819209 0 0.09801727 -0.9951847 0 -0.9951848 -0.09801667 0 -0.2902846 -0.9569404 0 0.2902846 -0.9569404 0 -0.9569405 -0.2902842 0 -0.09801667 -0.9951848 0 0.4713967 -0.8819213 0 -0.8819189 -0.471401 0 0.09801667 -0.9951848 0 0.6343933 -0.7730104 0 -0.7730091 -0.6343951 0 0.2902847 -0.9569403 0 0.7730104 -0.6343933 0 -0.6343926 -0.773011 0 0.4713974 -0.8819209 0 0.8819213 -0.4713967 0 -0.4713993 -0.8819199 0 0.6343937 -0.7730101 0 0.9569404 -0.2902846 0 -0.2902842 -0.9569405 0 0.7730094 -0.6343947 0 0.9951847 -0.09801727 0 -0.09801715 -0.9951847 0 0.8819212 -0.4713968 0 0.9951847 0.09801727 0 0.0980162 -0.9951848 0 0.9569405 -0.2902842 0 0.9569404 0.2902846 0 0.2902842 -0.9569405 0 0.9951847 -0.09801727 0 0.8819213 0.4713967 0 -0.09801727 0.9951847 0 0.4713993 -0.8819199 0 0.9951847 0.09801727 0 0.7730104 0.6343933 0 -0.2902846 0.9569404 0 0.6343926 -0.773011 0 0.9569405 0.2902842 0 0.6343933 0.7730104 0 -0.4713967 0.8819213 0 0.7730091 -0.6343951 0 0.8819212 0.4713968 0 0.4713967 0.8819213 0 -0.09801667 0.9951848 0 -0.6343933 0.7730104 0 0.881923 -0.4713935 0 0.7730094 0.6343947 0 0.2902846 0.9569404 0 -0.2902846 0.9569404 0 -0.7730104 0.6343933 0 0.9569405 -0.2902842 0 0.6343937 0.7730101 0 0.09801727 0.9951847 0 -0.4713974 0.8819209 0 -0.8819213 0.4713967 0 0.9951848 -0.09801667 0 0.4713974 0.8819209 0 -0.6343937 0.7730101 0 -0.9569404 0.2902846 0 0.9951848 0.09801667 0 0.2902847 0.9569403 0 -0.7730094 0.6343947 0 -0.9951847 0.09801727 0 0.9569405 0.2902842 0 0.09801667 0.9951848 0 -0.8819213 0.4713966 0 -0.9951847 -0.09801727 0 0.881923 0.4713935 0 -0.09801715 0.9951847 0 -0.9569405 0.2902842 0 -0.9569404 -0.2902846 0 0.7730091 0.6343951 0 -0.2902842 0.9569405 0 -0.9951847 0.09801727 0 -0.8819213 -0.4713967 0 0.6343926 0.773011 0 -0.4713993 0.8819199 0 -0.9951847 -0.09801727 0 -0.7730104 -0.6343933 0 0.4713993 0.8819199 0</float_array>
          <technique_common>
            <accessor source="#Circle-mesh-normals-array" count="628" stride="3">
              <param name="X" type="float"/>
              <param name="Y" type="float"/>
              <param name="Z" type="float"/>
            </accessor>
          </technique_common>
        </source>
        <source id="Circle-mesh-map-0">
          <float_array id="Circle-mesh-map-0-array" count="3768">0 0 0 0 0 0 0 0 0 0 0 0 0 0 0 0 0 0 0 0 0 0 0 0 0 0 0 0 0 0 0 0 0 0 0 0 0 0 0 0 0 0 0 0 0 0 0 0 0 0 0 0 0 0 0 0 0 0 0 0 0 0 0 0 0 0 0 0 0 0 0 0 0 0 0 0 0 0 0 0 0 0 0 0 0 0 0 0 0 0 0 0 0 0 0 0 0 0 0 0 0 0 0 0 0 0 0 0 0 0 0 0 0 0 0 0 0 0 0 0 0 0 0 0 0 0 0 0 0 0 0 0 0 0 0 0 0 0 0 0 0 0 0 0 0 0 0 0 0 0 0 0 0 0 0 0 0 0 0 0 0 0 0 0 0 0 0 0 0 0 0 0 0 0 0 0 0 0 0 0 0 0 0 0 0 0 0 0 0 0 0 0 0 0 0 0 0 0 0 0 0 0 0 0 0 0 0 0 0 0 0 0 0 0 0 0 0 0 0 0 0 0 0 0 0 0 0 0 0 0 0 0 0 0 0 0 0 0 0 0 0 0 0 0 0 0 0 0 0 0 0 0 0 0 0 0 0 0 0 0 0 0 0 0 0 0 0 0 0 0 0 0 0 0 0 0 0 0 0 0 0 0 0 0 0 0 0 0 0 0 0 0 0 0 0 0 0 0 0 0 0 0 0 0 0 0 0 0 0 0 0 0 0 0 0 0 0 0 0 0 0 0 0 0 0 0 0 0 0 0 0 0 0 0 0 0 0 0 0 0 0 0 0 0 0 0 0 0 0 0 0 0 0 0 0 0 0 0 0 0 0 0 0 0 0 0 0 0 0 0 0 0 0 0 0 0 0 0 0 0 0 0 0 0 0 0 0 0 0 0 0 0 0 0 0 0 0 0 0 0 0 0 0 0 0 0 0 0 0 0 0 0 0 0 0 0 0 0 0 0 0 0 0 0 0 0 0 0 0 0 0 0 0 0 0 0 0 0 0 0 0 0 0 0 0 0 0 0 0 0 0 0 0 0 0 0 0 0 0 0 0 0 0 0 0 0 0 0 0 0 0 0 0 0 0 0 0 0 0 0 0 0 0 0 0 0 0 0 0 0 0 0 0 0 0 0 0 0 0 0 0 0 0 0 0 0 0 0 0 0 0 0 0 0 0 0 0 0 0 0 0 0 0 0 0 0 0 0 0 0 0 0 0 0 0 0 0 0 0 0 0 0 0 0 0 0 0 0 0 0 0 0 0 0 0 0 0 0 0 0 0 0 0 0 0 0 0 0 0 0 0 0 0 0 0 0 0 0 0 0 0 0 0 0 0 0 0 0 0 0 0 0 0 0 0 0 0 0 0 0 0 0 0 0 0 0 0 0 0 0 0 0 0 0 0 0 0 0 0 0 0 0 0 0 0 0 0 0 0 0 0 0 0 0 0 0 0 0 0 0 0 0 0 0 0 0 0 0 0 0 0 0 0 0 0 0 0 0 0 0 0 0 0 0 0 0 0 0 0 0 0 0 0 0 0 0 0 0 0 0 0 0 0 0 0 0 0 0 0 0 0 0 0 0 0 0 0 0 0 0 0 0 0 0 0 0 0 0 0 0 0 0 0 0 0 0 0 0 0 0 0 0 0 0 0 0 0 0 0 0 0 0 0 0 0 0 0 0 0 0 0 0 0 0 0 0 0 0 0 0 0 0 0 0 0 0 0 0 0 0 0 0 0 0 0 0 0 0 0 0 0 0 0 0 0 0 0 0 0 0 0 0 0 0 0 0 0 0 0 0 0 0 0 0 0 0 0 0 0 0 0 0 0 0 0 0 0 0 0 0 0 0 0 0 0 0 0 0 0 0 0 0 0 0 0 0 0 0 0 0 0 0 0 0 0 0 0 0 0 0 0 0 0 0 0 0 0 0 0 0 0 0 0 0 0 0 0 0 0 0 0 0 0 0 0 0 0 0 0 0 0 0 0 0 0 0 0 0 0 0 0 0 0 0 0 0 0 0 0 0 0 0 0 0 0 0 0 0 0 0 0 0 0 0 0 0 0 0 0 0 0 0 0 0 0 0 0 0 0 0 0 0 0 0 0 0 0 0 0 0 0 0 0 0 0 0 0 0 0 0 0 0 0 0 0 0 0 0 0 0 0 0 0 0 0 0 0 0 0 0 0 0 0 0 0 0 0 0 0 0 0 0 0 0 0 0 0 0 0 0 0 0 0 0 0 0 0 0 0 0 0 0 0 0 0 0 0 0 0 0 0 0 0 0 0 0 0 0 0 0 0 0 0 0 0 0 0 0 0 0 0 0 0 0 0 0 0 0 0 0 0 0 0 0 0 0 0 0 0 0 0 0 0 0 0 0 0 0 0 0 0 0 0 0 0 0 0 0 0 0 0 0 0 0 0 0 0 0 0 0 0 0 0 0 0 0 0 0 0 0 0 0 0 0 0 0 0 0 0 0 0 0 0 0 0 0 0 0 0 0 0 0 0 0 0 0 0 0 0 0 0 0 0 0 0 0 0 0 0 0 0 0 0 0 0 0 0 0 0 0 0 0 0 0 0 0 0 0 0 0 0 0 0 0 0 0 0 0 0 0 0 0 0 0 0 0 0 0 0 0 0 0 0 0 0 0 0 0 0 0 0 0 0 0 0 0 0 0 0 0 0 0 0 0 0 0 0 0 0 0 0 0 0 0 0 0 0 0 0 0 0 0 0 0 0 0 0 0 0 0 0 0 0 0 0 0 0 0 0 0 0 0 0 0 0 0 0 0 0 0 0 0 0 0 0 0 0 0 0 0 0 0 0 0 0 0 0 0 0 0 0 0 0 0 0 0 0 0 0 0 0 0 0 0 0 0 0 0 0 0 0 0 0 0 0 0 0 0 0 0 0 0 0 0 0 0 0 0 0 0 0 0 0 0 0 0 0 0 0 0 0 0 0 0 0 0 0 0 0 0 0 0 0 0 0 0 0 0 0 0 0 0 0 0 0 0 0 0 0 0 0 0 0 0 0 0 0 0 0 0 0 0 0 0 0 0 0 0 0 0 0 0 0 0 0 0 0 0 0 0 0 0 0 0 0 0 0 0 0 0 0 0 0 0 0 0 0 0 0 0 0 0 0 0 0 0 0 0 0 0 0 0 0 0 0 0 0 0 0 0 0 0 0 0 0 0 0 0 0 0 0 0 0 0 0 0 0 0 0 0 0 0 0 0 0 0 0 0 0 0 0 0 0 0 0 0 0 0 0 0 0 0 0 0 0 0 0 0 0 0 0 0 0 0 0 0 0 0 0 0 0 0 0 0 0 0 0 0 0 0 0 0 0 0 0 0 0 0 0 0 0 0 0 0 0 0 0 0 0 0 0 0 0 0 0 0 0 0 0 0 0 0 0 0 0 0 0 0 0 0 0 0 0 0 0 0 0 0 0 0 0 0 0 0 0 0 0 0 0 0 0 0 0 0 0 0 0 0 0 0 0 0 0 0 0 0 0 0 0 0 0 0 0 0 0 0 0 0 0 0 0 0 0 0 0 0 0 0 0 0 0 0 0 0 0 0 0 0 0 0 0 0 0 0 0 0 0 0 0 0 0 0 0 0 0 0 0 0 0 0 0 0 0 0 0 0 0 0 0 0 0 0 0 0 0 0 0 0 0 0 0 0 0 0 0 0 0 0 0 0 0 0 0 0 0 0 0 0 0 0 0 0 0 0 0 0 0 0 0 0 0 0 0 0 0 0 0 0 0 0 0 0 0 0 0 0 0 0 0 0 0 0 0 0 0 0 0 0 0 0 0 0 0 0 0 0 0 0 0 0 0 0 0 0 0 0 0 0 0 0 0 0 0 0 0 0 0 0 0 0 0 0 0 0 0 0 0 0 0 0 0 0 0 0 0 0 0 0 0 0 0 0 0 0 0 0 0 0 0 0 0 0 0 0 0 0 0 0 0 0 0 0 0 0 0 0 0 0 0 0 0 0 0 0 0 0 0 0 0 0 0 0 0 0 0 0 0 0 0 0 0 0 0 0 0 0 0 0 0 0 0 0 0 0 0 0 0 0 0 0 0 0 0 0 0 0 0 0 0 0 0 0 0 0 0 0 0 0 0 0 0 0 0 0 0 0 0 0 0 0 0 0 0 0 0 0 0 0 0 0 0 0 0 0 0 0 0 0 0 0 0 0 0 0 0 0 0 0 0 0 0 0 0 0 0 0 0 0 0 0 0 0 0 0 0 0 0 0 0 0 0 0 0 0 0 0 0 0 0 0 0 0 0 0 0 0 0 0 0 0 0 0 0 0 0 0 0 0 0 0 0 0 0 0 0 0 0 0 0 0 0 0 0 0 0 0 0 0 0 0 0 0 0 0 0 0 0 0 0 0 0 0 0 0 0 0 0 0 0 0 0 0 0 0 0 0 0 0 0 0 0 0 0 0 0 0 0 0 0 0 0 0 0 0 0 0 0 0 0 0 0 0 0 0 0 0 0 0 0 0 0 0 0 0 0 0 0 0 0 0 0 0 0 0 0 0 0 0 0 0 0 0 0 0 0 0 0 0 0 0 0 0 0 0 0 0 0 0 0 0 0 0 0 0 0 0 0 0 0 0 0 0 0 0 0 0 0 0 0 0 0 0 0 0 0 0 0 0 0 0 0 0 0 0 0 0 0 0 0 0 0 0 0 0 0 0 0 0 0 0 0 0 0 0 0 0 0 0 0 0 0 0 0 0 0 0 0 0 0 0 0 0 0 0 0 0 0 0 0 0 0 0 0 0 0 0 0 0 0 0 0 0 0 0 0 0 0 0 0 0 0 0 0 0 0 0 0 0 0 0 0 0 0 0 0 0 0 0 0 0 0 0 0 0 0 0 0 0 0 0 0 0 0 0 0 0 0 0 0 0 0 0 0 0 0 0 0 0 0 0 0 0 0 0 0 0 0 0 0 0 0 0 0 0 0 0 0 0 0 0 0 0 0 0 0 0 0 0 0 0 0 0 0 0 0 0 0 0 0 0 0 0 0 0 0 0 0 0 0 0 0 0 0 0 0 0 0 0 0 0 0 0 0 0 0 0 0 0 0 0 0 0 0 0 0 0 0 0 0 0 0 0 0 0 0 0 0 0 0 0 0 0 0 0 0 0 0 0 0 0 0 0 0 0 0 0 0 0 0 0 0 0 0 0 0 0 0 0 0 0 0 0 0 0 0 0 0 0 0 0 0 0 0 0 0 0 0 0 0 0 0 0 0 0 0 0 0 0 0 0 0 0 0 0 0 0 0 0 0 0 0 0 0 0 0 0 0 0 0 0 0 0 0 0 0 0 0 0 0 0 0 0 0 0 0 0 0 0 0 0 0 0 0 0 0 0 0 0 0 0 0 0 0 0 0 0 0 0 0 0 0 0 0 0 0 0 0 0 0 0 0 0 0 0 0 0 0 0 0 0 0 0 0 0 0 0 0 0 0 0 0 0 0 0 0 0 0 0 0 0 0 0 0 0 0 0 0 0 0 0 0 0 0 0 0 0 0 0 0 0 0 0 0 0 0 0 0 0 0 0 0 0 0 0 0 0 0 0 0 0 0 0 0 0 0 0 0 0 0 0 0 0 0 0 0 0 0 0 0 0 0 0 0 0 0 0 0 0 0 0 0 0 0 0 0 0 0 0 0 0 0 0 0 0 0 0 0 0 0 0 0 0 0 0 0 0 0 0 0 0 0 0 0 0 0 0 0 0 0 0 0 0 0 0 0 0 0 0 0 0 0 0 0 0 0 0 0 0 0 0 0 0 0 0 0 0 0 0 0 0 0 0 0 0 0 0 0 0 0 0 0 0 0 0 0 0 0 0 0 0 0 0 0 0 0 0 0 0 0 0 0 0 0 0 0 0 0 0 0 0 0 0 0 0 0 0 0 0 0 0 0 0 0 0 0 0 0 0 0 0 0 0 0 0 0 0 0 0 0 0 0 0 0 0 0 0 0 0 0 0 0 0 0 0 0 0 0 0 0 0 0 0 0 0 0 0 0 0 0 0 0 0 0 0 0 0 0 0 0 0 0 0 0 0 0 0 0 0 0 0 0 0 0 0 0 0 0 0 0 0 0 0 0 0 0 0 0 0 0 0 0 0 0 0 0 0 0 0 0 0 0 0 0 0 0 0 0 0 0 0 0 0 0 0 0 0 0 0 0 0 0 0 0 0 0 0 0 0 0 0 0 0 0 0 0 0 0 0 0 0 0 0 0 0 0 0 0 0 0 0 0 0 0 0 0 0 0 0 0 0 0 0 0 0 0 0 0 0 0 0 0 0 0 0 0 0 0 0 0 0 0 0 0 0 0 0 0 0 0 0 0 0 0 0 0 0 0 0 0 0 0 0 0 0 0 0 0 0 0 0 0 0 0 0 0 0 0 0 0 0 0 0 0 0 0 0 0 0 0 0 0 0 0 0 0 0 0 0 0 0 0 0 0 0 0 0 0 0 0 0 0 0 0 0 0 0 0 0 0 0 0 0 0 0 0 0 0 0 0 0 0 0 0 0 0 0 0 0 0 0 0 0 0 0 0 0 0 0 0 0 0 0 0 0 0 0 0 0 0 0 0 0 0 0 0 0 0 0 0 0 0 0 0 0 0 0 0 0 0 0 0 0 0 0 0 0 0 0 0 0 0 0 0 0 0 0 0 0 0 0 0 0 0 0 0 0 0 0 0 0 0 0 0 0 0 0 0 0 0 0 0 0 0 0 0 0 0 0 0 0 0 0 0 0 0 0 0 0 0 0 0 0 0 0 0 0 0 0 0 0 0 0 0 0 0 0 0 0 0 0 0 0 0 0 0 0 0 0 0 0 0 0 0 0 0 0 0 0 0 0 0 0 0 0 0 0 0 0 0 0 0 0 0 0 0 0 0 0 0 0 0 0 0 0 0 0 0 0 0 0 0 0 0 0 0 0 0 0 0 0 0 0 0 0 0 0 0 0 0 0 0 0 0 0 0 0 0 0 0 0 0 0 0 0 0 0 0 0 0 0 0 0 0 0 0 0 0 0 0 0 0 0 0 0 0 0 0 0 0 0 0 0 0 0 0 0 0 0 0 0 0 0 0 0 0 0 0 0 0 0 0 0 0 0 0 0 0 0 0 0 0 0 0 0 0 0 0 0 0 0 0 0 0 0 0 0 0 0 0 0 0 0 0 0 0 0 0 0 0 0 0 0 0 0 0 0 0 0 0 0 0 0 0 0 0 0 0 0 0 0 0 0 0 0 0 0 0 0 0 0 0 0 0 0 0 0 0 0 0 0 0 0 0 0 0 0 0 0 0 0 0 0 0 0 0 0 0 0 0 0 0 0 0 0 0 0 0 0 0 0 0 0 0 0 0 0 0 0 0 0 0 0 0 0 0 0 0 0 0 0 0 0 0 0 0 0 0 0 0 0 0 0 0 0 0 0 0 0 0 0 0 0 0 0 0 0 0 0 0 0 0 0 0 0 0 0 0 0 0 0 0 0 0 0 0 0 0 0 0 0 0 0 0 0 0 0 0 0 0 0 0 0 0 0 0 0 0 0 0 0 0 0 0 0 0 0 0 0 0 0 0 0 0 0 0 0 0 0 0 0 0 0 0 0 0 0 0 0 0 0 0 0 0 0 0 0 0 0 0 0 0 0 0 0 0 0 0 0 0 0 0 0 0 0 0 0 0 0 0 0 0 0 0 0 0 0 0 0 0 0 0 0 0 0 0 0 0 0 0 0 0 0 0 0 0 0 0 0 0 0 0 0 0 0 0 0 0 0 0 0 0 0 0 0 0 0 0 0 0 0 0 0 0 0 0 0 0 0 0 0 0 0 0 0 0 0 0 0 0 0 0 0 0 0 0 0 0 0 0 0 0 0 0 0 0 0 0 0 0 0 0 0 0 0 0 0 0 0 0 0 0 0 0 0 0 0 0 0 0 0 0 0 0 0 0 0 0 0 0 0 0 0 0 0 0 0 0 0 0 0 0 0 0 0 0 0 0 0 0 0 0 0 0 0 0 0 0 0 0 0 0 0 0 0 0 0 0 0 0 0 0 0 0 0 0 0 0 0 0 0 0 0 0 0 0 0 0 0 0 0 0 0 0 0 0 0 0 0 0 0 0 0 0 0 0 0 0 0 0 0 0 0 0 0 0 0 0 0 0 0 0 0 0 0 0 0 0 0 0 0 0 0 0 0 0 0 0 0 0 0 0 0 0 0 0 0 0 0 0 0 0 0 0 0 0 0 0 0 0 0 0 0 0 0 0 0 0 0 0 0 0 0 0 0 0 0 0 0 0 0 0 0 0 0 0 0 0 0 0 0 0 0 0 0 0 0 0 0 0 0 0 0 0 0 0 0 0 0 0 0 0 0 0 0 0 0 0 0 0 0 0 0 0 0 0 0 0 0 0 0 0 0 0 0 0 0 0 0 0 0 0 0 0 0 0 0 0 0 0 0 0 0 0 0 0 0 0 0 0 0 0 0 0 0 0 0 0 0</float_array>
          <technique_common>
            <accessor source="#Circle-mesh-map-0-array" count="1884" stride="2">
              <param name="S" type="float"/>
              <param name="T" type="float"/>
            </accessor>
          </technique_common>
        </source>
        <vertices id="Circle-mesh-vertices">
          <input semantic="POSITION" source="#Circle-mesh-positions"/>
        </vertices>
        <triangles count="628">
          <input semantic="VERTEX" source="#Circle-mesh-vertices" offset="0"/>
          <input semantic="NORMAL" source="#Circle-mesh-normals" offset="1"/>
          <input semantic="TEXCOORD" source="#Circle-mesh-map-0" offset="2" set="0"/>
          <p>52 0 0 21 0 1 20 0 2 39 1 3 8 1 4 7 1 5 53 2 6 22 2 7 21 2 8 40 3 9 9 3 10 8 3 11 54 4 12 23 4 13 22 4 14 41 5 15 10 5 16 9 5 17 55 6 18 24 6 19 23 6 20 42 7 21 11 7 22 10 7 23 56 8 24 25 8 25 24 8 26 43 9 27 12 9 28 11 9 29 57 10 30 26 10 31 25 10 32 44 11 33 13 11 34 12 11 35 58 12 36 27 12 37 26 12 38 45 13 39 14 13 40 13 13 41 32 14 42 1 14 43 0 14 44 59 15 45 28 15 46 27 15 47 46 16 48 15 16 49 14 16 50 33 17 51 2 17 52 1 17 53 60 18 54 29 18 55 28 18 56 47 19 57 16 19 58 15 19 59 34 20 60 3 20 61 2 20 62 61 21 63 30 21 64 29 21 65 48 22 66 17 22 67 16 22 68 35 23 69 4 23 70 3 23 71 62 24 72 31 24 73 30 24 74 49 25 75 18 25 76 17 25 77 36 26 78 5 26 79 4 26 80 63 27 81 0 27 82 31 27 83 50 28 84 19 28 85 18 28 86 37 29 87 6 29 88 5 29 89 51 30 90 20 30 91 19 30 92 38 31 93 7 31 94 6 31 95 65 32 96 34 32 97 33 32 98 92 33 99 61 33 100 60 33 101 79 34 102 48 34 103 47 34 104 66 35 105 35 35 106 34 35 107 93 36 108 62 36 109 61 36 110 80 37 111 49 37 112 48 37 113 67 38 114 36 38 115 35 38 116 94 39 117 63 39 118 62 39 119 81 40 120 50 40 121 49 40 122 68 41 123 37 41 124 36 41 125 95 42 126 32 42 127 63 42 128 82 43 129 51 43 130 50 43 131 69 44 132 38 44 133 37 44 134 83 45 135 52 45 136 51 45 137 70 46 138 39 46 139 38 46 140 84 47 141 53 47 142 52 47 143 71 48 144 40 48 145 39 48 146 85 49 147 54 49 148 53 49 149 72 50 150 41 50 151 40 50 152 86 51 153 55 51 154 54 51 155 73 52 156 42 52 157 41 52 158 87 53 159 56 53 160 55 53 161 74 54 162 43 54 163 42 54 164 88 55 165 57 55 166 56 55 167 75 56 168 44 56 169 43 56 170 89 57 171 58 57 172 57 57 173 76 58 174 45 58 175 44 58 176 90 59 177 59 59 178 58 59 179 77 60 180 46 60 181 45 60 182 64 61 183 33 61 184 32 61 185 91 62 186 60 62 187 59 62 188 78 63 189 47 63 190 46 63 191 82 64 192 74 64 193 66 64 194 114 65 195 106 65 196 98 65 197 146 66 198 138 66 199 130 66 200 181 67 201 212 67 202 180 67 203 168 68 204 199 68 205 167 68 206 182 69 207 213 69 208 181 69 209 169 70 210 200 70 211 168 70 212 183 71 213 214 71 214 182 71 215 170 72 216 201 72 217 169 72 218 184 73 219 215 73 220 183 73 221 171 74 222 202 74 223 170 74 224 185 75 225 216 75 226 184 75 227 172 76 228 203 76 229 171 76 230 186 77 231 217 77 232 185 77 233 173 78 234 204 78 235 172 78 236 187 79 237 218 79 238 186 79 239 174 80 240 205 80 241 173 80 242 160 81 243 193 81 244 161 81 245 188 82 246 219 82 247 187 82 248 175 83 249 206 83 250 174 83 251 162 84 252 192 84 253 160 84 254 189 85 255 220 85 256 188 85 257 176 86 258 207 86 259 175 86 260 163 87 261 194 87 262 162 87 263 190 88 264 221 88 265 189 88 266 177 89 267 208 89 268 176 89 269 164 90 270 195 90 271 163 90 272 191 91 273 222 91 274 190 91 275 178 92 276 209 92 277 177 92 278 165 93 279 196 93 280 164 93 281 161 94 282 223 94 283 191 94 284 179 95 285 210 95 286 178 95 287 166 96 288 197 96 289 165 96 290 180 97 291 211 97 292 179 97 293 167 98 294 198 98 295 166 98 296 194 99 297 224 99 298 192 99 299 221 100 300 252 100 301 220 100 302 208 101 303 239 101 304 207 101 305 195 102 306 226 102 307 194 102 308 222 103 309 253 103 310 221 103 311 209 104 312 240 104 313 208 104 314 196 105 315 227 105 316 195 105 317 223 106 318 254 106 319 222 106 320 210 107 321 241 107 322 209 107 323 197 108 324 228 108 325 196 108 326 193 109 327 255 109 328 223 109 329 211 110 330 242 110 331 210 110 332 198 111 333 229 111 334 197 111 335 212 112 336 243 112 337 211 112 338 199 113 339 230 113 340 198 113 341 213 114 342 244 114 343 212 114 344 200 115 345 231 115 346 199 115 347 214 116 348 245 116 349 213 116 350 201 117 351 232 117 352 200 117 353 215 118 354 246 118 355 214 118 356 202 119 357 233 119 358 201 119 359 216 120 360 247 120 361 215 120 362 203 121 363 234 121 364 202 121 365 217 122 366 248 122 367 216 122 368 204 123 369 235 123 370 203 123 371 218 124 372 249 124 373 217 124 374 205 125 375 236 125 376 204 125 377 219 126 378 250 126 379 218 126 380 206 127 381 237 127 382 205 127 383 192 128 384 225 128 385 193 128 386 220 129 387 251 129 388 219 129 389 207 130 390 238 130 391 206 130 392 240 131 393 248 131 394 225 131 395 284 132 396 257 132 397 272 132 398 304 133 399 312 133 400 289 133 401 132 134 402 291 134 403 131 134 404 106 135 405 265 135 406 105 135 407 13 136 408 172 136 409 12 136 410 159 137 411 318 137 412 158 137 413 133 138 414 292 138 415 132 138 416 107 139 417 266 139 418 106 139 419 14 140 420 173 140 421 13 140 422 128 141 423 319 141 424 159 141 425 134 142 426 293 142 427 133 142 428 108 143 429 267 143 430 107 143 431 15 144 432 174 144 433 14 144 434 135 145 435 294 145 436 134 145 437 109 146 438 268 146 439 108 146 440 16 147 441 175 147 442 15 147 443 136 148 444 295 148 445 135 148 446 110 149 447 269 149 448 109 149 449 17 150 450 176 150 451 16 150 452 137 151 453 296 151 454 136 151 455 111 152 456 270 152 457 110 152 458 18 153 459 177 153 460 17 153 461 138 154 462 297 154 463 137 154 464 112 155 465 271 155 466 111 155 467 19 156 468 178 156 469 18 156 470 139 157 471 298 157 472 138 157 473 113 158 474 272 158 475 112 158 476 20 159 477 179 159 478 19 159 479 140 160 480 299 160 481 139 160 482 114 161 483 273 161 484 113 161 485 21 162 486 180 162 487 20 162 488 141 163 489 300 163 490 140 163 491 115 164 492 274 164 493 114 164 494 22 165 495 181 165 496 21 165 497 142 166 498 301 166 499 141 166 500 116 167 501 275 167 502 115 167 503 23 168 504 182 168 505 22 168 506 143 169 507 302 169 508 142 169 509 117 170 510 276 170 511 116 170 512 24 171 513 183 171 514 23 171 515 144 172 516 303 172 517 143 172 518 118 173 519 277 173 520 117 173 521 25 174 522 184 174 523 24 174 524 145 175 525 304 175 526 144 175 527 119 176 528 278 176 529 118 176 530 26 177 531 185 177 532 25 177 533 146 178 534 305 178 535 145 178 536 120 179 537 279 179 538 119 179 539 27 180 540 186 180 541 26 180 542 1 181 543 161 181 544 0 181 545 147 182 546 306 182 547 146 182 548 121 183 549 280 183 550 120 183 551 28 184 552 187 184 553 27 184 554 2 185 555 160 185 556 1 185 557 148 186 558 307 186 559 147 186 560 122 187 561 281 187 562 121 187 563 29 188 564 188 188 565 28 188 566 3 189 567 162 189 568 2 189 569 149 190 570 308 190 571 148 190 572 123 191 573 282 191 574 122 191 575 30 192 576 189 192 577 29 192 578 97 193 579 257 193 580 96 193 581 4 194 582 163 194 583 3 194 584 150 195 585 309 195 586 149 195 587 124 196 588 283 196 589 123 196 590 31 197 591 190 197 592 30 197 593 98 198 594 256 198 595 97 198 596 5 199 597 164 199 598 4 199 599 151 200 600 310 200 601 150 200 602 125 201 603 284 201 604 124 201 605 0 202 606 191 202 607 31 202 608 99 203 609 258 203 610 98 203 611 6 204 612 165 204 613 5 204 614 152 205 615 311 205 616 151 205 617 126 206 618 285 206 619 125 206 620 100 207 621 259 207 622 99 207 623 7 208 624 166 208 625 6 208 626 153 209 627 312 209 628 152 209 629 127 210 630 286 210 631 126 210 632 101 211 633 260 211 634 100 211 635 8 212 636 167 212 637 7 212 638 154 213 639 313 213 640 153 213 641 96 214 642 287 214 643 127 214 644 102 215 645 261 215 646 101 215 647 9 216 648 168 216 649 8 216 650 155 217 651 314 217 652 154 217 653 129 218 654 289 218 655 128 218 656 103 219 657 262 219 658 102 219 659 10 220 660 169 220 661 9 220 662 156 221 663 315 221 664 155 221 665 130 222 666 288 222 667 129 222 668 104 223 669 263 223 670 103 223 671 11 224 672 170 224 673 10 224 674 157 225 675 316 225 676 156 225 677 131 226 678 290 226 679 130 226 680 105 227 681 264 227 682 104 227 683 12 228 684 171 228 685 11 228 686 158 229 687 317 229 688 157 229 689 52 230 690 53 230 691 21 230 692 39 231 693 40 231 694 8 231 695 53 232 696 54 232 697 22 232 698 40 233 699 41 233 700 9 233 701 54 234 702 55 234 703 23 234 704 41 235 705 42 235 706 10 235 707 55 236 708 56 236 709 24 236 710 42 237 711 43 237 712 11 237 713 56 238 714 57 238 715 25 238 716 43 239 717 44 239 718 12 239 719 57 240 720 58 240 721 26 240 722 44 241 723 45 241 724 13 241 725 58 242 726 59 242 727 27 242 728 45 243 729 46 243 730 14 243 731 32 244 732 33 244 733 1 244 734 59 245 735 60 245 736 28 245 737 46 246 738 47 246 739 15 246 740 33 247 741 34 247 742 2 247 743 60 248 744 61 248 745 29 248 746 47 249 747 48 249 748 16 249 749 34 250 750 35 250 751 3 250 752 61 251 753 62 251 754 30 251 755 48 252 756 49 252 757 17 252 758 35 253 759 36 253 760 4 253 761 62 254 762 63 254 763 31 254 764 49 255 765 50 255 766 18 255 767 36 256 768 37 256 769 5 256 770 63 257 771 32 257 772 0 257 773 50 258 774 51 258 775 19 258 776 37 259 777 38 259 778 6 259 779 51 260 780 52 260 781 20 260 782 38 261 783 39 261 784 7 261 785 65 262 786 66 262 787 34 262 788 92 263 789 93 263 790 61 263 791 79 264 792 80 264 793 48 264 794 66 265 795 67 265 796 35 265 797 93 266 798 94 266 799 62 266 800 80 267 801 81 267 802 49 267 803 67 268 804 68 268 805 36 268 806 94 269 807 95 269 808 63 269 809 81 270 810 82 270 811 50 270 812 68 271 813 69 271 814 37 271 815 95 272 816 64 272 817 32 272 818 82 273 819 83 273 820 51 273 821 69 274 822 70 274 823 38 274 824 83 275 825 84 275 826 52 275 827 70 276 828 71 276 829 39 276 830 84 277 831 85 277 832 53 277 833 71 278 834 72 278 835 40 278 836 85 279 837 86 279 838 54 279 839 72 280 840 73 280 841 41 280 842 86 281 843 87 281 844 55 281 845 73 282 846 74 282 847 42 282 848 87 283 849 88 283 850 56 283 851 74 284 852 75 284 853 43 284 854 88 285 855 89 285 856 57 285 857 75 286 858 76 286 859 44 286 860 89 287 861 90 287 862 58 287 863 76 288 864 77 288 865 45 288 866 90 289 867 91 289 868 59 289 869 77 290 870 78 290 871 46 290 872 64 291 873 65 291 874 33 291 875 91 292 876 92 292 877 60 292 878 78 293 879 79 293 880 47 293 881 66 294 882 65 294 883 64 294 884 64 295 885 95 295 886 66 295 887 95 296 888 94 296 889 66 296 890 94 297 891 93 297 892 92 297 893 92 298 894 91 298 895 90 298 896 90 299 897 89 299 898 88 299 899 88 300 900 87 300 901 90 300 902 87 301 903 86 301 904 90 301 905 86 302 906 85 302 907 84 302 908 84 303 909 83 303 910 82 303 911 82 304 912 81 304 913 78 304 914 81 305 915 80 305 916 78 305 917 80 306 918 79 306 919 78 306 920 78 307 921 77 307 922 76 307 923 76 308 924 75 308 925 74 308 926 74 309 927 73 309 928 70 309 929 73 310 930 72 310 931 70 310 932 72 311 933 71 311 934 70 311 935 70 312 936 69 312 937 68 312 938 68 313 939 67 313 940 66 313 941 94 314 942 92 314 943 66 314 944 92 315 945 90 315 946 66 315 947 86 316 948 84 316 949 90 316 950 84 317 951 82 317 952 90 317 953 78 318 954 76 318 955 82 318 956 76 319 957 74 319 958 82 319 959 70 320 960 68 320 961 74 320 962 68 321 963 66 321 964 74 321 965 66 322 966 90 322 967 82 322 968 98 323 969 97 323 970 96 323 971 96 324 972 127 324 973 126 324 974 126 325 975 125 325 976 124 325 977 124 326 978 123 326 979 122 326 980 122 327 981 121 327 982 118 327 983 121 328 984 120 328 985 118 328 986 120 329 987 119 329 988 118 329 989 118 330 990 117 330 991 116 330 992 116 331 993 115 331 994 114 331 995 114 332 996 113 332 997 112 332 998 112 333 999 111 333 1000 110 333 1001 110 334 1002 109 334 1003 108 334 1004 108 335 1005 107 335 1006 106 335 1007 106 336 1008 105 336 1009 104 336 1010 104 337 1011 103 337 1012 106 337 1013 103 338 1014 102 338 1015 106 338 1016 102 339 1017 101 339 1018 100 339 1019 100 340 1020 99 340 1021 98 340 1022 98 341 1023 96 341 1024 126 341 1025 126 342 1026 124 342 1027 98 342 1028 124 343 1029 122 343 1030 98 343 1031 118 344 1032 116 344 1033 122 344 1034 116 345 1035 114 345 1036 122 345 1037 114 346 1038 112 346 1039 110 346 1040 110 347 1041 108 347 1042 114 347 1043 108 348 1044 106 348 1045 114 348 1046 102 349 1047 100 349 1048 106 349 1049 100 350 1050 98 350 1051 106 350 1052 98 351 1053 122 351 1054 114 351 1055 130 352 1056 129 352 1057 128 352 1058 128 353 1059 159 353 1060 158 353 1061 158 354 1062 157 354 1063 154 354 1064 157 355 1065 156 355 1066 154 355 1067 156 356 1068 155 356 1069 154 356 1070 154 357 1071 153 357 1072 152 357 1073 152 358 1074 151 358 1075 150 358 1076 150 359 1077 149 359 1078 148 359 1079 148 360 1080 147 360 1081 150 360 1082 147 361 1083 146 361 1084 150 361 1085 146 362 1086 145 362 1087 144 362 1088 144 363 1089 143 363 1090 142 363 1091 142 364 1092 141 364 1093 140 364 1094 140 365 1095 139 365 1096 138 365 1097 138 366 1098 137 366 1099 136 366 1100 136 367 1101 135 367 1102 134 367 1103 134 368 1104 133 368 1105 132 368 1106 132 369 1107 131 369 1108 130 369 1109 130 370 1110 128 370 1111 154 370 1112 128 371 1113 158 371 1114 154 371 1115 154 372 1116 152 372 1117 150 372 1118 146 373 1119 144 373 1120 142 373 1121 142 374 1122 140 374 1123 146 374 1124 140 375 1125 138 375 1126 146 375 1127 138 376 1128 136 376 1129 134 376 1130 134 377 1131 132 377 1132 138 377 1133 132 378 1134 130 378 1135 138 378 1136 154 379 1137 150 379 1138 130 379 1139 150 380 1140 146 380 1141 130 380 1142 181 381 1143 213 381 1144 212 381 1145 168 382 1146 200 382 1147 199 382 1148 182 383 1149 214 383 1150 213 383 1151 169 384 1152 201 384 1153 200 384 1154 183 385 1155 215 385 1156 214 385 1157 170 386 1158 202 386 1159 201 386 1160 184 387 1161 216 387 1162 215 387 1163 171 388 1164 203 388 1165 202 388 1166 185 389 1167 217 389 1168 216 389 1169 172 390 1170 204 390 1171 203 390 1172 186 391 1173 218 391 1174 217 391 1175 173 392 1176 205 392 1177 204 392 1178 187 393 1179 219 393 1180 218 393 1181 174 394 1182 206 394 1183 205 394 1184 160 395 1185 192 395 1186 193 395 1187 188 396 1188 220 396 1189 219 396 1190 175 397 1191 207 397 1192 206 397 1193 162 398 1194 194 398 1195 192 398 1196 189 399 1197 221 399 1198 220 399 1199 176 400 1200 208 400 1201 207 400 1202 163 401 1203 195 401 1204 194 401 1205 190 402 1206 222 402 1207 221 402 1208 177 403 1209 209 403 1210 208 403 1211 164 404 1212 196 404 1213 195 404 1214 191 405 1215 223 405 1216 222 405 1217 178 406 1218 210 406 1219 209 406 1220 165 407 1221 197 407 1222 196 407 1223 161 408 1224 193 408 1225 223 408 1226 179 409 1227 211 409 1228 210 409 1229 166 410 1230 198 410 1231 197 410 1232 180 411 1233 212 411 1234 211 411 1235 167 412 1236 199 412 1237 198 412 1238 194 413 1239 226 413 1240 224 413 1241 221 414 1242 253 414 1243 252 414 1244 208 415 1245 240 415 1246 239 415 1247 195 416 1248 227 416 1249 226 416 1250 222 417 1251 254 417 1252 253 417 1253 209 418 1254 241 418 1255 240 418 1256 196 419 1257 228 419 1258 227 419 1259 223 420 1260 255 420 1261 254 420 1262 210 421 1263 242 421 1264 241 421 1265 197 422 1266 229 422 1267 228 422 1268 193 423 1269 225 423 1270 255 423 1271 211 424 1272 243 424 1273 242 424 1274 198 425 1275 230 425 1276 229 425 1277 212 426 1278 244 426 1279 243 426 1280 199 427 1281 231 427 1282 230 427 1283 213 428 1284 245 428 1285 244 428 1286 200 429 1287 232 429 1288 231 429 1289 214 430 1290 246 430 1291 245 430 1292 201 431 1293 233 431 1294 232 431 1295 215 432 1296 247 432 1297 246 432 1298 202 433 1299 234 433 1300 233 433 1301 216 434 1302 248 434 1303 247 434 1304 203 435 1305 235 435 1306 234 435 1307 217 436 1308 249 436 1309 248 436 1310 204 437 1311 236 437 1312 235 437 1313 218 438 1314 250 438 1315 249 438 1316 205 439 1317 237 439 1318 236 439 1319 219 440 1320 251 440 1321 250 440 1322 206 441 1323 238 441 1324 237 441 1325 192 442 1326 224 442 1327 225 442 1328 220 443 1329 252 443 1330 251 443 1331 207 444 1332 239 444 1333 238 444 1334 225 445 1335 224 445 1336 228 445 1337 224 446 1338 226 446 1339 228 446 1340 226 447 1341 227 447 1342 228 447 1343 228 448 1344 229 448 1345 230 448 1346 230 449 1347 231 449 1348 228 449 1349 231 450 1350 232 450 1351 228 450 1352 232 451 1353 233 451 1354 236 451 1355 233 452 1356 234 452 1357 236 452 1358 234 453 1359 235 453 1360 236 453 1361 236 454 1362 237 454 1363 238 454 1364 238 455 1365 239 455 1366 236 455 1367 239 456 1368 240 456 1369 236 456 1370 240 457 1371 241 457 1372 244 457 1373 241 458 1374 242 458 1375 244 458 1376 242 459 1377 243 459 1378 244 459 1379 244 460 1380 245 460 1381 246 460 1382 246 461 1383 247 461 1384 244 461 1385 247 462 1386 248 462 1387 244 462 1388 248 463 1389 249 463 1390 252 463 1391 249 464 1392 250 464 1393 252 464 1394 250 465 1395 251 465 1396 252 465 1397 252 466 1398 253 466 1399 254 466 1400 254 467 1401 255 467 1402 252 467 1403 255 468 1404 225 468 1405 252 468 1406 225 469 1407 228 469 1408 232 469 1409 232 470 1410 236 470 1411 240 470 1412 240 471 1413 244 471 1414 248 471 1415 248 472 1416 252 472 1417 225 472 1418 225 473 1419 232 473 1420 240 473 1421 257 474 1422 256 474 1423 258 474 1424 258 475 1425 259 475 1426 257 475 1427 259 476 1428 260 476 1429 257 476 1430 260 477 1431 261 477 1432 262 477 1433 262 478 1434 263 478 1435 260 478 1436 263 479 1437 264 479 1438 260 479 1439 264 480 1440 265 480 1441 268 480 1442 265 481 1443 266 481 1444 268 481 1445 266 482 1446 267 482 1447 268 482 1448 268 483 1449 269 483 1450 272 483 1451 269 484 1452 270 484 1453 272 484 1454 270 485 1455 271 485 1456 272 485 1457 272 486 1458 273 486 1459 274 486 1460 274 487 1461 275 487 1462 272 487 1463 275 488 1464 276 488 1465 272 488 1466 276 489 1467 277 489 1468 278 489 1469 278 490 1470 279 490 1471 276 490 1472 279 491 1473 280 491 1474 276 491 1475 280 492 1476 281 492 1477 284 492 1478 281 493 1479 282 493 1480 284 493 1481 282 494 1482 283 494 1483 284 494 1484 284 495 1485 285 495 1486 257 495 1487 285 496 1488 286 496 1489 257 496 1490 286 497 1491 287 497 1492 257 497 1493 257 498 1494 260 498 1495 264 498 1496 264 499 1497 268 499 1498 257 499 1499 268 500 1500 272 500 1501 257 500 1502 272 501 1503 276 501 1504 280 501 1505 280 502 1506 284 502 1507 272 502 1508 289 503 1509 288 503 1510 290 503 1511 290 504 1512 291 504 1513 289 504 1514 291 505 1515 292 505 1516 289 505 1517 292 506 1518 293 506 1519 296 506 1520 293 507 1521 294 507 1522 296 507 1523 294 508 1524 295 508 1525 296 508 1526 296 509 1527 297 509 1528 298 509 1529 298 510 1530 299 510 1531 296 510 1532 299 511 1533 300 511 1534 296 511 1535 300 512 1536 301 512 1537 304 512 1538 301 513 1539 302 513 1540 304 513 1541 302 514 1542 303 514 1543 304 514 1544 304 515 1545 305 515 1546 306 515 1547 306 516 1548 307 516 1549 304 516 1550 307 517 1551 308 517 1552 304 517 1553 308 518 1554 309 518 1555 310 518 1556 310 519 1557 311 519 1558 312 519 1559 312 520 1560 313 520 1561 314 520 1562 314 521 1563 315 521 1564 316 521 1565 316 522 1566 317 522 1567 289 522 1568 317 523 1569 318 523 1570 289 523 1571 318 524 1572 319 524 1573 289 524 1574 308 525 1575 310 525 1576 304 525 1577 310 526 1578 312 526 1579 304 526 1580 312 527 1581 314 527 1582 289 527 1583 314 528 1584 316 528 1585 289 528 1586 289 529 1587 292 529 1588 296 529 1589 296 530 1590 300 530 1591 289 530 1592 300 531 1593 304 531 1594 289 531 1595 132 532 1596 292 532 1597 291 532 1598 106 533 1599 266 533 1600 265 533 1601 13 534 1602 173 534 1603 172 534 1604 159 535 1605 319 535 1606 318 535 1607 133 536 1608 293 536 1609 292 536 1610 107 537 1611 267 537 1612 266 537 1613 14 538 1614 174 538 1615 173 538 1616 128 539 1617 289 539 1618 319 539 1619 134 540 1620 294 540 1621 293 540 1622 108 541 1623 268 541 1624 267 541 1625 15 542 1626 175 542 1627 174 542 1628 135 543 1629 295 543 1630 294 543 1631 109 544 1632 269 544 1633 268 544 1634 16 545 1635 176 545 1636 175 545 1637 136 546 1638 296 546 1639 295 546 1640 110 547 1641 270 547 1642 269 547 1643 17 548 1644 177 548 1645 176 548 1646 137 549 1647 297 549 1648 296 549 1649 111 550 1650 271 550 1651 270 550 1652 18 551 1653 178 551 1654 177 551 1655 138 552 1656 298 552 1657 297 552 1658 112 553 1659 272 553 1660 271 553 1661 19 554 1662 179 554 1663 178 554 1664 139 555 1665 299 555 1666 298 555 1667 113 556 1668 273 556 1669 272 556 1670 20 557 1671 180 557 1672 179 557 1673 140 558 1674 300 558 1675 299 558 1676 114 559 1677 274 559 1678 273 559 1679 21 560 1680 181 560 1681 180 560 1682 141 561 1683 301 561 1684 300 561 1685 115 562 1686 275 562 1687 274 562 1688 22 563 1689 182 563 1690 181 563 1691 142 564 1692 302 564 1693 301 564 1694 116 565 1695 276 565 1696 275 565 1697 23 566 1698 183 566 1699 182 566 1700 143 567 1701 303 567 1702 302 567 1703 117 568 1704 277 568 1705 276 568 1706 24 569 1707 184 569 1708 183 569 1709 144 570 1710 304 570 1711 303 570 1712 118 571 1713 278 571 1714 277 571 1715 25 572 1716 185 572 1717 184 572 1718 145 573 1719 305 573 1720 304 573 1721 119 574 1722 279 574 1723 278 574 1724 26 575 1725 186 575 1726 185 575 1727 146 576 1728 306 576 1729 305 576 1730 120 577 1731 280 577 1732 279 577 1733 27 578 1734 187 578 1735 186 578 1736 1 579 1737 160 579 1738 161 579 1739 147 580 1740 307 580 1741 306 580 1742 121 581 1743 281 581 1744 280 581 1745 28 582 1746 188 582 1747 187 582 1748 2 583 1749 162 583 1750 160 583 1751 148 584 1752 308 584 1753 307 584 1754 122 585 1755 282 585 1756 281 585 1757 29 586 1758 189 586 1759 188 586 1760 3 587 1761 163 587 1762 162 587 1763 149 588 1764 309 588 1765 308 588 1766 123 589 1767 283 589 1768 282 589 1769 30 590 1770 190 590 1771 189 590 1772 97 591 1773 256 591 1774 257 591 1775 4 592 1776 164 592 1777 163 592 1778 150 593 1779 310 593 1780 309 593 1781 124 594 1782 284 594 1783 283 594 1784 31 595 1785 191 595 1786 190 595 1787 98 596 1788 258 596 1789 256 596 1790 5 597 1791 165 597 1792 164 597 1793 151 598 1794 311 598 1795 310 598 1796 125 599 1797 285 599 1798 284 599 1799 0 600 1800 161 600 1801 191 600 1802 99 601 1803 259 601 1804 258 601 1805 6 602 1806 166 602 1807 165 602 1808 152 603 1809 312 603 1810 311 603 1811 126 604 1812 286 604 1813 285 604 1814 100 605 1815 260 605 1816 259 605 1817 7 606 1818 167 606 1819 166 606 1820 153 607 1821 313 607 1822 312 607 1823 127 608 1824 287 608 1825 286 608 1826 101 609 1827 261 609 1828 260 609 1829 8 610 1830 168 610 1831 167 610 1832 154 611 1833 314 611 1834 313 611 1835 96 612 1836 257 612 1837 287 612 1838 102 613 1839 262 613 1840 261 613 1841 9 614 1842 169 614 1843 168 614 1844 155 615 1845 315 615 1846 314 615 1847 129 616 1848 288 616 1849 289 616 1850 103 617 1851 263 617 1852 262 617 1853 10 618 1854 170 618 1855 169 618 1856 156 619 1857 316 619 1858 315 619 1859 130 620 1860 290 620 1861 288 620 1862 104 621 1863 264 621 1864 263 621 1865 11 622 1866 171 622 1867 170 622 1868 157 623 1869 317 623 1870 316 623 1871 131 624 1872 291 624 1873 290 624 1874 105 625 1875 265 625 1876 264 625 1877 12 626 1878 172 626 1879 171 626 1880 158 627 1881 318 627 1882 317 627 1883</p>
        </triangles>
      </mesh>
    </geometry>
    <geometry id="Plane_023-mesh" name="Plane.023">
      <mesh>
        <source id="Plane_023-mesh-positions">
          <float_array id="Plane_023-mesh-positions-array" count="48">-0.9413548 -0.3437557 0 0.9519711 -0.3437557 0 -0.9413548 0.6995382 0 0.9519711 0.6995382 0 -0.9413548 0.6995382 1.087713 -0.9413548 -0.3437557 1.087713 0.9519711 -0.3437557 1.087713 0.9519711 0.6995382 1.087713 -0.3695468 -0.8641034 0 0.3042299 -0.8641034 0 -0.3695468 -0.3437567 0 0.3042299 -0.3437567 0 -0.3695468 -0.3437567 0.9482724 -0.3695468 -0.8641034 0.9482724 0.3042299 -0.8641034 0.9482724 0.3042299 -0.3437567 0.9482724</float_array>
          <technique_common>
            <accessor source="#Plane_023-mesh-positions-array" count="16" stride="3">
              <param name="X" type="float"/>
              <param name="Y" type="float"/>
              <param name="Z" type="float"/>
            </accessor>
          </technique_common>
        </source>
        <source id="Plane_023-mesh-normals">
          <float_array id="Plane_023-mesh-normals-array" count="72">0 0 -1 0 0 1 1 0 0 -1 0 0 0 1 0 0 -1 0 0 0 -1 0 0 1 0 1 0 0 -1 0 1 0 0 -1 0 0 0 0 -1 0 0 1 1 0 0 -1 0 0 0 1 0 0 -1 0 0 0 -1 0 0 1 0 1 0 0 -1 0 1 0 0 -1 0 0</float_array>
          <technique_common>
            <accessor source="#Plane_023-mesh-normals-array" count="24" stride="3">
              <param name="X" type="float"/>
              <param name="Y" type="float"/>
              <param name="Z" type="float"/>
            </accessor>
          </technique_common>
        </source>
        <source id="Plane_023-mesh-map-0">
          <float_array id="Plane_023-mesh-map-0-array" count="144">0 1 1 0 0 0 1 0 0 1 0 0 1 1 1 0 1 0 0 0 0 1 0 1 0 1 1 1 1 1 1 0 0 0 0 0 0 1 1 0 0 0 1 0 0 1 0 0 0 1 1 1 1 1 1 0 0 0 0 0 1 1 1 0 1 0 0 0 0 1 0 1 0 1 1 1 1 0 1 0 1 1 0 1 1 1 1 1 1 0 0 0 0 0 0 1 0 1 0 1 1 1 1 0 1 0 0 0 0 1 1 1 1 0 1 0 1 1 0 1 0 1 0 1 1 1 1 0 1 0 0 0 1 1 1 1 1 0 0 0 0 0 0 1</float_array>
          <technique_common>
            <accessor source="#Plane_023-mesh-map-0-array" count="72" stride="2">
              <param name="S" type="float"/>
              <param name="T" type="float"/>
            </accessor>
          </technique_common>
        </source>
        <vertices id="Plane_023-mesh-vertices">
          <input semantic="POSITION" source="#Plane_023-mesh-positions"/>
        </vertices>
        <triangles count="24">
          <input semantic="VERTEX" source="#Plane_023-mesh-vertices" offset="0"/>
          <input semantic="NORMAL" source="#Plane_023-mesh-normals" offset="1"/>
          <input semantic="TEXCOORD" source="#Plane_023-mesh-map-0" offset="2" set="0"/>
          <p>2 0 0 1 0 1 0 0 2 6 1 3 4 1 4 5 1 5 3 2 6 6 2 7 1 2 8 0 3 9 4 3 10 2 3 11 2 4 12 7 4 13 3 4 14 1 5 15 5 5 16 0 5 17 10 6 18 9 6 19 8 6 20 14 7 21 12 7 22 13 7 23 10 8 24 15 8 25 11 8 26 9 9 27 13 9 28 8 9 29 11 10 30 14 10 31 9 10 32 8 11 33 12 11 34 10 11 35 2 12 36 3 12 37 1 12 38 6 13 39 7 13 40 4 13 41 3 14 42 7 14 43 6 14 44 0 15 45 5 15 46 4 15 47 2 16 48 4 16 49 7 16 50 1 17 51 6 17 52 5 17 53 10 18 54 11 18 55 9 18 56 14 19 57 15 19 58 12 19 59 10 20 60 12 20 61 15 20 62 9 21 63 14 21 64 13 21 65 11 22 66 15 22 67 14 22 68 8 23 69 13 23 70 12 23 71</p>
        </triangles>
      </mesh>
    </geometry>
    <geometry id="Plane_022-mesh" name="Plane.022">
      <mesh>
        <source id="Plane_022-mesh-positions">
          <float_array id="Plane_022-mesh-positions-array" count="48">-0.9413548 -0.3437557 0 0.9519711 -0.3437557 0 -0.9413548 0.6995382 0 0.9519711 0.6995382 0 -0.9413548 0.6995382 1.087713 -0.9413548 -0.3437557 1.087713 0.9519711 -0.3437557 1.087713 0.9519711 0.6995382 1.087713 -0.3695468 -0.8641034 0 0.3042299 -0.8641034 0 -0.3695468 -0.3437567 0 0.3042299 -0.3437567 0 -0.3695468 -0.3437567 0.9482724 -0.3695468 -0.8641034 0.9482724 0.3042299 -0.8641034 0.9482724 0.3042299 -0.3437567 0.9482724</float_array>
          <technique_common>
            <accessor source="#Plane_022-mesh-positions-array" count="16" stride="3">
              <param name="X" type="float"/>
              <param name="Y" type="float"/>
              <param name="Z" type="float"/>
            </accessor>
          </technique_common>
        </source>
        <source id="Plane_022-mesh-normals">
          <float_array id="Plane_022-mesh-normals-array" count="72">0 0 -1 0 0 1 1 0 0 -1 0 0 0 1 0 0 -1 0 0 0 -1 0 0 1 0 1 0 0 -1 0 1 0 0 -1 0 0 0 0 -1 0 0 1 1 0 0 -1 0 0 0 1 0 0 -1 0 0 0 -1 0 0 1 0 1 0 0 -1 0 1 0 0 -1 0 0</float_array>
          <technique_common>
            <accessor source="#Plane_022-mesh-normals-array" count="24" stride="3">
              <param name="X" type="float"/>
              <param name="Y" type="float"/>
              <param name="Z" type="float"/>
            </accessor>
          </technique_common>
        </source>
        <source id="Plane_022-mesh-map-0">
          <float_array id="Plane_022-mesh-map-0-array" count="144">0 1 1 0 0 0 1 0 0 1 0 0 1 1 1 0 1 0 0 0 0 1 0 1 0 1 1 1 1 1 1 0 0 0 0 0 0 1 1 0 0 0 1 0 0 1 0 0 0 1 1 1 1 1 1 0 0 0 0 0 1 1 1 0 1 0 0 0 0 1 0 1 0 1 1 1 1 0 1 0 1 1 0 1 1 1 1 1 1 0 0 0 0 0 0 1 0 1 0 1 1 1 1 0 1 0 0 0 0 1 1 1 1 0 1 0 1 1 0 1 0 1 0 1 1 1 1 0 1 0 0 0 1 1 1 1 1 0 0 0 0 0 0 1</float_array>
          <technique_common>
            <accessor source="#Plane_022-mesh-map-0-array" count="72" stride="2">
              <param name="S" type="float"/>
              <param name="T" type="float"/>
            </accessor>
          </technique_common>
        </source>
        <vertices id="Plane_022-mesh-vertices">
          <input semantic="POSITION" source="#Plane_022-mesh-positions"/>
        </vertices>
        <triangles count="24">
          <input semantic="VERTEX" source="#Plane_022-mesh-vertices" offset="0"/>
          <input semantic="NORMAL" source="#Plane_022-mesh-normals" offset="1"/>
          <input semantic="TEXCOORD" source="#Plane_022-mesh-map-0" offset="2" set="0"/>
          <p>2 0 0 1 0 1 0 0 2 6 1 3 4 1 4 5 1 5 3 2 6 6 2 7 1 2 8 0 3 9 4 3 10 2 3 11 2 4 12 7 4 13 3 4 14 1 5 15 5 5 16 0 5 17 10 6 18 9 6 19 8 6 20 14 7 21 12 7 22 13 7 23 10 8 24 15 8 25 11 8 26 9 9 27 13 9 28 8 9 29 11 10 30 14 10 31 9 10 32 8 11 33 12 11 34 10 11 35 2 12 36 3 12 37 1 12 38 6 13 39 7 13 40 4 13 41 3 14 42 7 14 43 6 14 44 0 15 45 5 15 46 4 15 47 2 16 48 4 16 49 7 16 50 1 17 51 6 17 52 5 17 53 10 18 54 11 18 55 9 18 56 14 19 57 15 19 58 12 19 59 10 20 60 12 20 61 15 20 62 9 21 63 14 21 64 13 21 65 11 22 66 15 22 67 14 22 68 8 23 69 13 23 70 12 23 71</p>
        </triangles>
      </mesh>
    </geometry>
    <geometry id="Plane_021-mesh" name="Plane.021">
      <mesh>
        <source id="Plane_021-mesh-positions">
          <float_array id="Plane_021-mesh-positions-array" count="180">-0.2425426 0.4475053 5.62668e-4 -0.6634663 0.4475053 5.62668e-4 -0.2425426 -0.0135619 5.62668e-4 -0.6634663 -0.0135619 5.62668e-4 5.582081 -0.2944336 0.7798435 -0.9804001 -0.2944336 0.7798435 -0.9804001 0.1973037 0.7798435 5.582081 0.1973037 0.7798435 5.582081 0.1973037 0 -0.9804001 0.1973037 0 5.582081 -0.2944336 0 -0.9804001 -0.2944336 0 3.69489 -0.0135619 5.62668e-4 4.115814 -0.0135619 5.62668e-4 3.69489 0.4475053 5.62668e-4 4.115814 0.4475053 5.62668e-4 3.014959 0.4475053 5.62668e-4 2.594035 0.4475053 5.62668e-4 3.014959 -0.0135619 5.62668e-4 2.594035 -0.0135619 5.62668e-4 1.505761 -0.0135619 5.62668e-4 1.926685 -0.0135619 5.62668e-4 1.505761 0.4475053 5.62668e-4 1.926685 0.4475053 5.62668e-4 0.8769604 0.4475053 5.62668e-4 0.4560367 0.4475053 5.62668e-4 0.8769604 -0.0135619 5.62668e-4 0.4560367 -0.0135619 5.62668e-4 -0.6634663 -0.0135619 5.62668e-4 -0.2425426 -0.0135619 5.62668e-4 -0.6634663 0.4475053 5.62668e-4 -0.2425426 0.4475053 5.62668e-4 4.864217 -0.0135619 5.62668e-4 5.28514 -0.0135619 5.62668e-4 4.864217 0.4475053 5.62668e-4 5.28514 0.4475053 5.62668e-4 3.014959 0.4475053 0.8748642 3.014959 -0.0135619 0.8748642 2.594035 -0.0135619 0.8748642 2.594035 0.4475053 0.8748642 1.505761 -0.0135619 0.8748642 1.505761 0.4475053 0.8748642 1.926685 -0.0135619 0.8748642 1.926685 0.4475053 0.8748642 0.4560367 0.4475053 0.8748642 0.8769604 0.4475053 0.8748642 0.8769604 -0.0135619 0.8748642 0.4560367 -0.0135619 0.8748642 -0.6634663 -0.0135619 0.8748642 -0.6634663 0.4475053 0.8748642 -0.2425426 -0.0135619 0.8748642 -0.2425426 0.4475053 0.8748642 4.115814 0.4475053 0.8748642 4.115814 -0.0135619 0.8748642 3.69489 -0.0135619 0.8748642 3.69489 0.4475053 0.8748642 5.28514 0.4475053 0.8748642 5.28514 -0.0135619 0.8748642 4.864217 -0.0135619 0.8748642 4.864217 0.4475053 0.8748642</float_array>
          <technique_common>
            <accessor source="#Plane_021-mesh-positions-array" count="60" stride="3">
              <param name="X" type="float"/>
              <param name="Y" type="float"/>
              <param name="Z" type="float"/>
            </accessor>
          </technique_common>
        </source>
        <source id="Plane_021-mesh-normals">
          <float_array id="Plane_021-mesh-normals-array" count="258">0 0 1 -1 0 0 0 -1 0 0 0 1 1 0 0 0 1 0 0 0 -1 0 0 -1 0 0 -1 0 0 -1 0 0 -1 0 0 -1 0 0 -1 0 0 1 0 0 1 0 0 1 0 0 1 0 0 1 0 0 1 0 -1 0 0 1 0 0 -1 0 1 0 0 1 0 0 1 0 0 0 1 0 0 -1 0 0 1 0 0 1 0 -1 0 0 1 0 0 0 1 0 1 0 0 0 1 0 0 -1 0 1 0 0 0 -1 0 -1 0 0 0 -1 0 -1 0 0 -1 0 0 -1 0 0 -1 0 0 0 0 1 -1 0 0 0 -1 0 0 0 1 1 0 0 0 1 0 0 0 -1 0 0 -1 0 0 -1 0 0 -1 0 0 -1 0 0 -1 0 0 -1 0 0 1 0 0 1 0 0 1 0 0 1 0 0 1 0 0 1 0 -1 0 0 1 0 0 -1 0 1 0 0 1 0 0 1 0 0 0 1 0 0 -1 0 0 1 0 0 1 0 -1 0 0 1 0 0 0 1 0 1 0 0 0 1 0 0 -1 0 1 0 0 0 -1 0 -1 0 0 0 -1 0 -1 0 0 -1 0 0 -1 0 0 -1 0 0</float_array>
          <technique_common>
            <accessor source="#Plane_021-mesh-normals-array" count="86" stride="3">
              <param name="X" type="float"/>
              <param name="Y" type="float"/>
              <param name="Z" type="float"/>
            </accessor>
          </technique_common>
        </source>
        <source id="Plane_021-mesh-map-0">
          <float_array id="Plane_021-mesh-map-0-array" count="516">1 0 0 1 0 0 0 0 0 1 0 1 1 0 0 0 0 0 1 0 0 1 0 0 1 1 1 0 1 0 0 1 1 1 1 1 0 1 1 0 0 0 0 1 1 0 0 0 0 1 1 0 0 0 0 1 1 0 0 0 0 1 1 0 0 0 0 1 1 0 0 0 0 1 1 0 0 0 1 0 0 1 0 0 1 0 0 1 0 0 1 0 0 1 0 0 1 0 0 1 0 0 1 0 0 1 0 0 1 0 0 1 0 0 1 0 0 0 0 0 0 1 1 1 1 1 1 0 0 0 0 0 1 1 1 0 1 0 1 1 1 0 1 0 1 1 1 0 1 0 0 1 1 1 1 1 1 0 0 0 0 0 0 1 1 1 1 1 0 1 1 1 1 1 0 0 0 1 0 1 1 1 1 0 1 0 0 1 1 1 1 1 1 1 1 0 1 0 0 1 1 1 1 1 1 0 0 0 0 0 1 1 1 0 1 0 1 0 0 0 0 0 0 0 0 1 0 1 1 0 0 0 0 0 0 0 0 1 0 1 0 0 0 1 0 1 0 0 0 1 0 1 0 0 0 1 0 1 1 0 1 1 0 1 0 0 0 0 0 1 1 0 1 0 0 0 1 0 1 1 0 1 1 1 1 1 1 0 0 1 0 1 1 1 0 1 1 1 1 0 0 1 1 1 1 0 0 1 1 1 1 0 0 1 1 1 1 0 0 1 1 1 1 0 0 1 1 1 1 0 0 1 1 1 1 0 1 0 1 1 0 1 1 0 1 1 0 1 1 0 1 1 0 1 1 0 1 1 0 1 1 0 1 1 0 1 1 0 1 1 0 1 1 0 1 0 0 0 0 1 0 1 1 1 1 0 1 0 0 0 1 1 1 1 1 0 1 1 1 1 1 0 1 1 1 1 1 0 0 1 0 1 1 1 1 0 1 0 0 0 0 1 0 1 1 1 0 1 0 1 1 1 0 0 0 0 0 1 1 1 1 1 1 0 0 1 0 1 1 1 1 1 1 1 1 0 0 1 0 1 1 1 1 0 1 0 0 0 1 1 1 1 1 0 1 0 1 0 0 0 0 0 0 0 0 1 1 0 1 0 0 0 0 0 0 0 0 1 0 0 0 0 0 1 0 0 0 0 0 1 0 0 0 0 0 1</float_array>
          <technique_common>
            <accessor source="#Plane_021-mesh-map-0-array" count="258" stride="2">
              <param name="S" type="float"/>
              <param name="T" type="float"/>
            </accessor>
          </technique_common>
        </source>
        <vertices id="Plane_021-mesh-vertices">
          <input semantic="POSITION" source="#Plane_021-mesh-positions"/>
        </vertices>
        <triangles count="86">
          <input semantic="VERTEX" source="#Plane_021-mesh-vertices" offset="0"/>
          <input semantic="NORMAL" source="#Plane_021-mesh-normals" offset="1"/>
          <input semantic="TEXCOORD" source="#Plane_021-mesh-map-0" offset="2" set="0"/>
          <p>2 0 0 1 0 1 3 0 2 11 1 3 6 1 4 9 1 5 10 2 6 5 2 7 11 2 8 4 3 9 6 3 10 5 3 11 8 4 12 4 4 13 10 4 14 9 5 15 7 5 16 8 5 17 9 6 18 10 6 19 11 6 20 30 7 21 29 7 22 28 7 23 25 8 24 26 8 25 27 8 26 22 9 27 21 9 28 20 9 29 17 10 30 18 10 31 19 10 32 14 11 33 13 11 34 12 11 35 34 12 36 33 12 37 32 12 38 50 13 39 49 13 40 48 13 41 46 14 42 44 14 43 47 14 44 42 15 45 41 15 46 40 15 47 37 16 48 39 16 49 38 16 50 53 17 51 55 17 52 54 17 53 57 18 54 59 18 55 58 18 56 21 19 57 40 19 58 20 19 59 14 20 60 52 20 61 15 20 62 29 21 63 48 21 64 28 21 65 23 22 66 42 22 67 21 22 68 35 23 69 57 23 70 33 23 71 31 24 72 50 24 73 29 24 74 22 25 75 43 25 76 23 25 77 33 26 78 58 26 79 32 26 80 30 27 81 51 27 82 31 27 83 25 28 84 45 28 85 24 28 86 32 29 87 59 29 88 34 29 89 16 30 90 37 30 91 18 30 92 17 31 93 36 31 94 16 31 95 24 32 96 46 32 97 26 32 98 34 33 99 56 33 100 35 33 101 18 34 102 38 34 103 19 34 104 15 35 105 53 35 106 13 35 107 26 36 108 47 36 109 27 36 110 19 37 111 39 37 112 17 37 113 13 38 114 54 38 115 12 38 116 27 39 117 44 39 118 25 39 119 20 40 120 41 40 121 22 40 122 12 41 123 55 41 124 14 41 125 28 42 126 49 42 127 30 42 128 2 43 129 0 43 130 1 43 131 11 44 132 5 44 133 6 44 134 10 45 135 4 45 136 5 45 137 4 46 138 7 46 139 6 46 140 8 47 141 7 47 142 4 47 143 9 48 144 6 48 145 7 48 146 9 49 147 8 49 148 10 49 149 30 50 150 31 50 151 29 50 152 25 51 153 24 51 154 26 51 155 22 52 156 23 52 157 21 52 158 17 53 159 16 53 160 18 53 161 14 54 162 15 54 163 13 54 164 34 55 165 35 55 166 33 55 167 50 56 168 51 56 169 49 56 170 46 57 171 45 57 172 44 57 173 42 58 174 43 58 175 41 58 176 37 59 177 36 59 178 39 59 179 53 60 180 52 60 181 55 60 182 57 61 183 56 61 184 59 61 185 21 62 186 42 62 187 40 62 188 14 63 189 55 63 190 52 63 191 29 64 192 50 64 193 48 64 194 23 65 195 43 65 196 42 65 197 35 66 198 56 66 199 57 66 200 31 67 201 51 67 202 50 67 203 22 68 204 41 68 205 43 68 206 33 69 207 57 69 208 58 69 209 30 70 210 49 70 211 51 70 212 25 71 213 44 71 214 45 71 215 32 72 216 58 72 217 59 72 218 16 73 219 36 73 220 37 73 221 17 74 222 39 74 223 36 74 224 24 75 225 45 75 226 46 75 227 34 76 228 59 76 229 56 76 230 18 77 231 37 77 232 38 77 233 15 78 234 52 78 235 53 78 236 26 79 237 46 79 238 47 79 239 19 80 240 38 80 241 39 80 242 13 81 243 53 81 244 54 81 245 27 82 246 47 82 247 44 82 248 20 83 249 40 83 250 41 83 251 12 84 252 54 84 253 55 84 254 28 85 255 48 85 256 49 85 257</p>
        </triangles>
      </mesh>
    </geometry>
    <geometry id="Plane_020-mesh" name="Plane.020">
      <mesh>
        <source id="Plane_020-mesh-positions">
          <float_array id="Plane_020-mesh-positions-array" count="24">-0.9842892 0.1529636 0 5.729727 0.1529636 0 -0.9842892 0.9958344 0 5.729727 0.9958344 0 -0.9842892 0.9958344 2.780493 -0.9842892 0.1529636 2.780493 5.729727 0.1529636 2.780493 5.729727 0.9958344 2.780493</float_array>
          <technique_common>
            <accessor source="#Plane_020-mesh-positions-array" count="8" stride="3">
              <param name="X" type="float"/>
              <param name="Y" type="float"/>
              <param name="Z" type="float"/>
            </accessor>
          </technique_common>
        </source>
        <source id="Plane_020-mesh-normals">
          <float_array id="Plane_020-mesh-normals-array" count="36">0 0 -1 0 0 1 0 -1 0 1 0 0 -1 0 0 0 1 0 0 0 -1 0 0 1 0 -1 0 1 0 0 -1 0 0 0 1 0</float_array>
          <technique_common>
            <accessor source="#Plane_020-mesh-normals-array" count="12" stride="3">
              <param name="X" type="float"/>
              <param name="Y" type="float"/>
              <param name="Z" type="float"/>
            </accessor>
          </technique_common>
        </source>
        <source id="Plane_020-mesh-map-0">
          <float_array id="Plane_020-mesh-map-0-array" count="72">0 1 1 0 0 0 1 0 0 1 0 0 1 0 0 0 0 0 1 1 1 0 1 0 0 0 0 1 0 1 0 1 1 1 1 1 0 1 1 1 1 0 1 0 1 1 0 1 1 0 1 0 0 0 1 1 1 1 1 0 0 0 0 0 0 1 0 1 0 1 1 1</float_array>
          <technique_common>
            <accessor source="#Plane_020-mesh-map-0-array" count="36" stride="2">
              <param name="S" type="float"/>
              <param name="T" type="float"/>
            </accessor>
          </technique_common>
        </source>
        <vertices id="Plane_020-mesh-vertices">
          <input semantic="POSITION" source="#Plane_020-mesh-positions"/>
        </vertices>
        <triangles count="12">
          <input semantic="VERTEX" source="#Plane_020-mesh-vertices" offset="0"/>
          <input semantic="NORMAL" source="#Plane_020-mesh-normals" offset="1"/>
          <input semantic="TEXCOORD" source="#Plane_020-mesh-map-0" offset="2" set="0"/>
          <p>2 0 0 1 0 1 0 0 2 6 1 3 4 1 4 5 1 5 1 2 6 5 2 7 0 2 8 3 3 9 6 3 10 1 3 11 0 4 12 4 4 13 2 4 14 2 5 15 7 5 16 3 5 17 2 6 18 3 6 19 1 6 20 6 7 21 7 7 22 4 7 23 1 8 24 6 8 25 5 8 26 3 9 27 7 9 28 6 9 29 0 10 30 5 10 31 4 10 32 2 11 33 4 11 34 7 11 35</p>
        </triangles>
      </mesh>
    </geometry>
    <geometry id="Plane_019-mesh" name="Plane.019">
      <mesh>
        <source id="Plane_019-mesh-positions">
          <float_array id="Plane_019-mesh-positions-array" count="24">-0.9842892 0.1529636 0 5.729727 0.1529636 0 -0.9842892 0.9958344 0 5.729727 0.9958344 0 -0.9842892 0.9958344 2.780493 -0.9842892 0.1529636 2.780493 5.729727 0.1529636 2.780493 5.729727 0.9958344 2.780493</float_array>
          <technique_common>
            <accessor source="#Plane_019-mesh-positions-array" count="8" stride="3">
              <param name="X" type="float"/>
              <param name="Y" type="float"/>
              <param name="Z" type="float"/>
            </accessor>
          </technique_common>
        </source>
        <source id="Plane_019-mesh-normals">
          <float_array id="Plane_019-mesh-normals-array" count="36">0 0 -1 0 0 1 0 -1 0 1 0 0 -1 0 0 0 1 0 0 0 -1 0 0 1 0 -1 0 1 0 0 -1 0 0 0 1 0</float_array>
          <technique_common>
            <accessor source="#Plane_019-mesh-normals-array" count="12" stride="3">
              <param name="X" type="float"/>
              <param name="Y" type="float"/>
              <param name="Z" type="float"/>
            </accessor>
          </technique_common>
        </source>
        <source id="Plane_019-mesh-map-0">
          <float_array id="Plane_019-mesh-map-0-array" count="72">0 1 1 0 0 0 1 0 0 1 0 0 1 0 0 0 0 0 1 1 1 0 1 0 0 0 0 1 0 1 0 1 1 1 1 1 0 1 1 1 1 0 1 0 1 1 0 1 1 0 1 0 0 0 1 1 1 1 1 0 0 0 0 0 0 1 0 1 0 1 1 1</float_array>
          <technique_common>
            <accessor source="#Plane_019-mesh-map-0-array" count="36" stride="2">
              <param name="S" type="float"/>
              <param name="T" type="float"/>
            </accessor>
          </technique_common>
        </source>
        <vertices id="Plane_019-mesh-vertices">
          <input semantic="POSITION" source="#Plane_019-mesh-positions"/>
        </vertices>
        <triangles count="12">
          <input semantic="VERTEX" source="#Plane_019-mesh-vertices" offset="0"/>
          <input semantic="NORMAL" source="#Plane_019-mesh-normals" offset="1"/>
          <input semantic="TEXCOORD" source="#Plane_019-mesh-map-0" offset="2" set="0"/>
          <p>2 0 0 1 0 1 0 0 2 6 1 3 4 1 4 5 1 5 1 2 6 5 2 7 0 2 8 3 3 9 6 3 10 1 3 11 0 4 12 4 4 13 2 4 14 2 5 15 7 5 16 3 5 17 2 6 18 3 6 19 1 6 20 6 7 21 7 7 22 4 7 23 1 8 24 6 8 25 5 8 26 3 9 27 7 9 28 6 9 29 0 10 30 5 10 31 4 10 32 2 11 33 4 11 34 7 11 35</p>
        </triangles>
      </mesh>
    </geometry>
    <geometry id="Plane_018-mesh" name="Plane.018">
      <mesh>
        <source id="Plane_018-mesh-positions">
          <float_array id="Plane_018-mesh-positions-array" count="24">-0.9842892 0.1529636 0 5.729727 0.1529636 0 -0.9842892 0.9958344 0 5.729727 0.9958344 0 -0.9842892 0.9958344 2.780493 -0.9842892 0.1529636 2.780493 5.729727 0.1529636 2.780493 5.729727 0.9958344 2.780493</float_array>
          <technique_common>
            <accessor source="#Plane_018-mesh-positions-array" count="8" stride="3">
              <param name="X" type="float"/>
              <param name="Y" type="float"/>
              <param name="Z" type="float"/>
            </accessor>
          </technique_common>
        </source>
        <source id="Plane_018-mesh-normals">
          <float_array id="Plane_018-mesh-normals-array" count="36">0 0 -1 0 0 1 0 -1 0 1 0 0 -1 0 0 0 1 0 0 0 -1 0 0 1 0 -1 0 1 0 0 -1 0 0 0 1 0</float_array>
          <technique_common>
            <accessor source="#Plane_018-mesh-normals-array" count="12" stride="3">
              <param name="X" type="float"/>
              <param name="Y" type="float"/>
              <param name="Z" type="float"/>
            </accessor>
          </technique_common>
        </source>
        <source id="Plane_018-mesh-map-0">
          <float_array id="Plane_018-mesh-map-0-array" count="72">0 1 1 0 0 0 1 0 0 1 0 0 1 0 0 0 0 0 1 1 1 0 1 0 0 0 0 1 0 1 0 1 1 1 1 1 0 1 1 1 1 0 1 0 1 1 0 1 1 0 1 0 0 0 1 1 1 1 1 0 0 0 0 0 0 1 0 1 0 1 1 1</float_array>
          <technique_common>
            <accessor source="#Plane_018-mesh-map-0-array" count="36" stride="2">
              <param name="S" type="float"/>
              <param name="T" type="float"/>
            </accessor>
          </technique_common>
        </source>
        <vertices id="Plane_018-mesh-vertices">
          <input semantic="POSITION" source="#Plane_018-mesh-positions"/>
        </vertices>
        <triangles count="12">
          <input semantic="VERTEX" source="#Plane_018-mesh-vertices" offset="0"/>
          <input semantic="NORMAL" source="#Plane_018-mesh-normals" offset="1"/>
          <input semantic="TEXCOORD" source="#Plane_018-mesh-map-0" offset="2" set="0"/>
          <p>2 0 0 1 0 1 0 0 2 6 1 3 4 1 4 5 1 5 1 2 6 5 2 7 0 2 8 3 3 9 6 3 10 1 3 11 0 4 12 4 4 13 2 4 14 2 5 15 7 5 16 3 5 17 2 6 18 3 6 19 1 6 20 6 7 21 7 7 22 4 7 23 1 8 24 6 8 25 5 8 26 3 9 27 7 9 28 6 9 29 0 10 30 5 10 31 4 10 32 2 11 33 4 11 34 7 11 35</p>
        </triangles>
      </mesh>
    </geometry>
    <geometry id="Plane_014-mesh" name="Plane.014">
      <mesh>
        <source id="Plane_014-mesh-positions">
          <float_array id="Plane_014-mesh-positions-array" count="24">-1 -1 0 1 -1 0 -1 1 0 1 1 0 -1 1 2.834554 -1 -1 2.834554 1 -1 2.834554 1 1 2.834554</float_array>
          <technique_common>
            <accessor source="#Plane_014-mesh-positions-array" count="8" stride="3">
              <param name="X" type="float"/>
              <param name="Y" type="float"/>
              <param name="Z" type="float"/>
            </accessor>
          </technique_common>
        </source>
        <source id="Plane_014-mesh-normals">
          <float_array id="Plane_014-mesh-normals-array" count="36">0 0 -1 0 0 1 1 0 0 -1 0 0 0 1 0 0 -1 0 0 0 -1 0 0 1 1 0 0 -1 0 0 0 1 0 0 -1 0</float_array>
          <technique_common>
            <accessor source="#Plane_014-mesh-normals-array" count="12" stride="3">
              <param name="X" type="float"/>
              <param name="Y" type="float"/>
              <param name="Z" type="float"/>
            </accessor>
          </technique_common>
        </source>
        <source id="Plane_014-mesh-map-0">
          <float_array id="Plane_014-mesh-map-0-array" count="72">0 1 1 0 0 0 1 0 0 1 0 0 1 1 1 0 1 0 0 0 0 1 0 1 0 1 1 1 1 1 1 0 0 0 0 0 0 1 1 1 1 0 1 0 1 1 0 1 1 1 1 1 1 0 0 0 0 0 0 1 0 1 0 1 1 1 1 0 1 0 0 0</float_array>
          <technique_common>
            <accessor source="#Plane_014-mesh-map-0-array" count="36" stride="2">
              <param name="S" type="float"/>
              <param name="T" type="float"/>
            </accessor>
          </technique_common>
        </source>
        <vertices id="Plane_014-mesh-vertices">
          <input semantic="POSITION" source="#Plane_014-mesh-positions"/>
        </vertices>
        <triangles count="12">
          <input semantic="VERTEX" source="#Plane_014-mesh-vertices" offset="0"/>
          <input semantic="NORMAL" source="#Plane_014-mesh-normals" offset="1"/>
          <input semantic="TEXCOORD" source="#Plane_014-mesh-map-0" offset="2" set="0"/>
          <p>2 0 0 1 0 1 0 0 2 6 1 3 4 1 4 5 1 5 3 2 6 6 2 7 1 2 8 0 3 9 4 3 10 2 3 11 2 4 12 7 4 13 3 4 14 1 5 15 5 5 16 0 5 17 2 6 18 3 6 19 1 6 20 6 7 21 7 7 22 4 7 23 3 8 24 7 8 25 6 8 26 0 9 27 5 9 28 4 9 29 2 10 30 4 10 31 7 10 32 1 11 33 6 11 34 5 11 35</p>
        </triangles>
      </mesh>
    </geometry>
    <geometry id="Plane_013-mesh" name="Plane.013">
      <mesh>
        <source id="Plane_013-mesh-positions">
          <float_array id="Plane_013-mesh-positions-array" count="24">-1 -1 0 1 -1 0 -1 1 0 1 1 0 -1 1 2.834554 -1 -1 2.834554 1 -1 2.834554 1 1 2.834554</float_array>
          <technique_common>
            <accessor source="#Plane_013-mesh-positions-array" count="8" stride="3">
              <param name="X" type="float"/>
              <param name="Y" type="float"/>
              <param name="Z" type="float"/>
            </accessor>
          </technique_common>
        </source>
        <source id="Plane_013-mesh-normals">
          <float_array id="Plane_013-mesh-normals-array" count="36">0 0 -1 0 0 1 1 0 0 -1 0 0 0 1 0 0 -1 0 0 0 -1 0 0 1 1 0 0 -1 0 0 0 1 0 0 -1 0</float_array>
          <technique_common>
            <accessor source="#Plane_013-mesh-normals-array" count="12" stride="3">
              <param name="X" type="float"/>
              <param name="Y" type="float"/>
              <param name="Z" type="float"/>
            </accessor>
          </technique_common>
        </source>
        <source id="Plane_013-mesh-map-0">
          <float_array id="Plane_013-mesh-map-0-array" count="72">0 1 1 0 0 0 1 0 0 1 0 0 1 1 1 0 1 0 0 0 0 1 0 1 0 1 1 1 1 1 1 0 0 0 0 0 0 1 1 1 1 0 1 0 1 1 0 1 1 1 1 1 1 0 0 0 0 0 0 1 0 1 0 1 1 1 1 0 1 0 0 0</float_array>
          <technique_common>
            <accessor source="#Plane_013-mesh-map-0-array" count="36" stride="2">
              <param name="S" type="float"/>
              <param name="T" type="float"/>
            </accessor>
          </technique_common>
        </source>
        <vertices id="Plane_013-mesh-vertices">
          <input semantic="POSITION" source="#Plane_013-mesh-positions"/>
        </vertices>
        <triangles count="12">
          <input semantic="VERTEX" source="#Plane_013-mesh-vertices" offset="0"/>
          <input semantic="NORMAL" source="#Plane_013-mesh-normals" offset="1"/>
          <input semantic="TEXCOORD" source="#Plane_013-mesh-map-0" offset="2" set="0"/>
          <p>2 0 0 1 0 1 0 0 2 6 1 3 4 1 4 5 1 5 3 2 6 6 2 7 1 2 8 0 3 9 4 3 10 2 3 11 2 4 12 7 4 13 3 4 14 1 5 15 5 5 16 0 5 17 2 6 18 3 6 19 1 6 20 6 7 21 7 7 22 4 7 23 3 8 24 7 8 25 6 8 26 0 9 27 5 9 28 4 9 29 2 10 30 4 10 31 7 10 32 1 11 33 6 11 34 5 11 35</p>
        </triangles>
      </mesh>
    </geometry>
    <geometry id="Plane_012-mesh" name="Plane.012">
      <mesh>
        <source id="Plane_012-mesh-positions">
          <float_array id="Plane_012-mesh-positions-array" count="24">-0.9759026 0.3871541 0 1.023442 0.4383658 0 -1.007192 0.9740899 0 0.9921525 1.025301 0 -1.007192 0.9740899 1.407838 -0.9759026 0.3871541 1.407838 1.023442 0.4383658 1.407838 0.9921525 1.025301 1.407838</float_array>
          <technique_common>
            <accessor source="#Plane_012-mesh-positions-array" count="8" stride="3">
              <param name="X" type="float"/>
              <param name="Y" type="float"/>
              <param name="Z" type="float"/>
            </accessor>
          </technique_common>
        </source>
        <source id="Plane_012-mesh-normals">
          <float_array id="Plane_012-mesh-normals-array" count="36">0 0 -1 0 0 1 0.9985821 0.05323415 0 -0.9985821 -0.05323404 0 -0.02560579 0.9996721 0 0.02560579 -0.9996721 0 0 0 -1 0 0 1 0.9985821 0.05323415 0 -0.9985821 -0.05323404 0 -0.02560579 0.9996721 0 0.02560579 -0.9996721 0</float_array>
          <technique_common>
            <accessor source="#Plane_012-mesh-normals-array" count="12" stride="3">
              <param name="X" type="float"/>
              <param name="Y" type="float"/>
              <param name="Z" type="float"/>
            </accessor>
          </technique_common>
        </source>
        <source id="Plane_012-mesh-map-0">
          <float_array id="Plane_012-mesh-map-0-array" count="72">0 0 1 1 1 0 0 0 1 1 0 1 1 1 1 0 1 0 0 0 0 1 0 1 0 1 1 1 1 1 1 0 0 0 0 0 0 0 0 1 1 1 0 0 1 0 1 1 1 1 1 1 1 0 0 0 0 0 0 1 0 1 0 1 1 1 1 0 1 0 0 0</float_array>
          <technique_common>
            <accessor source="#Plane_012-mesh-map-0-array" count="36" stride="2">
              <param name="S" type="float"/>
              <param name="T" type="float"/>
            </accessor>
          </technique_common>
        </source>
        <vertices id="Plane_012-mesh-vertices">
          <input semantic="POSITION" source="#Plane_012-mesh-positions"/>
        </vertices>
        <triangles count="12">
          <input semantic="VERTEX" source="#Plane_012-mesh-vertices" offset="0"/>
          <input semantic="NORMAL" source="#Plane_012-mesh-normals" offset="1"/>
          <input semantic="TEXCOORD" source="#Plane_012-mesh-map-0" offset="2" set="0"/>
          <p>0 0 0 3 0 1 1 0 2 5 1 3 7 1 4 4 1 5 3 2 6 6 2 7 1 2 8 0 3 9 4 3 10 2 3 11 2 4 12 7 4 13 3 4 14 1 5 15 5 5 16 0 5 17 0 6 18 2 6 19 3 6 20 5 7 21 6 7 22 7 7 23 3 8 24 7 8 25 6 8 26 0 9 27 5 9 28 4 9 29 2 10 30 4 10 31 7 10 32 1 11 33 6 11 34 5 11 35</p>
        </triangles>
      </mesh>
    </geometry>
    <geometry id="Plane_011-mesh" name="Plane.011">
      <mesh>
        <source id="Plane_011-mesh-positions">
          <float_array id="Plane_011-mesh-positions-array" count="60">-1.200141 -0.9740815 0 1.320225 -0.9740815 0 -1.200141 1.026523 0 1.320225 1.026523 0 -1.200141 1.026523 1.104143 -1.200141 -0.9740815 1.104143 1.320225 -0.9740815 1.104143 1.320225 1.026523 1.104143 -1.079539 -0.9740811 0.600311 -0.3666501 -0.9740811 0.600311 -1.079539 -0.9740811 1.005289 -0.3666501 -0.9740811 1.005289 -1.079539 -0.9740811 1.005289 -1.079539 -0.9740811 0.600311 -0.3666501 -0.9740811 0.600311 -0.3666501 -0.9740811 1.005289 -1.079539 -1.698885 1.005289 -1.079539 -1.698885 0.600311 -0.3666501 -1.698885 0.600311 -0.3666501 -1.698885 1.005289</float_array>
          <technique_common>
            <accessor source="#Plane_011-mesh-positions-array" count="20" stride="3">
              <param name="X" type="float"/>
              <param name="Y" type="float"/>
              <param name="Z" type="float"/>
            </accessor>
          </technique_common>
        </source>
        <source id="Plane_011-mesh-normals">
          <float_array id="Plane_011-mesh-normals-array" count="96">0 0 -1 0 0 1 0 1 0 0 -1 0 1 0 0 -1 0 0 0 1 0 1 0 0 0 0 1 0 0 1 0 0 1 0 0 1 0 -1 0 -1 0 0 0 0 1 0 0 -1 0 0 -1 0 0 1 0 1 0 0 -1 0 1 0 0 -1 0 0 0 1 0 1 0 0 0 0 1 0 0 1 0 0 1 0 0 1 0 -1 0 -1 0 0 0 0 1 0 0 -1</float_array>
          <technique_common>
            <accessor source="#Plane_011-mesh-normals-array" count="32" stride="3">
              <param name="X" type="float"/>
              <param name="Y" type="float"/>
              <param name="Z" type="float"/>
            </accessor>
          </technique_common>
        </source>
        <source id="Plane_011-mesh-map-0">
          <float_array id="Plane_011-mesh-map-0-array" count="192">0 1 1 0 0 0 1 0 0 1 0 0 0 1 1 1 1 1 1 0 0 0 0 0 1 1 1 0 1 0 0 0 0 1 0 1 0 1 1 0 0 0 1 1 1 0 1 0 1 0 0 0 0 0 1 1 1 0 1 0 0 0 0 1 0 1 0 1 1 1 1 1 1 0 0 1 0 0 0 0 0 1 0 1 0 1 1 1 1 1 1 0 0 0 0 0 0 1 1 1 1 0 1 0 1 1 0 1 0 1 0 1 1 1 1 0 1 0 0 0 1 1 1 1 1 0 0 0 0 0 0 1 0 1 1 1 1 0 1 1 1 1 1 0 1 0 1 0 0 0 1 1 1 1 1 0 0 0 0 0 0 1 0 1 0 1 1 1 1 0 1 1 0 1 0 0 0 0 0 1 0 1 0 1 1 1 1 0 1 0 0 0</float_array>
          <technique_common>
            <accessor source="#Plane_011-mesh-map-0-array" count="96" stride="2">
              <param name="S" type="float"/>
              <param name="T" type="float"/>
            </accessor>
          </technique_common>
        </source>
        <vertices id="Plane_011-mesh-vertices">
          <input semantic="POSITION" source="#Plane_011-mesh-positions"/>
        </vertices>
        <triangles count="32">
          <input semantic="VERTEX" source="#Plane_011-mesh-vertices" offset="0"/>
          <input semantic="NORMAL" source="#Plane_011-mesh-normals" offset="1"/>
          <input semantic="TEXCOORD" source="#Plane_011-mesh-map-0" offset="2" set="0"/>
          <p>2 0 0 1 0 1 0 0 2 6 1 3 4 1 4 5 1 5 2 2 6 7 2 7 3 2 8 1 3 9 5 3 10 0 3 11 3 4 12 6 4 13 1 4 14 0 5 15 4 5 16 2 5 17 10 6 18 9 6 19 8 6 20 15 7 21 18 7 22 14 7 23 9 8 24 13 8 25 8 8 26 11 9 27 14 9 28 9 9 29 8 10 30 12 10 31 10 10 32 10 11 33 15 11 34 11 11 35 18 12 36 16 12 37 17 12 38 13 13 39 16 13 40 12 13 41 12 14 42 19 14 43 15 14 44 14 15 45 17 15 46 13 15 47 2 16 48 3 16 49 1 16 50 6 17 51 7 17 52 4 17 53 2 18 54 4 18 55 7 18 56 1 19 57 6 19 58 5 19 59 3 20 60 7 20 61 6 20 62 0 21 63 5 21 64 4 21 65 10 22 66 11 22 67 9 22 68 15 23 69 19 23 70 18 23 71 9 24 72 14 24 73 13 24 74 11 25 75 15 25 76 14 25 77 8 26 78 13 26 79 12 26 80 10 27 81 12 27 82 15 27 83 18 28 84 19 28 85 16 28 86 13 29 87 17 29 88 16 29 89 12 30 90 16 30 91 19 30 92 14 31 93 18 31 94 17 31 95</p>
        </triangles>
      </mesh>
    </geometry>
    <geometry id="Plane_010-mesh" name="Plane.010">
      <mesh>
        <source id="Plane_010-mesh-positions">
          <float_array id="Plane_010-mesh-positions-array" count="24">-1 -1 0.6421529 1 -1 0.6421529 -1 1 0.6421529 1 1 0.6421529 -1 1 1.568211 -1 -1 1.568211 1 -1 1.568211 1 1 1.568211</float_array>
          <technique_common>
            <accessor source="#Plane_010-mesh-positions-array" count="8" stride="3">
              <param name="X" type="float"/>
              <param name="Y" type="float"/>
              <param name="Z" type="float"/>
            </accessor>
          </technique_common>
        </source>
        <source id="Plane_010-mesh-normals">
          <float_array id="Plane_010-mesh-normals-array" count="36">0 0 -1 0 0 1 0 1 0 0 -1 0 1 0 0 -1 0 0 0 0 -1 0 0 1 0 1 0 0 -1 0 1 0 0 -1 0 0</float_array>
          <technique_common>
            <accessor source="#Plane_010-mesh-normals-array" count="12" stride="3">
              <param name="X" type="float"/>
              <param name="Y" type="float"/>
              <param name="Z" type="float"/>
            </accessor>
          </technique_common>
        </source>
        <source id="Plane_010-mesh-map-0">
          <float_array id="Plane_010-mesh-map-0-array" count="72">0 1 1 0 0 0 1 0 0 1 0 0 0 1 1 1 1 1 1 0 0 0 0 0 1 1 1 0 1 0 0 0 0 1 0 1 0 1 1 1 1 0 1 0 1 1 0 1 0 1 0 1 1 1 1 0 1 0 0 0 1 1 1 1 1 0 0 0 0 0 0 1</float_array>
          <technique_common>
            <accessor source="#Plane_010-mesh-map-0-array" count="36" stride="2">
              <param name="S" type="float"/>
              <param name="T" type="float"/>
            </accessor>
          </technique_common>
        </source>
        <vertices id="Plane_010-mesh-vertices">
          <input semantic="POSITION" source="#Plane_010-mesh-positions"/>
        </vertices>
        <triangles count="12">
          <input semantic="VERTEX" source="#Plane_010-mesh-vertices" offset="0"/>
          <input semantic="NORMAL" source="#Plane_010-mesh-normals" offset="1"/>
          <input semantic="TEXCOORD" source="#Plane_010-mesh-map-0" offset="2" set="0"/>
          <p>2 0 0 1 0 1 0 0 2 6 1 3 4 1 4 5 1 5 2 2 6 7 2 7 3 2 8 1 3 9 5 3 10 0 3 11 3 4 12 6 4 13 1 4 14 0 5 15 4 5 16 2 5 17 2 6 18 3 6 19 1 6 20 6 7 21 7 7 22 4 7 23 2 8 24 4 8 25 7 8 26 1 9 27 6 9 28 5 9 29 3 10 30 7 10 31 6 10 32 0 11 33 5 11 34 4 11 35</p>
        </triangles>
      </mesh>
    </geometry>
    <geometry id="Plane_009-mesh" name="Plane.009">
      <mesh>
        <source id="Plane_009-mesh-positions">
          <float_array id="Plane_009-mesh-positions-array" count="84">-1 0.4185786 0 1.553749 0.4185786 0 -1 1 0 1.553749 1 0 -1 0.4185786 0 1.553749 0.4185786 0 -1 1 2.850176 -1 0.4185786 2.850176 1.553749 0.4185786 2.850176 1.553749 1 2.850176 -1 0.4185786 2.850176 1.553749 0.4185786 2.850176 -1.214023 -0.1371754 0 -0.9976235 -0.1371754 0 -1.214023 1.551977 0 -0.9976235 1.551977 0 1.550408 -0.1401934 0 1.766807 -0.1401934 0 1.550408 1.548959 0 1.766807 1.548959 0 -1.214023 1.551977 0.2045904 -1.214023 -0.1371754 0.2045904 -0.9976235 -0.1371754 0.2045904 -0.9976235 1.551977 0.2045904 1.550408 -0.1401934 0.2045904 1.550408 1.548959 0.2045904 1.766807 -0.1401934 0.2045904 1.766807 1.548959 0.2045904</float_array>
          <technique_common>
            <accessor source="#Plane_009-mesh-positions-array" count="28" stride="3">
              <param name="X" type="float"/>
              <param name="Y" type="float"/>
              <param name="Z" type="float"/>
            </accessor>
          </technique_common>
        </source>
        <source id="Plane_009-mesh-normals">
          <float_array id="Plane_009-mesh-normals-array" count="132">0 0 -1 0 0 1 0 0 1 0 0 1 0 0 1 0 -1 0 1 0 0 -1 0 0 0 0 1 0 1 0 0 0 -1 0 0 -1 0 0 1 0 0 1 0 1 0 0 -1 0 0 1 0 0 -1 0 1 0 0 -1 0 0 1 0 0 -1 0 0 0 0 -1 0 0 1 0 0 1 0 0 1 0 0 1 0 -1 0 1 0 0 -1 0 0 0 0 1 0 1 0 0 0 -1 0 0 -1 0 0 1 0 0 1 0 1 0 0 -1 0 0 1 0 0 -1 0 1 0 0 -1 0 0 1 0 0 -1 0 0</float_array>
          <technique_common>
            <accessor source="#Plane_009-mesh-normals-array" count="44" stride="3">
              <param name="X" type="float"/>
              <param name="Y" type="float"/>
              <param name="Z" type="float"/>
            </accessor>
          </technique_common>
        </source>
        <source id="Plane_009-mesh-map-0">
          <float_array id="Plane_009-mesh-map-0-array" count="264">0 1 1 0 0 0 1 0 0 0 1 0 1 0 0 1 0 0 0 0 1 0 1 0 0 0 0 0 0 0 1 0 0 0 0 0 1 1 1 0 1 0 0 0 0 1 0 1 1 0 1 0 1 0 0 1 1 1 1 1 0 1 1 0 0 0 0 1 1 0 0 0 1 0 0 1 0 0 1 0 0 1 0 0 0 1 1 1 1 1 1 0 0 0 0 0 0 1 1 1 1 1 1 0 0 0 0 0 1 1 1 0 1 0 0 0 0 1 0 1 1 1 1 0 1 0 0 0 0 1 0 1 0 1 1 1 1 0 1 0 0 0 0 0 1 0 1 1 0 1 0 0 0 0 1 0 0 0 0 0 0 0 1 0 1 0 0 0 1 1 1 1 1 0 0 0 0 0 0 1 1 0 1 0 1 0 0 1 0 1 1 1 0 1 1 1 1 0 0 1 1 1 1 0 1 0 1 1 0 1 1 0 1 1 0 1 0 1 0 1 1 1 1 0 1 0 0 0 0 1 0 1 1 1 1 0 1 0 0 0 1 1 1 1 1 0 0 0 0 0 0 1 1 1 1 1 1 0 0 0 0 0 0 1</float_array>
          <technique_common>
            <accessor source="#Plane_009-mesh-map-0-array" count="132" stride="2">
              <param name="S" type="float"/>
              <param name="T" type="float"/>
            </accessor>
          </technique_common>
        </source>
        <vertices id="Plane_009-mesh-vertices">
          <input semantic="POSITION" source="#Plane_009-mesh-positions"/>
        </vertices>
        <triangles count="44">
          <input semantic="VERTEX" source="#Plane_009-mesh-vertices" offset="0"/>
          <input semantic="NORMAL" source="#Plane_009-mesh-normals" offset="1"/>
          <input semantic="TEXCOORD" source="#Plane_009-mesh-map-0" offset="2" set="0"/>
          <p>2 0 0 1 0 1 0 0 2 5 1 3 0 1 4 1 1 5 8 2 6 6 2 7 7 2 8 7 3 9 11 3 10 8 3 11 4 4 12 7 4 13 0 4 14 5 5 15 10 5 16 4 5 17 3 6 18 8 6 19 1 6 20 0 7 21 6 7 22 2 7 23 1 8 24 11 8 25 5 8 26 2 9 27 9 9 28 3 9 29 14 10 30 13 10 31 12 10 32 18 11 33 17 11 34 16 11 35 22 12 36 20 12 37 21 12 38 26 13 39 25 13 40 24 13 41 18 14 42 27 14 43 19 14 44 17 15 45 24 15 46 16 15 47 14 16 48 23 16 49 15 16 50 13 17 51 21 17 52 12 17 53 19 18 54 26 18 55 17 18 56 16 19 57 25 19 58 18 19 59 15 20 60 22 20 61 13 20 62 12 21 63 20 21 64 14 21 65 2 22 66 3 22 67 1 22 68 5 23 69 4 23 70 0 23 71 8 24 72 9 24 73 6 24 74 7 25 75 10 25 76 11 25 77 4 26 78 10 26 79 7 26 80 5 27 81 11 27 82 10 27 83 3 28 84 9 28 85 8 28 86 0 29 87 7 29 88 6 29 89 1 30 90 8 30 91 11 30 92 2 31 93 6 31 94 9 31 95 14 32 96 15 32 97 13 32 98 18 33 99 19 33 100 17 33 101 22 34 102 23 34 103 20 34 104 26 35 105 27 35 106 25 35 107 18 36 108 25 36 109 27 36 110 17 37 111 26 37 112 24 37 113 14 38 114 20 38 115 23 38 116 13 39 117 22 39 118 21 39 119 19 40 120 27 40 121 26 40 122 16 41 123 24 41 124 25 41 125 15 42 126 23 42 127 22 42 128 12 43 129 21 43 130 20 43 131</p>
        </triangles>
      </mesh>
    </geometry>
    <geometry id="Plane_008-mesh" name="Plane.008">
      <mesh>
        <source id="Plane_008-mesh-positions">
          <float_array id="Plane_008-mesh-positions-array" count="396">-1.509926 -0.9596653 0 1.613445 -0.9596653 0 -1.509926 1 0 1.613445 1 0 -1.509926 1 0 -1.509926 -0.9596653 0 1.613445 -0.9596653 0 1.613445 1 0 -1.509926 1 0 -1.509926 -0.9596653 0 1.613445 -0.9596653 0 1.613445 1 0 -1.509926 1 0 -1.509926 -0.9596653 0 1.613445 -0.9596653 0 1.613445 1 0 -1.509926 1 0 -1.509926 -0.9596653 0 1.613445 -0.9596653 0 1.613445 1 0 -1.509926 1 0 -1.509926 -0.9596653 0 1.613445 -0.9596653 0 1.613445 1 0 -1.509926 1 0 -1.509926 -0.9596653 0 1.613445 -0.9596653 0 1.613445 1 0 -1.509926 1 0 -1.509926 -0.9596653 0 1.613445 -0.9596653 0 1.613445 1 0 -1.509926 -0.9596653 0 1.613445 -0.9596653 0 -1.509926 1 0 1.613445 1 0 -1.509926 1 0 -1.509926 -0.9596653 0 1.613445 -0.9596653 0 1.613445 1 0 -1.509926 1 0 -1.509926 -0.9596653 0 1.613445 -0.9596653 0 1.613445 1 0 -1.509926 1 0 -1.509926 -0.9596653 0 1.613445 -0.9596653 0 1.613445 1 0 -1.509926 1 0 -1.509926 -0.9596653 0 1.613445 -0.9596653 0 1.613445 1 0 -1.509926 1 0 -1.509926 -0.9596653 0 1.613445 -0.9596653 0 1.613445 1 0 -1.509926 1 0 -1.509926 -0.9596653 0 1.613445 -0.9596653 0 1.613445 1 0 -1.509926 1 0 -1.509926 -0.9596653 0 1.613445 -0.9596653 0 1.613445 1 0 -1.509926 1 0 -1.509926 -0.9596653 0 1.613445 -0.9596653 0 1.613445 1 0 -1.509926 1 2.166196 -1.509926 -0.9596653 2.166196 1.613445 -0.9596653 2.166196 1.613445 1 2.166196 -1.509926 1 2.166196 -1.509926 -0.9596653 2.166196 1.613445 -0.9596653 2.166196 1.613445 1 2.166196 -1.509926 1 2.166196 -1.509926 -0.9596653 2.166196 1.613445 -0.9596653 2.166196 1.613445 1 2.166196 -1.509926 1 2.166196 -1.509926 -0.9596653 2.166196 1.613445 -0.9596653 2.166196 1.613445 1 2.166196 -1.509926 1 2.166196 -1.509926 -0.9596653 2.166196 1.613445 -0.9596653 2.166196 1.613445 1 2.166196 -1.509926 1 2.166196 -1.509926 -0.9596653 2.166196 1.613445 -0.9596653 2.166196 1.613445 1 2.166196 -1.509926 1 2.166196 -1.509926 -0.9596653 2.166196 1.613445 -0.9596653 2.166196 1.613445 1 2.166196 -1.509926 1 2.166196 -1.509926 -0.9596653 2.166196 1.613445 -0.9596653 2.166196 1.613445 1 2.166196 -1.509926 1 2.166196 -1.509926 -0.9596653 2.166196 1.613445 -0.9596653 2.166196 1.613445 1 2.166196 -1.509926 1 2.166196 -1.509926 -0.9596653 2.166196 1.613445 -0.9596653 2.166196 1.613445 1 2.166196 -1.509926 1 2.166196 -1.509926 -0.9596653 2.166196 1.613445 -0.9596653 2.166196 1.613445 1 2.166196 -1.509926 1 2.166196 -1.509926 -0.9596653 2.166196 1.613445 -0.9596653 2.166196 1.613445 1 2.166196 -1.509926 1 2.166196 -1.509926 -0.9596653 2.166196 1.613445 -0.9596653 2.166196 1.613445 1 2.166196 -1.509926 1 2.166196 -1.509926 -0.9596653 2.166196 1.613445 -0.9596653 2.166196 1.613445 1 2.166196 -1.509926 1 2.166196 -1.509926 -0.9596653 2.166196 1.613445 -0.9596653 2.166196 1.613445 1 2.166196 -1.509926 1 2.166196 -1.509926 -0.9596653 2.166196 1.613445 -0.9596653 2.166196 1.613445 1 2.166196</float_array>
          <technique_common>
            <accessor source="#Plane_008-mesh-positions-array" count="132" stride="3">
              <param name="X" type="float"/>
              <param name="Y" type="float"/>
              <param name="Z" type="float"/>
            </accessor>
          </technique_common>
        </source>
        <source id="Plane_008-mesh-normals">
          <float_array id="Plane_008-mesh-normals-array" count="612">0 0 1 0 0 -1 0 0 1 0 0 1 0 0 1 0 0 1 0 0 -1 0 0 1 0 0 1 0 0 1 0 0 1 0 0 1 0 0 -1 0 0 1 0 0 1 0 0 1 0 0 1 0 0 1 0 0 1 0 0 -1 0 0 1 0 0 1 0 0 1 0 0 1 0 0 -1 0 0 1 0 0 1 0 0 1 0 0 1 0 0 1 0 0 1 0 0 -1 0 0 1 0 0 1 0 0 1 0 0 1 0 0 1 0 0 -1 0 0 1 0 0 1 0 0 1 0 0 1 0 0 -1 0 0 1 0 0 1 0 0 1 0 0 1 0 -1 0 0 1 0 -1 0 0 1 0 0 0 0 1 0 0 1 0 0 1 0 0 1 0 0 1 0 0 -1 0 0 1 0 0 1 0 0 1 0 0 1 0 0 1 0 0 -1 0 0 1 0 0 1 0 0 1 0 0 1 0 0 1 0 0 -1 0 0 1 0 0 1 0 0 1 0 0 1 0 0 1 0 0 -1 0 0 1 0 0 1 0 0 1 0 0 1 0 0 1 0 0 -1 0 0 1 0 0 1 0 0 1 0 0 1 0 0 1 0 0 -1 0 0 1 0 0 1 0 0 1 0 0 1 0 0 1 0 0 -1 0 0 1 0 0 1 0 0 1 0 0 1 0 0 1 0 0 1 0 0 1 0 0 1 0 0 1 0 0 1 0 0 -1 0 0 1 0 0 1 0 0 1 0 0 1 0 0 -1 0 0 1 0 0 1 0 0 1 0 0 1 0 0 1 0 0 -1 0 0 1 0 0 1 0 0 1 0 0 1 0 0 1 0 0 1 0 0 -1 0 0 1 0 0 1 0 0 1 0 0 1 0 0 -1 0 0 1 0 0 1 0 0 1 0 0 1 0 0 1 0 0 1 0 0 -1 0 0 1 0 0 1 0 0 1 0 0 1 0 0 1 0 0 -1 0 0 1 0 0 1 0 0 1 0 0 1 0 0 -1 0 0 1 0 0 1 0 0 1 0 0 1 0 -1 0 0 1 0 -1 0 0 1 0 0 0 0 1 0 0 1 0 0 1 0 0 1 0 0 1 0 0 -1 0 0 1 0 0 1 0 0 1 0 0 1 0 0 1 0 0 -1 0 0 1 0 0 1 0 0 1 0 0 1 0 0 1 0 0 -1 0 0 1 0 0 1 0 0 1 0 0 1 0 0 1 0 0 -1 0 0 1 0 0 1 0 0 1 0 0 1 0 0 1 0 0 -1 0 0 1 0 0 1 0 0 1 0 0 1 0 0 1 0 0 -1 0 0 1 0 0 1 0 0 1 0 0 1 0 0 1 0 0 -1 0 0 1 0 0 1 0 0 1 0 0 1 0 0 1 0 0 1 0 0 1 0 0 1 0 0 1</float_array>
          <technique_common>
            <accessor source="#Plane_008-mesh-normals-array" count="204" stride="3">
              <param name="X" type="float"/>
              <param name="Y" type="float"/>
              <param name="Z" type="float"/>
            </accessor>
          </technique_common>
        </source>
        <source id="Plane_008-mesh-map-0">
          <float_array id="Plane_008-mesh-map-0-array" count="1224">1 0 0 1 0 0 0 1 1 0 0 0 1 0 1 1 1 0 0 1 0 0 0 1 1 1 0 1 1 1 0 0 1 0 0 0 0 1 1 0 0 0 1 0 0 1 0 0 1 1 1 0 1 0 0 0 0 1 0 1 0 1 1 1 1 1 1 0 0 0 0 0 0 1 1 0 0 0 1 0 0 1 0 0 1 1 1 0 1 0 0 0 0 1 0 1 0 1 1 1 1 1 1 0 0 0 0 0 1 0 0 1 0 0 0 1 1 0 0 0 1 0 1 1 1 0 0 1 0 0 0 1 1 1 0 1 1 1 0 0 1 0 0 0 0 1 1 0 0 0 1 0 0 1 0 0 1 1 1 0 1 0 0 0 0 1 0 1 0 1 1 1 1 1 1 0 0 0 0 0 1 0 0 1 0 0 0 1 1 0 0 0 1 0 1 1 1 0 0 1 0 0 0 1 1 1 0 1 1 1 0 0 1 0 0 0 1 0 0 1 0 0 0 1 1 0 0 0 1 0 1 1 1 0 0 1 0 0 0 1 1 1 0 1 1 1 0 0 1 0 0 0 0 1 1 0 0 0 1 1 1 0 1 0 0 0 0 1 0 1 0 1 1 1 1 1 1 0 0 0 0 0 1 0 0 0 1 0 0 1 1 1 0 1 0 0 0 1 0 0 1 1 1 0 1 1 1 0 0 0 1 0 1 1 1 0 1 1 0 0 0 1 0 0 0 1 1 1 0 1 1 0 0 1 0 0 0 1 1 0 0 0 1 0 1 1 1 0 0 1 0 0 0 1 1 1 0 1 1 1 0 0 1 0 0 0 1 0 0 1 0 0 0 1 1 0 0 0 1 0 1 1 1 0 0 1 0 0 0 1 1 1 0 1 1 1 0 0 1 0 0 0 1 0 0 1 0 0 0 1 1 0 0 0 1 0 1 1 1 0 0 1 0 0 0 1 1 1 0 1 1 1 0 0 1 0 0 0 1 0 0 1 0 0 0 1 1 0 0 0 1 0 1 1 1 0 0 1 0 0 0 1 1 1 0 1 1 1 0 0 1 0 0 0 1 0 0 1 0 0 0 1 1 0 0 0 1 0 1 1 1 0 0 1 0 0 0 1 1 1 0 1 1 1 0 0 1 0 0 0 1 0 0 1 0 0 0 1 1 0 0 0 1 0 1 1 1 0 0 1 0 0 0 1 1 1 0 1 1 1 0 0 1 0 0 0 1 0 0 1 0 0 0 1 1 0 0 0 1 0 1 1 1 0 0 1 0 0 0 1 1 1 0 1 1 1 0 0 1 0 0 0 1 0 0 1 0 0 1 0 1 1 1 0 0 1 0 0 0 1 1 1 0 1 1 1 0 0 1 0 0 0 1 0 1 1 0 1 0 1 1 1 1 0 1 0 1 1 1 1 0 1 0 0 0 0 1 1 0 1 0 1 0 0 1 0 1 0 0 1 1 1 1 0 1 0 1 1 0 1 1 1 1 1 1 0 0 0 0 0 0 1 0 1 0 1 1 1 1 0 1 0 0 0 0 1 1 1 1 0 1 0 1 1 0 1 1 1 1 1 1 0 0 0 0 0 0 1 0 1 0 1 1 1 1 0 1 0 0 0 1 0 1 1 0 1 0 1 1 1 1 0 1 0 1 1 1 1 0 1 0 0 0 0 1 1 0 1 0 1 0 0 1 0 1 0 0 1 1 1 1 0 1 0 1 1 0 1 1 1 1 1 1 0 0 0 0 0 0 1 0 1 0 1 1 1 1 0 1 0 0 0 1 0 1 1 0 1 0 1 1 1 1 0 1 0 1 1 1 1 0 1 0 0 0 0 1 1 0 1 0 1 0 0 1 0 1 0 1 0 1 1 0 1 0 1 1 1 1 0 1 0 1 1 1 1 0 1 0 0 0 0 1 1 0 1 0 1 0 0 1 0 1 0 0 1 1 1 1 0 1 1 1 1 1 0 0 0 0 0 0 1 0 1 0 1 1 1 1 0 1 0 0 0 1 0 0 0 0 0 0 1 1 1 1 1 0 0 0 1 0 1 1 1 1 0 1 0 1 0 0 0 0 0 1 1 1 0 1 0 0 0 0 1 0 1 0 1 1 1 1 1 1 0 1 1 0 1 0 1 1 1 1 0 1 0 1 1 1 1 0 1 0 0 0 0 1 1 0 1 0 1 0 0 1 0 1 0 1 0 1 1 0 1 0 1 1 1 1 0 1 0 1 1 1 1 0 1 0 0 0 0 1 1 0 1 0 1 0 0 1 0 1 0 1 0 1 1 0 1 0 1 1 1 1 0 1 0 1 1 1 1 0 1 0 0 0 0 1 1 0 1 0 1 0 0 1 0 1 0 1 0 1 1 0 1 0 1 1 1 1 0 1 0 1 1 1 1 0 1 0 0 0 0 1 1 0 1 0 1 0 0 1 0 1 0 1 0 1 1 0 1 0 1 1 1 1 0 1 0 1 1 1 1 0 1 0 0 0 0 1 1 0 1 0 1 0 0 1 0 1 0 1 0 1 1 0 1 0 1 1 1 1 0 1 0 1 1 1 1 0 1 0 0 0 0 1 1 0 1 0 1 0 0 1 0 1 0 1 0 1 1 0 1 0 1 1 1 1 0 1 0 1 1 1 1 0 1 0 0 0 0 1 1 0 1 0 1 0 0 1 0 1 0 1 0 1 1 0 1 1 0 1 1 1 1 0 1 0 0 0 0 1 1 0 1 0 1 0 0 1 0 1 0</float_array>
          <technique_common>
            <accessor source="#Plane_008-mesh-map-0-array" count="612" stride="2">
              <param name="S" type="float"/>
              <param name="T" type="float"/>
            </accessor>
          </technique_common>
        </source>
        <vertices id="Plane_008-mesh-vertices">
          <input semantic="POSITION" source="#Plane_008-mesh-positions"/>
        </vertices>
        <triangles count="204">
          <input semantic="VERTEX" source="#Plane_008-mesh-vertices" offset="0"/>
          <input semantic="NORMAL" source="#Plane_008-mesh-normals" offset="1"/>
          <input semantic="TEXCOORD" source="#Plane_008-mesh-map-0" offset="2" set="0"/>
          <p>1 0 0 2 0 1 0 0 2 4 1 3 6 1 4 5 1 5 6 2 6 3 2 7 1 2 8 4 3 9 0 3 10 2 3 11 7 4 12 2 4 13 3 4 14 5 5 15 1 5 16 0 5 17 8 6 18 10 6 19 9 6 20 14 7 21 12 7 22 13 7 23 11 8 24 14 8 25 10 8 26 9 9 27 12 9 28 8 9 29 8 10 30 15 10 31 11 10 32 10 11 33 13 11 34 9 11 35 16 12 36 18 12 37 17 12 38 22 13 39 20 13 40 21 13 41 19 14 42 22 14 43 18 14 44 17 15 45 20 15 46 16 15 47 16 16 48 23 16 49 19 16 50 18 17 51 21 17 52 17 17 53 26 18 54 24 18 55 25 18 56 28 19 57 30 19 58 29 19 59 30 20 60 27 20 61 26 20 62 28 21 63 25 21 64 24 21 65 31 22 66 24 22 67 27 22 68 29 23 69 26 23 70 25 23 71 34 24 72 33 24 73 32 24 74 38 25 75 36 25 76 37 25 77 35 26 78 38 26 79 33 26 80 32 27 81 36 27 82 34 27 83 34 28 84 39 28 85 35 28 86 33 29 87 37 29 88 32 29 89 42 30 90 40 30 91 41 30 92 44 31 93 46 31 94 45 31 95 46 32 96 43 32 97 42 32 98 44 33 99 41 33 100 40 33 101 47 34 102 40 34 103 43 34 104 45 35 105 42 35 106 41 35 107 50 36 108 48 36 109 49 36 110 52 37 111 54 37 112 53 37 113 54 38 114 51 38 115 50 38 116 52 39 117 49 39 118 48 39 119 55 40 120 48 40 121 51 40 122 53 41 123 50 41 124 49 41 125 56 42 126 58 42 127 57 42 128 59 43 129 62 43 130 58 43 131 57 44 132 60 44 133 56 44 134 56 45 135 63 45 136 59 45 137 58 46 138 61 46 139 57 46 140 130 47 141 65 47 142 66 47 143 128 48 144 67 48 145 64 48 146 129 49 147 64 49 148 65 49 149 131 50 150 66 50 151 67 50 152 66 51 153 61 51 154 62 51 155 67 52 156 62 52 157 63 52 158 65 53 159 60 53 160 61 53 161 64 54 162 63 54 163 60 54 164 70 55 165 68 55 166 69 55 167 72 56 168 74 56 169 73 56 170 74 57 171 71 57 172 70 57 173 72 58 174 69 58 175 68 58 176 75 59 177 68 59 178 71 59 179 73 60 180 70 60 181 69 60 182 78 61 183 76 61 184 77 61 185 80 62 186 82 62 187 81 62 188 82 63 189 79 63 190 78 63 191 80 64 192 77 64 193 76 64 194 83 65 195 76 65 196 79 65 197 81 66 198 78 66 199 77 66 200 86 67 201 84 67 202 85 67 203 88 68 204 90 68 205 89 68 206 90 69 207 87 69 208 86 69 209 88 70 210 85 70 211 84 70 212 91 71 213 84 71 214 87 71 215 89 72 216 86 72 217 85 72 218 94 73 219 92 73 220 93 73 221 96 74 222 98 74 223 97 74 224 98 75 225 95 75 226 94 75 227 96 76 228 93 76 229 92 76 230 99 77 231 92 77 232 95 77 233 97 78 234 94 78 235 93 78 236 102 79 237 100 79 238 101 79 239 104 80 240 106 80 241 105 80 242 106 81 243 103 81 244 102 81 245 104 82 246 101 82 247 100 82 248 107 83 249 100 83 250 103 83 251 105 84 252 102 84 253 101 84 254 110 85 255 108 85 256 109 85 257 112 86 258 114 86 259 113 86 260 114 87 261 111 87 262 110 87 263 112 88 264 109 88 265 108 88 266 115 89 267 108 89 268 111 89 269 113 90 270 110 90 271 109 90 272 118 91 273 116 91 274 117 91 275 120 92 276 122 92 277 121 92 278 122 93 279 119 93 280 118 93 281 120 94 282 117 94 283 116 94 284 123 95 285 116 95 286 119 95 287 121 96 288 118 96 289 117 96 290 126 97 291 124 97 292 125 97 293 130 98 294 127 98 295 126 98 296 128 99 297 125 99 298 124 99 299 131 100 300 124 100 301 127 100 302 129 101 303 126 101 304 125 101 305 1 102 306 3 102 307 2 102 308 4 103 309 7 103 310 6 103 311 6 104 312 7 104 313 3 104 314 4 105 315 5 105 316 0 105 317 7 106 318 4 106 319 2 106 320 5 107 321 6 107 322 1 107 323 8 108 324 11 108 325 10 108 326 14 109 327 15 109 328 12 109 329 11 110 330 15 110 331 14 110 332 9 111 333 13 111 334 12 111 335 8 112 336 12 112 337 15 112 338 10 113 339 14 113 340 13 113 341 16 114 342 19 114 343 18 114 344 22 115 345 23 115 346 20 115 347 19 116 348 23 116 349 22 116 350 17 117 351 21 117 352 20 117 353 16 118 354 20 118 355 23 118 356 18 119 357 22 119 358 21 119 359 26 120 360 27 120 361 24 120 362 28 121 363 31 121 364 30 121 365 30 122 366 31 122 367 27 122 368 28 123 369 29 123 370 25 123 371 31 124 372 28 124 373 24 124 374 29 125 375 30 125 376 26 125 377 34 126 378 35 126 379 33 126 380 38 127 381 39 127 382 36 127 383 35 128 384 39 128 385 38 128 386 32 129 387 37 129 388 36 129 389 34 130 390 36 130 391 39 130 392 33 131 393 38 131 394 37 131 395 42 132 396 43 132 397 40 132 398 44 133 399 47 133 400 46 133 401 46 134 402 47 134 403 43 134 404 44 135 405 45 135 406 41 135 407 47 136 408 44 136 409 40 136 410 45 137 411 46 137 412 42 137 413 50 138 414 51 138 415 48 138 416 52 139 417 55 139 418 54 139 419 54 140 420 55 140 421 51 140 422 52 141 423 53 141 424 49 141 425 55 142 426 52 142 427 48 142 428 53 143 429 54 143 430 50 143 431 56 144 432 59 144 433 58 144 434 59 145 435 63 145 436 62 145 437 57 146 438 61 146 439 60 146 440 56 147 441 60 147 442 63 147 443 58 148 444 62 148 445 61 148 446 130 149 447 129 149 448 65 149 449 128 150 450 131 150 451 67 150 452 129 151 453 128 151 454 64 151 455 131 152 456 130 152 457 66 152 458 66 153 459 65 153 460 61 153 461 67 154 462 66 154 463 62 154 464 65 155 465 64 155 466 60 155 467 64 156 468 67 156 469 63 156 470 70 157 471 71 157 472 68 157 473 72 158 474 75 158 475 74 158 476 74 159 477 75 159 478 71 159 479 72 160 480 73 160 481 69 160 482 75 161 483 72 161 484 68 161 485 73 162 486 74 162 487 70 162 488 78 163 489 79 163 490 76 163 491 80 164 492 83 164 493 82 164 494 82 165 495 83 165 496 79 165 497 80 166 498 81 166 499 77 166 500 83 167 501 80 167 502 76 167 503 81 168 504 82 168 505 78 168 506 86 169 507 87 169 508 84 169 509 88 170 510 91 170 511 90 170 512 90 171 513 91 171 514 87 171 515 88 172 516 89 172 517 85 172 518 91 173 519 88 173 520 84 173 521 89 174 522 90 174 523 86 174 524 94 175 525 95 175 526 92 175 527 96 176 528 99 176 529 98 176 530 98 177 531 99 177 532 95 177 533 96 178 534 97 178 535 93 178 536 99 179 537 96 179 538 92 179 539 97 180 540 98 180 541 94 180 542 102 181 543 103 181 544 100 181 545 104 182 546 107 182 547 106 182 548 106 183 549 107 183 550 103 183 551 104 184 552 105 184 553 101 184 554 107 185 555 104 185 556 100 185 557 105 186 558 106 186 559 102 186 560 110 187 561 111 187 562 108 187 563 112 188 564 115 188 565 114 188 566 114 189 567 115 189 568 111 189 569 112 190 570 113 190 571 109 190 572 115 191 573 112 191 574 108 191 575 113 192 576 114 192 577 110 192 578 118 193 579 119 193 580 116 193 581 120 194 582 123 194 583 122 194 584 122 195 585 123 195 586 119 195 587 120 196 588 121 196 589 117 196 590 123 197 591 120 197 592 116 197 593 121 198 594 122 198 595 118 198 596 126 199 597 127 199 598 124 199 599 130 200 600 131 200 601 127 200 602 128 201 603 129 201 604 125 201 605 131 202 606 128 202 607 124 202 608 129 203 609 130 203 610 126 203 611</p>
        </triangles>
      </mesh>
    </geometry>
    <geometry id="Plane_007-mesh" name="Plane.007">
      <mesh>
        <source id="Plane_007-mesh-positions">
          <float_array id="Plane_007-mesh-positions-array" count="54">-1 -1 0 1 -1 0 -1 1 0 1 1 0 -1 1 1.993627 -1 -1 1.993627 1 -1 1.993627 1 1 1.993627 -1.198997 0.9932826 0.3282537 -0.5765724 0.9932826 0.3282537 -1.198997 1.585263 0.3282537 -0.5765724 1.585263 0.3282537 -1.198997 1.585263 0.3282537 -0.5765724 1.585263 0.3282537 -1.198997 1.585263 1.752812 -1.198997 0.9932826 1.752812 -0.5765724 0.9932826 1.752812 -0.5765724 1.585263 1.752812</float_array>
          <technique_common>
            <accessor source="#Plane_007-mesh-positions-array" count="18" stride="3">
              <param name="X" type="float"/>
              <param name="Y" type="float"/>
              <param name="Z" type="float"/>
            </accessor>
          </technique_common>
        </source>
        <source id="Plane_007-mesh-normals">
          <float_array id="Plane_007-mesh-normals-array" count="72">0 0 -1 0 0 1 0 1 0 0 -1 0 1 0 0 -1 0 0 1 0 0 0 0 1 0 0 1 -1 0 0 0 1 0 0 -1 0 0 0 -1 0 0 1 0 1 0 0 -1 0 1 0 0 -1 0 0 1 0 0 0 0 1 0 0 1 -1 0 0 0 1 0 0 -1 0</float_array>
          <technique_common>
            <accessor source="#Plane_007-mesh-normals-array" count="24" stride="3">
              <param name="X" type="float"/>
              <param name="Y" type="float"/>
              <param name="Z" type="float"/>
            </accessor>
          </technique_common>
        </source>
        <source id="Plane_007-mesh-map-0">
          <float_array id="Plane_007-mesh-map-0-array" count="144">0 1 1 0 0 0 1 0 0 1 0 0 0 1 1 1 1 1 1 0 0 0 0 0 1 1 1 0 1 0 0 0 0 1 0 1 0 0 0 0 0 0 1 1 0 1 0 1 1 0 0 1 0 0 0 0 0 0 0 0 0 1 1 1 1 1 0 0 0 0 0 0 0 1 1 1 1 0 1 0 1 1 0 1 0 1 0 1 1 1 1 0 1 0 0 0 1 1 1 1 1 0 0 0 0 0 0 1 0 0 0 0 0 0 1 1 1 1 0 1 1 0 1 1 0 1 0 0 0 0 0 0 0 1 0 1 1 1 0 0 0 0 0 0</float_array>
          <technique_common>
            <accessor source="#Plane_007-mesh-map-0-array" count="72" stride="2">
              <param name="S" type="float"/>
              <param name="T" type="float"/>
            </accessor>
          </technique_common>
        </source>
        <vertices id="Plane_007-mesh-vertices">
          <input semantic="POSITION" source="#Plane_007-mesh-positions"/>
        </vertices>
        <triangles count="24">
          <input semantic="VERTEX" source="#Plane_007-mesh-vertices" offset="0"/>
          <input semantic="NORMAL" source="#Plane_007-mesh-normals" offset="1"/>
          <input semantic="TEXCOORD" source="#Plane_007-mesh-map-0" offset="2" set="0"/>
          <p>2 0 0 1 0 1 0 0 2 6 1 3 4 1 4 5 1 5 2 2 6 7 2 7 3 2 8 1 3 9 5 3 10 0 3 11 3 4 12 6 4 13 1 4 14 0 5 15 4 5 16 2 5 17 11 6 18 16 6 19 9 6 20 11 7 21 12 7 22 10 7 23 16 8 24 14 8 25 15 8 26 8 9 27 14 9 28 10 9 29 10 10 30 17 10 31 11 10 32 9 11 33 15 11 34 8 11 35 2 12 36 3 12 37 1 12 38 6 13 39 7 13 40 4 13 41 2 14 42 4 14 43 7 14 44 1 15 45 6 15 46 5 15 47 3 16 48 7 16 49 6 16 50 0 17 51 5 17 52 4 17 53 11 18 54 17 18 55 16 18 56 11 19 57 13 19 58 12 19 59 16 20 60 17 20 61 14 20 62 8 21 63 15 21 64 14 21 65 10 22 66 14 22 67 17 22 68 9 23 69 16 23 70 15 23 71</p>
        </triangles>
      </mesh>
    </geometry>
    <geometry id="Plane_006-mesh" name="Plane.006">
      <mesh>
        <source id="Plane_006-mesh-positions">
          <float_array id="Plane_006-mesh-positions-array" count="24">-0.5631977 -0.9035537 0 0.7436854 -0.9035537 0 -0.5631977 0.9560196 0 0.7436854 0.9560196 0 -0.5631977 0.9560196 0.8049632 -0.5631977 -0.9035537 0.8049632 0.7436854 -0.9035537 0.8049632 0.7436854 0.9560196 0.8049632</float_array>
          <technique_common>
            <accessor source="#Plane_006-mesh-positions-array" count="8" stride="3">
              <param name="X" type="float"/>
              <param name="Y" type="float"/>
              <param name="Z" type="float"/>
            </accessor>
          </technique_common>
        </source>
        <source id="Plane_006-mesh-normals">
          <float_array id="Plane_006-mesh-normals-array" count="36">0 0 -1 0 0 1 -1 0 0 0 1 0 0 -1 0 1 0 0 0 0 -1 0 0 1 -1 0 0 0 1 0 0 -1 0 1 0 0</float_array>
          <technique_common>
            <accessor source="#Plane_006-mesh-normals-array" count="12" stride="3">
              <param name="X" type="float"/>
              <param name="Y" type="float"/>
              <param name="Z" type="float"/>
            </accessor>
          </technique_common>
        </source>
        <source id="Plane_006-mesh-map-0">
          <float_array id="Plane_006-mesh-map-0-array" count="72">0 1 1 0 0 0 1 0 0 1 0 0 0 0 0 1 0 1 0 1 1 1 1 1 1 0 0 0 0 0 1 1 1 0 1 0 0 1 1 1 1 0 1 0 1 1 0 1 0 0 0 0 0 1 0 1 0 1 1 1 1 0 1 0 0 0 1 1 1 1 1 0</float_array>
          <technique_common>
            <accessor source="#Plane_006-mesh-map-0-array" count="36" stride="2">
              <param name="S" type="float"/>
              <param name="T" type="float"/>
            </accessor>
          </technique_common>
        </source>
        <vertices id="Plane_006-mesh-vertices">
          <input semantic="POSITION" source="#Plane_006-mesh-positions"/>
        </vertices>
        <triangles count="12">
          <input semantic="VERTEX" source="#Plane_006-mesh-vertices" offset="0"/>
          <input semantic="NORMAL" source="#Plane_006-mesh-normals" offset="1"/>
          <input semantic="TEXCOORD" source="#Plane_006-mesh-map-0" offset="2" set="0"/>
          <p>2 0 0 1 0 1 0 0 2 6 1 3 4 1 4 5 1 5 0 2 6 4 2 7 2 2 8 2 3 9 7 3 10 3 3 11 1 4 12 5 4 13 0 4 14 3 5 15 6 5 16 1 5 17 2 6 18 3 6 19 1 6 20 6 7 21 7 7 22 4 7 23 0 8 24 5 8 25 4 8 26 2 9 27 4 9 28 7 9 29 1 10 30 6 10 31 5 10 32 3 11 33 7 11 34 6 11 35</p>
        </triangles>
      </mesh>
    </geometry>
    <geometry id="Plane_005-mesh" name="Plane.005">
      <mesh>
        <source id="Plane_005-mesh-positions">
          <float_array id="Plane_005-mesh-positions-array" count="54">-1 -1 0 1 -1 0 -1 1 0 1 1 0 -1 1 1.993627 -1 -1 1.993627 1 -1 1.993627 1 1 1.993627 -1.198997 0.9932826 0.3282537 -0.5765724 0.9932826 0.3282537 -1.198997 1.585263 0.3282537 -0.5765724 1.585263 0.3282537 -1.198997 1.585263 0.3282537 -0.5765724 1.585263 0.3282537 -1.198997 1.585263 1.752812 -1.198997 0.9932826 1.752812 -0.5765724 0.9932826 1.752812 -0.5765724 1.585263 1.752812</float_array>
          <technique_common>
            <accessor source="#Plane_005-mesh-positions-array" count="18" stride="3">
              <param name="X" type="float"/>
              <param name="Y" type="float"/>
              <param name="Z" type="float"/>
            </accessor>
          </technique_common>
        </source>
        <source id="Plane_005-mesh-normals">
          <float_array id="Plane_005-mesh-normals-array" count="72">0 0 -1 0 0 1 0 1 0 0 -1 0 1 0 0 -1 0 0 1 0 0 0 0 1 0 0 1 -1 0 0 0 1 0 0 -1 0 0 0 -1 0 0 1 0 1 0 0 -1 0 1 0 0 -1 0 0 1 0 0 0 0 1 0 0 1 -1 0 0 0 1 0 0 -1 0</float_array>
          <technique_common>
            <accessor source="#Plane_005-mesh-normals-array" count="24" stride="3">
              <param name="X" type="float"/>
              <param name="Y" type="float"/>
              <param name="Z" type="float"/>
            </accessor>
          </technique_common>
        </source>
        <source id="Plane_005-mesh-map-0">
          <float_array id="Plane_005-mesh-map-0-array" count="144">0 1 1 0 0 0 1 0 0 1 0 0 0 1 1 1 1 1 1 0 0 0 0 0 1 1 1 0 1 0 0 0 0 1 0 1 0 0 0 0 0 0 1 1 0 1 0 1 1 0 0 1 0 0 0 0 0 0 0 0 0 1 1 1 1 1 0 0 0 0 0 0 0 1 1 1 1 0 1 0 1 1 0 1 0 1 0 1 1 1 1 0 1 0 0 0 1 1 1 1 1 0 0 0 0 0 0 1 0 0 0 0 0 0 1 1 1 1 0 1 1 0 1 1 0 1 0 0 0 0 0 0 0 1 0 1 1 1 0 0 0 0 0 0</float_array>
          <technique_common>
            <accessor source="#Plane_005-mesh-map-0-array" count="72" stride="2">
              <param name="S" type="float"/>
              <param name="T" type="float"/>
            </accessor>
          </technique_common>
        </source>
        <vertices id="Plane_005-mesh-vertices">
          <input semantic="POSITION" source="#Plane_005-mesh-positions"/>
        </vertices>
        <triangles count="24">
          <input semantic="VERTEX" source="#Plane_005-mesh-vertices" offset="0"/>
          <input semantic="NORMAL" source="#Plane_005-mesh-normals" offset="1"/>
          <input semantic="TEXCOORD" source="#Plane_005-mesh-map-0" offset="2" set="0"/>
          <p>2 0 0 1 0 1 0 0 2 6 1 3 4 1 4 5 1 5 2 2 6 7 2 7 3 2 8 1 3 9 5 3 10 0 3 11 3 4 12 6 4 13 1 4 14 0 5 15 4 5 16 2 5 17 11 6 18 16 6 19 9 6 20 11 7 21 12 7 22 10 7 23 16 8 24 14 8 25 15 8 26 8 9 27 14 9 28 10 9 29 10 10 30 17 10 31 11 10 32 9 11 33 15 11 34 8 11 35 2 12 36 3 12 37 1 12 38 6 13 39 7 13 40 4 13 41 2 14 42 4 14 43 7 14 44 1 15 45 6 15 46 5 15 47 3 16 48 7 16 49 6 16 50 0 17 51 5 17 52 4 17 53 11 18 54 17 18 55 16 18 56 11 19 57 13 19 58 12 19 59 16 20 60 17 20 61 14 20 62 8 21 63 15 21 64 14 21 65 10 22 66 14 22 67 17 22 68 9 23 69 16 23 70 15 23 71</p>
        </triangles>
      </mesh>
    </geometry>
    <geometry id="Plane_003-mesh" name="Plane.003">
      <mesh>
        <source id="Plane_003-mesh-positions">
          <float_array id="Plane_003-mesh-positions-array" count="396">-1.509926 -0.9596653 0 1.613445 -0.9596653 0 -1.509926 1 0 1.613445 1 0 -1.509926 1 0 -1.509926 -0.9596653 0 1.613445 -0.9596653 0 1.613445 1 0 -1.509926 1 0 -1.509926 -0.9596653 0 1.613445 -0.9596653 0 1.613445 1 0 -1.509926 1 0 -1.509926 -0.9596653 0 1.613445 -0.9596653 0 1.613445 1 0 -1.509926 1 0 -1.509926 -0.9596653 0 1.613445 -0.9596653 0 1.613445 1 0 -1.509926 1 0 -1.509926 -0.9596653 0 1.613445 -0.9596653 0 1.613445 1 0 -1.509926 1 0 -1.509926 -0.9596653 0 1.613445 -0.9596653 0 1.613445 1 0 -1.509926 1 0 -1.509926 -0.9596653 0 1.613445 -0.9596653 0 1.613445 1 0 -1.509926 -0.9596653 0 1.613445 -0.9596653 0 -1.509926 1 0 1.613445 1 0 -1.509926 1 0 -1.509926 -0.9596653 0 1.613445 -0.9596653 0 1.613445 1 0 -1.509926 1 0 -1.509926 -0.9596653 0 1.613445 -0.9596653 0 1.613445 1 0 -1.509926 1 0 -1.509926 -0.9596653 0 1.613445 -0.9596653 0 1.613445 1 0 -1.509926 1 0 -1.509926 -0.9596653 0 1.613445 -0.9596653 0 1.613445 1 0 -1.509926 1 0 -1.509926 -0.9596653 0 1.613445 -0.9596653 0 1.613445 1 0 -1.509926 1 0 -1.509926 -0.9596653 0 1.613445 -0.9596653 0 1.613445 1 0 -1.509926 1 0 -1.509926 -0.9596653 0 1.613445 -0.9596653 0 1.613445 1 0 -1.509926 1 0 -1.509926 -0.9596653 0 1.613445 -0.9596653 0 1.613445 1 0 -1.509926 1 2.166196 -1.509926 -0.9596653 2.166196 1.613445 -0.9596653 2.166196 1.613445 1 2.166196 -1.509926 1 2.166196 -1.509926 -0.9596653 2.166196 1.613445 -0.9596653 2.166196 1.613445 1 2.166196 -1.509926 1 2.166196 -1.509926 -0.9596653 2.166196 1.613445 -0.9596653 2.166196 1.613445 1 2.166196 -1.509926 1 2.166196 -1.509926 -0.9596653 2.166196 1.613445 -0.9596653 2.166196 1.613445 1 2.166196 -1.509926 1 2.166196 -1.509926 -0.9596653 2.166196 1.613445 -0.9596653 2.166196 1.613445 1 2.166196 -1.509926 1 2.166196 -1.509926 -0.9596653 2.166196 1.613445 -0.9596653 2.166196 1.613445 1 2.166196 -1.509926 1 2.166196 -1.509926 -0.9596653 2.166196 1.613445 -0.9596653 2.166196 1.613445 1 2.166196 -1.509926 1 2.166196 -1.509926 -0.9596653 2.166196 1.613445 -0.9596653 2.166196 1.613445 1 2.166196 -1.509926 1 2.166196 -1.509926 -0.9596653 2.166196 1.613445 -0.9596653 2.166196 1.613445 1 2.166196 -1.509926 1 2.166196 -1.509926 -0.9596653 2.166196 1.613445 -0.9596653 2.166196 1.613445 1 2.166196 -1.509926 1 2.166196 -1.509926 -0.9596653 2.166196 1.613445 -0.9596653 2.166196 1.613445 1 2.166196 -1.509926 1 2.166196 -1.509926 -0.9596653 2.166196 1.613445 -0.9596653 2.166196 1.613445 1 2.166196 -1.509926 1 2.166196 -1.509926 -0.9596653 2.166196 1.613445 -0.9596653 2.166196 1.613445 1 2.166196 -1.509926 1 2.166196 -1.509926 -0.9596653 2.166196 1.613445 -0.9596653 2.166196 1.613445 1 2.166196 -1.509926 1 2.166196 -1.509926 -0.9596653 2.166196 1.613445 -0.9596653 2.166196 1.613445 1 2.166196 -1.509926 1 2.166196 -1.509926 -0.9596653 2.166196 1.613445 -0.9596653 2.166196 1.613445 1 2.166196</float_array>
          <technique_common>
            <accessor source="#Plane_003-mesh-positions-array" count="132" stride="3">
              <param name="X" type="float"/>
              <param name="Y" type="float"/>
              <param name="Z" type="float"/>
            </accessor>
          </technique_common>
        </source>
        <source id="Plane_003-mesh-normals">
          <float_array id="Plane_003-mesh-normals-array" count="612">0 0 1 0 0 -1 0 0 1 0 0 1 0 0 1 0 0 1 0 0 -1 0 0 1 0 0 1 0 0 1 0 0 1 0 0 1 0 0 -1 0 0 1 0 0 1 0 0 1 0 0 1 0 0 1 0 0 1 0 0 -1 0 0 1 0 0 1 0 0 1 0 0 1 0 0 -1 0 0 1 0 0 1 0 0 1 0 0 1 0 0 1 0 0 1 0 0 -1 0 0 1 0 0 1 0 0 1 0 0 1 0 0 1 0 0 -1 0 0 1 0 0 1 0 0 1 0 0 1 0 0 -1 0 0 1 0 0 1 0 0 1 0 0 1 0 -1 0 0 1 0 -1 0 0 1 0 0 0 0 1 0 0 1 0 0 1 0 0 1 0 0 1 0 0 -1 0 0 1 0 0 1 0 0 1 0 0 1 0 0 1 0 0 -1 0 0 1 0 0 1 0 0 1 0 0 1 0 0 1 0 0 -1 0 0 1 0 0 1 0 0 1 0 0 1 0 0 1 0 0 -1 0 0 1 0 0 1 0 0 1 0 0 1 0 0 1 0 0 -1 0 0 1 0 0 1 0 0 1 0 0 1 0 0 1 0 0 -1 0 0 1 0 0 1 0 0 1 0 0 1 0 0 1 0 0 -1 0 0 1 0 0 1 0 0 1 0 0 1 0 0 1 0 0 1 0 0 1 0 0 1 0 0 1 0 0 1 0 0 -1 0 0 1 0 0 1 0 0 1 0 0 1 0 0 -1 0 0 1 0 0 1 0 0 1 0 0 1 0 0 1 0 0 -1 0 0 1 0 0 1 0 0 1 0 0 1 0 0 1 0 0 1 0 0 -1 0 0 1 0 0 1 0 0 1 0 0 1 0 0 -1 0 0 1 0 0 1 0 0 1 0 0 1 0 0 1 0 0 1 0 0 -1 0 0 1 0 0 1 0 0 1 0 0 1 0 0 1 0 0 -1 0 0 1 0 0 1 0 0 1 0 0 1 0 0 -1 0 0 1 0 0 1 0 0 1 0 0 1 0 -1 0 0 1 0 -1 0 0 1 0 0 0 0 1 0 0 1 0 0 1 0 0 1 0 0 1 0 0 -1 0 0 1 0 0 1 0 0 1 0 0 1 0 0 1 0 0 -1 0 0 1 0 0 1 0 0 1 0 0 1 0 0 1 0 0 -1 0 0 1 0 0 1 0 0 1 0 0 1 0 0 1 0 0 -1 0 0 1 0 0 1 0 0 1 0 0 1 0 0 1 0 0 -1 0 0 1 0 0 1 0 0 1 0 0 1 0 0 1 0 0 -1 0 0 1 0 0 1 0 0 1 0 0 1 0 0 1 0 0 -1 0 0 1 0 0 1 0 0 1 0 0 1 0 0 1 0 0 1 0 0 1 0 0 1 0 0 1</float_array>
          <technique_common>
            <accessor source="#Plane_003-mesh-normals-array" count="204" stride="3">
              <param name="X" type="float"/>
              <param name="Y" type="float"/>
              <param name="Z" type="float"/>
            </accessor>
          </technique_common>
        </source>
        <source id="Plane_003-mesh-map-0">
          <float_array id="Plane_003-mesh-map-0-array" count="1224">1 0 0 1 0 0 0 1 1 0 0 0 1 0 1 1 1 0 0 1 0 0 0 1 1 1 0 1 1 1 0 0 1 0 0 0 0 1 1 0 0 0 1 0 0 1 0 0 1 1 1 0 1 0 0 0 0 1 0 1 0 1 1 1 1 1 1 0 0 0 0 0 0 1 1 0 0 0 1 0 0 1 0 0 1 1 1 0 1 0 0 0 0 1 0 1 0 1 1 1 1 1 1 0 0 0 0 0 1 0 0 1 0 0 0 1 1 0 0 0 1 0 1 1 1 0 0 1 0 0 0 1 1 1 0 1 1 1 0 0 1 0 0 0 0 1 1 0 0 0 1 0 0 1 0 0 1 1 1 0 1 0 0 0 0 1 0 1 0 1 1 1 1 1 1 0 0 0 0 0 1 0 0 1 0 0 0 1 1 0 0 0 1 0 1 1 1 0 0 1 0 0 0 1 1 1 0 1 1 1 0 0 1 0 0 0 1 0 0 1 0 0 0 1 1 0 0 0 1 0 1 1 1 0 0 1 0 0 0 1 1 1 0 1 1 1 0 0 1 0 0 0 0 1 1 0 0 0 1 1 1 0 1 0 0 0 0 1 0 1 0 1 1 1 1 1 1 0 0 0 0 0 1 0 0 0 1 0 0 1 1 1 0 1 0 0 0 1 0 0 1 1 1 0 1 1 1 0 0 0 1 0 1 1 1 0 1 1 0 0 0 1 0 0 0 1 1 1 0 1 1 0 0 1 0 0 0 1 1 0 0 0 1 0 1 1 1 0 0 1 0 0 0 1 1 1 0 1 1 1 0 0 1 0 0 0 1 0 0 1 0 0 0 1 1 0 0 0 1 0 1 1 1 0 0 1 0 0 0 1 1 1 0 1 1 1 0 0 1 0 0 0 1 0 0 1 0 0 0 1 1 0 0 0 1 0 1 1 1 0 0 1 0 0 0 1 1 1 0 1 1 1 0 0 1 0 0 0 1 0 0 1 0 0 0 1 1 0 0 0 1 0 1 1 1 0 0 1 0 0 0 1 1 1 0 1 1 1 0 0 1 0 0 0 1 0 0 1 0 0 0 1 1 0 0 0 1 0 1 1 1 0 0 1 0 0 0 1 1 1 0 1 1 1 0 0 1 0 0 0 1 0 0 1 0 0 0 1 1 0 0 0 1 0 1 1 1 0 0 1 0 0 0 1 1 1 0 1 1 1 0 0 1 0 0 0 1 0 0 1 0 0 0 1 1 0 0 0 1 0 1 1 1 0 0 1 0 0 0 1 1 1 0 1 1 1 0 0 1 0 0 0 1 0 0 1 0 0 1 0 1 1 1 0 0 1 0 0 0 1 1 1 0 1 1 1 0 0 1 0 0 0 1 0 1 1 0 1 0 1 1 1 1 0 1 0 1 1 1 1 0 1 0 0 0 0 1 1 0 1 0 1 0 0 1 0 1 0 0 1 1 1 1 0 1 0 1 1 0 1 1 1 1 1 1 0 0 0 0 0 0 1 0 1 0 1 1 1 1 0 1 0 0 0 0 1 1 1 1 0 1 0 1 1 0 1 1 1 1 1 1 0 0 0 0 0 0 1 0 1 0 1 1 1 1 0 1 0 0 0 1 0 1 1 0 1 0 1 1 1 1 0 1 0 1 1 1 1 0 1 0 0 0 0 1 1 0 1 0 1 0 0 1 0 1 0 0 1 1 1 1 0 1 0 1 1 0 1 1 1 1 1 1 0 0 0 0 0 0 1 0 1 0 1 1 1 1 0 1 0 0 0 1 0 1 1 0 1 0 1 1 1 1 0 1 0 1 1 1 1 0 1 0 0 0 0 1 1 0 1 0 1 0 0 1 0 1 0 1 0 1 1 0 1 0 1 1 1 1 0 1 0 1 1 1 1 0 1 0 0 0 0 1 1 0 1 0 1 0 0 1 0 1 0 0 1 1 1 1 0 1 1 1 1 1 0 0 0 0 0 0 1 0 1 0 1 1 1 1 0 1 0 0 0 1 0 0 0 0 0 0 1 1 1 1 1 0 0 0 1 0 1 1 1 1 0 1 0 1 0 0 0 0 0 1 1 1 0 1 0 0 0 0 1 0 1 0 1 1 1 1 1 1 0 1 1 0 1 0 1 1 1 1 0 1 0 1 1 1 1 0 1 0 0 0 0 1 1 0 1 0 1 0 0 1 0 1 0 1 0 1 1 0 1 0 1 1 1 1 0 1 0 1 1 1 1 0 1 0 0 0 0 1 1 0 1 0 1 0 0 1 0 1 0 1 0 1 1 0 1 0 1 1 1 1 0 1 0 1 1 1 1 0 1 0 0 0 0 1 1 0 1 0 1 0 0 1 0 1 0 1 0 1 1 0 1 0 1 1 1 1 0 1 0 1 1 1 1 0 1 0 0 0 0 1 1 0 1 0 1 0 0 1 0 1 0 1 0 1 1 0 1 0 1 1 1 1 0 1 0 1 1 1 1 0 1 0 0 0 0 1 1 0 1 0 1 0 0 1 0 1 0 1 0 1 1 0 1 0 1 1 1 1 0 1 0 1 1 1 1 0 1 0 0 0 0 1 1 0 1 0 1 0 0 1 0 1 0 1 0 1 1 0 1 0 1 1 1 1 0 1 0 1 1 1 1 0 1 0 0 0 0 1 1 0 1 0 1 0 0 1 0 1 0 1 0 1 1 0 1 1 0 1 1 1 1 0 1 0 0 0 0 1 1 0 1 0 1 0 0 1 0 1 0</float_array>
          <technique_common>
            <accessor source="#Plane_003-mesh-map-0-array" count="612" stride="2">
              <param name="S" type="float"/>
              <param name="T" type="float"/>
            </accessor>
          </technique_common>
        </source>
        <vertices id="Plane_003-mesh-vertices">
          <input semantic="POSITION" source="#Plane_003-mesh-positions"/>
        </vertices>
        <triangles count="204">
          <input semantic="VERTEX" source="#Plane_003-mesh-vertices" offset="0"/>
          <input semantic="NORMAL" source="#Plane_003-mesh-normals" offset="1"/>
          <input semantic="TEXCOORD" source="#Plane_003-mesh-map-0" offset="2" set="0"/>
          <p>1 0 0 2 0 1 0 0 2 4 1 3 6 1 4 5 1 5 6 2 6 3 2 7 1 2 8 4 3 9 0 3 10 2 3 11 7 4 12 2 4 13 3 4 14 5 5 15 1 5 16 0 5 17 8 6 18 10 6 19 9 6 20 14 7 21 12 7 22 13 7 23 11 8 24 14 8 25 10 8 26 9 9 27 12 9 28 8 9 29 8 10 30 15 10 31 11 10 32 10 11 33 13 11 34 9 11 35 16 12 36 18 12 37 17 12 38 22 13 39 20 13 40 21 13 41 19 14 42 22 14 43 18 14 44 17 15 45 20 15 46 16 15 47 16 16 48 23 16 49 19 16 50 18 17 51 21 17 52 17 17 53 26 18 54 24 18 55 25 18 56 28 19 57 30 19 58 29 19 59 30 20 60 27 20 61 26 20 62 28 21 63 25 21 64 24 21 65 31 22 66 24 22 67 27 22 68 29 23 69 26 23 70 25 23 71 34 24 72 33 24 73 32 24 74 38 25 75 36 25 76 37 25 77 35 26 78 38 26 79 33 26 80 32 27 81 36 27 82 34 27 83 34 28 84 39 28 85 35 28 86 33 29 87 37 29 88 32 29 89 42 30 90 40 30 91 41 30 92 44 31 93 46 31 94 45 31 95 46 32 96 43 32 97 42 32 98 44 33 99 41 33 100 40 33 101 47 34 102 40 34 103 43 34 104 45 35 105 42 35 106 41 35 107 50 36 108 48 36 109 49 36 110 52 37 111 54 37 112 53 37 113 54 38 114 51 38 115 50 38 116 52 39 117 49 39 118 48 39 119 55 40 120 48 40 121 51 40 122 53 41 123 50 41 124 49 41 125 56 42 126 58 42 127 57 42 128 59 43 129 62 43 130 58 43 131 57 44 132 60 44 133 56 44 134 56 45 135 63 45 136 59 45 137 58 46 138 61 46 139 57 46 140 130 47 141 65 47 142 66 47 143 128 48 144 67 48 145 64 48 146 129 49 147 64 49 148 65 49 149 131 50 150 66 50 151 67 50 152 66 51 153 61 51 154 62 51 155 67 52 156 62 52 157 63 52 158 65 53 159 60 53 160 61 53 161 64 54 162 63 54 163 60 54 164 70 55 165 68 55 166 69 55 167 72 56 168 74 56 169 73 56 170 74 57 171 71 57 172 70 57 173 72 58 174 69 58 175 68 58 176 75 59 177 68 59 178 71 59 179 73 60 180 70 60 181 69 60 182 78 61 183 76 61 184 77 61 185 80 62 186 82 62 187 81 62 188 82 63 189 79 63 190 78 63 191 80 64 192 77 64 193 76 64 194 83 65 195 76 65 196 79 65 197 81 66 198 78 66 199 77 66 200 86 67 201 84 67 202 85 67 203 88 68 204 90 68 205 89 68 206 90 69 207 87 69 208 86 69 209 88 70 210 85 70 211 84 70 212 91 71 213 84 71 214 87 71 215 89 72 216 86 72 217 85 72 218 94 73 219 92 73 220 93 73 221 96 74 222 98 74 223 97 74 224 98 75 225 95 75 226 94 75 227 96 76 228 93 76 229 92 76 230 99 77 231 92 77 232 95 77 233 97 78 234 94 78 235 93 78 236 102 79 237 100 79 238 101 79 239 104 80 240 106 80 241 105 80 242 106 81 243 103 81 244 102 81 245 104 82 246 101 82 247 100 82 248 107 83 249 100 83 250 103 83 251 105 84 252 102 84 253 101 84 254 110 85 255 108 85 256 109 85 257 112 86 258 114 86 259 113 86 260 114 87 261 111 87 262 110 87 263 112 88 264 109 88 265 108 88 266 115 89 267 108 89 268 111 89 269 113 90 270 110 90 271 109 90 272 118 91 273 116 91 274 117 91 275 120 92 276 122 92 277 121 92 278 122 93 279 119 93 280 118 93 281 120 94 282 117 94 283 116 94 284 123 95 285 116 95 286 119 95 287 121 96 288 118 96 289 117 96 290 126 97 291 124 97 292 125 97 293 130 98 294 127 98 295 126 98 296 128 99 297 125 99 298 124 99 299 131 100 300 124 100 301 127 100 302 129 101 303 126 101 304 125 101 305 1 102 306 3 102 307 2 102 308 4 103 309 7 103 310 6 103 311 6 104 312 7 104 313 3 104 314 4 105 315 5 105 316 0 105 317 7 106 318 4 106 319 2 106 320 5 107 321 6 107 322 1 107 323 8 108 324 11 108 325 10 108 326 14 109 327 15 109 328 12 109 329 11 110 330 15 110 331 14 110 332 9 111 333 13 111 334 12 111 335 8 112 336 12 112 337 15 112 338 10 113 339 14 113 340 13 113 341 16 114 342 19 114 343 18 114 344 22 115 345 23 115 346 20 115 347 19 116 348 23 116 349 22 116 350 17 117 351 21 117 352 20 117 353 16 118 354 20 118 355 23 118 356 18 119 357 22 119 358 21 119 359 26 120 360 27 120 361 24 120 362 28 121 363 31 121 364 30 121 365 30 122 366 31 122 367 27 122 368 28 123 369 29 123 370 25 123 371 31 124 372 28 124 373 24 124 374 29 125 375 30 125 376 26 125 377 34 126 378 35 126 379 33 126 380 38 127 381 39 127 382 36 127 383 35 128 384 39 128 385 38 128 386 32 129 387 37 129 388 36 129 389 34 130 390 36 130 391 39 130 392 33 131 393 38 131 394 37 131 395 42 132 396 43 132 397 40 132 398 44 133 399 47 133 400 46 133 401 46 134 402 47 134 403 43 134 404 44 135 405 45 135 406 41 135 407 47 136 408 44 136 409 40 136 410 45 137 411 46 137 412 42 137 413 50 138 414 51 138 415 48 138 416 52 139 417 55 139 418 54 139 419 54 140 420 55 140 421 51 140 422 52 141 423 53 141 424 49 141 425 55 142 426 52 142 427 48 142 428 53 143 429 54 143 430 50 143 431 56 144 432 59 144 433 58 144 434 59 145 435 63 145 436 62 145 437 57 146 438 61 146 439 60 146 440 56 147 441 60 147 442 63 147 443 58 148 444 62 148 445 61 148 446 130 149 447 129 149 448 65 149 449 128 150 450 131 150 451 67 150 452 129 151 453 128 151 454 64 151 455 131 152 456 130 152 457 66 152 458 66 153 459 65 153 460 61 153 461 67 154 462 66 154 463 62 154 464 65 155 465 64 155 466 60 155 467 64 156 468 67 156 469 63 156 470 70 157 471 71 157 472 68 157 473 72 158 474 75 158 475 74 158 476 74 159 477 75 159 478 71 159 479 72 160 480 73 160 481 69 160 482 75 161 483 72 161 484 68 161 485 73 162 486 74 162 487 70 162 488 78 163 489 79 163 490 76 163 491 80 164 492 83 164 493 82 164 494 82 165 495 83 165 496 79 165 497 80 166 498 81 166 499 77 166 500 83 167 501 80 167 502 76 167 503 81 168 504 82 168 505 78 168 506 86 169 507 87 169 508 84 169 509 88 170 510 91 170 511 90 170 512 90 171 513 91 171 514 87 171 515 88 172 516 89 172 517 85 172 518 91 173 519 88 173 520 84 173 521 89 174 522 90 174 523 86 174 524 94 175 525 95 175 526 92 175 527 96 176 528 99 176 529 98 176 530 98 177 531 99 177 532 95 177 533 96 178 534 97 178 535 93 178 536 99 179 537 96 179 538 92 179 539 97 180 540 98 180 541 94 180 542 102 181 543 103 181 544 100 181 545 104 182 546 107 182 547 106 182 548 106 183 549 107 183 550 103 183 551 104 184 552 105 184 553 101 184 554 107 185 555 104 185 556 100 185 557 105 186 558 106 186 559 102 186 560 110 187 561 111 187 562 108 187 563 112 188 564 115 188 565 114 188 566 114 189 567 115 189 568 111 189 569 112 190 570 113 190 571 109 190 572 115 191 573 112 191 574 108 191 575 113 192 576 114 192 577 110 192 578 118 193 579 119 193 580 116 193 581 120 194 582 123 194 583 122 194 584 122 195 585 123 195 586 119 195 587 120 196 588 121 196 589 117 196 590 123 197 591 120 197 592 116 197 593 121 198 594 122 198 595 118 198 596 126 199 597 127 199 598 124 199 599 130 200 600 131 200 601 127 200 602 128 201 603 129 201 604 125 201 605 131 202 606 128 202 607 124 202 608 129 203 609 130 203 610 126 203 611</p>
        </triangles>
      </mesh>
    </geometry>
    <geometry id="Plane_002-mesh" name="Plane.002">
      <mesh>
        <source id="Plane_002-mesh-positions">
          <float_array id="Plane_002-mesh-positions-array" count="408">33.47214 -18.05677 0.007499277 36.56382 -18.05677 0.007499277 33.47214 -17.97122 0.007499277 36.56382 -17.97122 0.007499277 33.4169 -18.05677 0.007499277 33.4169 -17.97122 0.007499277 33.47214 -18.71676 0.007499277 33.4169 -18.71676 0.007499277 30.84787 -17.78416 0.007462084 30.79263 -17.78416 0.007462084 30.84787 -18.71676 0.007462084 30.79263 -18.71676 0.007462084 30.84787 -17.72001 0.007462084 30.79263 -17.72001 0.007462084 23.9032 -17.78416 0.007462084 23.9032 -17.72001 0.007462084 23.84885 -17.78416 0.007462084 23.84885 -17.72001 0.007462084 23.9032 -18.71675 0.007462084 23.84885 -18.71675 0.007462084 24.43905 -11.69079 0.007462084 24.38469 -11.69079 0.007462084 24.43905 -16.62545 0.007462084 24.38469 -16.62545 0.007462084 24.43905 -11.62756 0.007462084 24.38469 -11.62756 0.007462084 34.58146 -11.69079 0.007462084 34.58146 -11.62756 0.007462084 34.64744 -11.69079 0.007462084 34.64744 -11.62756 0.007462084 34.58146 -16.62545 0.007462084 34.64744 -16.62545 0.007462084 34.58146 -16.68272 0.007462084 34.64744 -16.68272 0.007462084 24.38469 -16.62545 0.007462084 24.38469 -16.68272 0.007462084 35.90724 -16.90379 0.007499277 36.56382 -16.90379 0.007499277 35.90724 -16.83488 0.007499277 36.56382 -16.83488 0.007499277 35.83653 -16.90379 0.007499277 35.83653 -16.83488 0.007499277 35.90724 -14.50323 0.007499277 35.83653 -14.50323 0.007499277 35.90724 -10.45609 0.007499277 35.83653 -10.45609 0.007499277 35.90724 -10.39701 0.007499277 35.83653 -10.39701 0.007499277 23.40476 -10.45609 0.007499277 23.40476 -10.39701 0.007499277 23.34124 -10.45609 0.007499277 23.34124 -10.39701 0.007499277 23.40476 -14.92676 0.007499277 23.34124 -14.92676 0.007499277 23.40476 -14.98774 0.007499277 23.34124 -14.98774 0.007499277 20.3691 -14.92676 0.007499277 20.3691 -14.98774 0.007499277 20.30619 -14.92676 0.007499277 20.30619 -14.98774 0.007499277 20.3691 -10.08372 0.007499277 20.30619 -10.08372 0.007499277 20.3691 -10.02959 0.007499277 20.30619 -10.02959 0.007499277 20.3691 -9.53547 0.007499277 20.30619 -9.53547 0.007499277 18.54656 -10.08372 0.007499277 18.54656 -10.02959 0.007499277 33.47214 -17.97122 0.004324257 33.47214 -18.05677 0.004324257 36.56382 -18.05677 0.004324257 36.56382 -17.97122 0.004324257 33.4169 -17.97122 0.004324257 33.4169 -18.05677 0.004324257 33.4169 -18.71676 0.004324257 33.47214 -18.71676 0.004324257 30.79263 -17.78416 0.004287064 30.84787 -17.78416 0.004287064 30.84787 -18.71676 0.004287064 30.79263 -18.71676 0.004287064 30.79263 -17.72001 0.004287064 30.84787 -17.72001 0.004287064 23.9032 -17.72001 0.004287064 23.9032 -17.78416 0.004287064 23.84885 -17.72001 0.004287064 23.84885 -17.78416 0.004287064 23.84885 -18.71675 0.004287064 23.9032 -18.71675 0.004287064 24.38469 -11.69079 0.004287064 24.43905 -11.69079 0.004287064 24.43905 -16.62545 0.004287064 24.38469 -16.62545 0.004287064 24.38469 -11.62756 0.004287064 24.43905 -11.62756 0.004287064 34.58146 -11.69079 0.004287064 34.58146 -11.62756 0.004287064 34.64744 -11.69079 0.004287064 34.64744 -11.62756 0.004287064 34.58146 -16.62545 0.004287064 34.64744 -16.62545 0.004287064 34.58146 -16.68272 0.004287064 34.64744 -16.68272 0.004287064 24.38469 -16.62545 0.004287064 24.38469 -16.68272 0.004287064 35.90724 -16.83488 0.004324257 35.90724 -16.90379 0.004324257 36.56382 -16.90379 0.004324257 36.56382 -16.83488 0.004324257 35.83653 -16.83488 0.004324257 35.83653 -16.90379 0.004324257 35.90724 -14.50323 0.004324257 35.83653 -14.50323 0.004324257 35.90724 -10.45609 0.004324257 35.83653 -10.45609 0.004324257 35.90724 -10.39701 0.004324257 35.83653 -10.39701 0.004324257 23.40476 -10.39701 0.004324257 23.40476 -10.45609 0.004324257 23.34124 -10.39701 0.004324257 23.34124 -10.45609 0.004324257 23.34124 -14.92676 0.004324257 23.40476 -14.92676 0.004324257 23.34124 -14.98774 0.004324257 23.40476 -14.98774 0.004324257 20.3691 -14.92676 0.004324257 20.3691 -14.98774 0.004324257 20.30619 -14.92676 0.004324257 20.30619 -14.98774 0.004324257 20.3691 -10.08372 0.004324257 20.30619 -10.08372 0.004324257 20.3691 -10.02959 0.004324257 20.30619 -10.02959 0.004324257 20.3691 -9.53547 0.004324257 20.30619 -9.53547 0.004324257 18.54656 -10.02959 0.004324257 18.54656 -10.08372 0.004324257</float_array>
          <technique_common>
            <accessor source="#Plane_002-mesh-positions-array" count="136" stride="3">
              <param name="X" type="float"/>
              <param name="Y" type="float"/>
              <param name="Z" type="float"/>
            </accessor>
          </technique_common>
        </source>
        <source id="Plane_002-mesh-normals">
          <float_array id="Plane_002-mesh-normals-array" count="768">0 0 1 0 0 1 0 0 1 0 0 1 0 0 1 0 0 1 0 0 1 0 0 1 0 0 1 0 0 1 0 0 1 0 0 1 0 0 1 0 0 1 0 0 1 0 0 1 0 0 1 0 0 1 0 0 1 0 0 1 0 0 1 0 0 1 0 0 1 0 0 1 0 0 1 0 0 1 0 0 1 0 0 1 0 0 1 0 0 1 0 0 -1 0 0 -1 0 0 -1 0 0 -1 0 0 -1 0 0 -1 0 0 -1 0 0 -1 0 0 -1 0 0 -1 0 0 -1 0 0 -1 0 0 -1 0 0 -1 0 0 -1 0 0 -1 0 0 -1 0 0 -1 0 0 -1 0 0 -1 0 0 -1 0 0 -1 0 0 -1 0 0 -1 0 0 -1 0 0 -1 0 0 -1 0 0 -1 0 0 -1 0 0 -1 1 0 0 -1 0 0 0 1 0 -1 0 0 0 1 0 -1 0 0 -1 0 0 1 0 0 -1 0 0 1 0 0 0 1 0 -1 0 0 0 -1 0 1 0 0 0 1 0 1 0 0 1 0 0 0 1 0 0 -1 0 -1 0 0 0 1 0 1 0 0 -1 0 0 1 0 0 0 1 0 0 -1 0 1 0 0 1 0 0 -1 0 0 0 -1 0 -1 0 0 0 -1 0 0 1 0 1 0 0 0 1 0 0 1 0 -1 0 0 -1 0 0 0 -1 0 1 0 0 0 1 0 1 0 0 0 -1 0 1 0 0 -1 0 0 0 1 0 -1 0 0 0 -1 0 -1 0 0 0 -1 0 0 1 0 1 0 0 0 1 0 0 -1 0 0 -1 0 1 0 0 1 0 0 0 -1 0 0 1 0 -1 0 0 0 1 0 -1 0 0 -1 0 0 0 -1 0 0 -1 0 0 -1 0 0 -1 0 1 0 0 0 0 1 0 0 1 0 0 1 0 0 1 0 0 1 0 0 1 0 0 1 0 0 1 0 0 1 0 0 1 0 0 1 0 0 1 0 0 1 0 0 1 0 0 1 0 0 1 0 0 1 0 0 1 0 0 1 0 0 1 0 0 1 0 0 1 0 0 1 0 0 1 0 0 1 0 0 1 0 0 1 0 0 1 0 0 1 0 0 1 0 0 -1 0 0 -1 0 0 -1 0 0 -1 0 0 -1 0 0 -1 0 0 -1 0 0 -1 0 0 -1 0 0 -1 0 0 -1 0 0 -1 0 0 -1 0 0 -1 0 0 -1 0 0 -1 0 0 -1 0 0 -1 0 0 -1 0 0 -1 0 0 -1 0 0 -1 0 0 -1 0 0 -1 0 0 -1 0 0 -1 0 0 -1 0 0 -1 0 0 -1 0 0 -1 1 0 0 -1 0 0 0 1 0 -1 0 0 0 1 0 -1 0 0 -1 0 0 1 0 0 -1 0 0 1 0 0 0 1 0 -1 0 0 0 -1 0 1 0 0 0 1 0 1 0 0 1 0 0 0 1 0 0 -1 0 -1 0 0 0 1 0 1 0 0 -1 0 0 1 0 0 0 1 0 0 -1 0 1 0 0 1 0 0 -1 0 0 0 -1 0 -1 0 0 0 -1 0 0 1 0 1 0 0 0 1 0 0 1 0 -1 0 0 -1 0 0 0 -1 0 1 0 0 0 1 0 1 0 0 0 -1 0 1 0 0 -1 0 0 0 1 0 -1 0 0 0 -1 0 -1 0 0 0 -1 0 0 1 0 1 0 0 0 1 0 0 -1 0 0 -1 0 1 0 0 1 0 0 0 -1 0 0 1 0 -1 0 0 0 1 0 -1 0 0 -1 0 0 0 -1 0 0 -1 0 0 -1 0 0 -1 0 1 0 0</float_array>
          <technique_common>
            <accessor source="#Plane_002-mesh-normals-array" count="256" stride="3">
              <param name="X" type="float"/>
              <param name="Y" type="float"/>
              <param name="Z" type="float"/>
            </accessor>
          </technique_common>
        </source>
        <source id="Plane_002-mesh-map-0">
          <float_array id="Plane_002-mesh-map-0-array" count="1536">1 0 0 1 0 0 0 1 0 0 0 0 0 0 0 0 0 0 0 0 0 0 0 0 0 0 0 0 0 0 0 0 0 0 0 0 0 0 0 0 0 0 0 0 0 0 0 0 0 0 0 0 0 0 0 0 0 0 0 0 0 0 0 0 0 0 0 0 0 0 0 0 0 0 0 0 0 0 0 0 0 0 0 0 0 0 0 0 0 0 1 0 0 1 0 0 0 1 0 0 0 0 0 1 0 1 0 1 0 1 0 1 0 1 0 1 0 1 0 1 0 1 0 1 0 1 0 1 0 1 0 1 0 1 0 1 0 1 0 1 0 1 0 1 0 1 0 1 0 1 0 1 0 1 0 1 0 1 0 1 0 1 0 1 0 1 0 1 0 1 0 1 0 1 0 1 0 1 0 1 0 1 1 0 0 0 0 0 0 1 0 0 0 0 0 0 0 0 0 0 0 0 0 0 0 0 0 0 0 0 0 0 0 0 0 0 0 0 0 0 0 0 0 0 0 0 0 0 0 0 0 0 0 0 0 0 0 0 0 0 0 0 0 0 0 0 0 0 0 0 0 0 0 0 0 0 0 0 0 0 0 0 0 0 0 0 0 0 0 0 0 1 1 0 0 0 0 0 0 1 0 0 0 1 0 1 0 1 0 1 0 1 0 1 0 1 0 1 0 1 0 1 0 1 0 1 0 1 0 1 0 1 0 1 0 1 0 1 0 1 0 1 0 1 0 1 0 1 0 1 0 1 0 1 0 1 0 1 0 1 0 1 0 1 0 1 0 1 0 1 0 1 0 1 0 1 0 1 0 1 1 0 1 1 1 0 0 0 0 0 0 0 1 1 0 1 1 1 0 1 0 1 0 1 0 0 0 0 0 0 0 1 0 0 0 1 0 1 0 1 0 1 0 1 0 1 0 1 0 0 0 0 0 0 0 1 0 1 0 1 0 1 0 1 0 1 0 1 0 1 0 1 0 0 0 0 0 0 0 1 0 1 0 1 0 0 0 0 0 0 0 0 0 0 0 0 0 1 0 1 0 1 0 1 0 1 0 1 0 0 0 0 0 0 0 0 0 0 0 0 0 1 0 1 0 1 0 0 0 0 0 0 0 1 0 1 0 1 0 1 0 1 0 1 0 0 0 0 0 0 0 0 0 0 0 0 0 1 0 1 0 1 0 0 0 0 0 0 0 1 0 1 0 1 0 1 0 1 0 1 0 0 0 0 0 0 0 1 0 1 0 1 0 1 0 1 0 1 0 0 0 0 0 0 0 0 0 0 0 0 0 1 0 1 0 1 0 1 0 1 0 1 0 0 0 0 0 0 0 0 0 0 0 0 0 0 0 0 0 0 0 1 0 1 0 1 0 0 0 0 0 0 0 0 0 0 0 0 0 1 0 1 0 1 0 0 0 0 0 0 0 0 0 0 0 0 0 1 0 1 0 1 0 0 0 0 0 0 0 0 0 0 0 0 0 1 0 1 0 1 0 0 0 0 0 0 0 1 0 1 0 1 0 0 0 0 0 0 0 0 1 0 0 0 0 0 0 0 0 0 1 0 1 1 1 0 0 0 0 0 0 0 0 1 0 1 0 1 1 1 0 1 1 1 0 0 0 0 0 0 0 1 0 1 0 1 0 1 0 0 0 1 0 1 0 1 0 1 0 0 0 0 0 0 0 0 0 0 0 0 0 0 1 0 0 0 0 1 0 1 0 1 0 0 0 0 0 0 1 0 1 1 0 1 0 1 0 1 0 0 0 0 0 0 0 0 0 0 0 0 0 0 0 0 0 0 0 0 0 0 0 0 0 0 0 0 0 0 0 0 0 0 0 0 0 0 0 0 0 0 0 0 0 0 0 0 0 0 0 0 0 0 0 0 0 0 0 0 0 0 0 0 0 0 0 0 0 0 0 0 0 0 0 0 0 0 0 0 1 0 1 1 0 1 0 1 0 1 0 0 0 1 0 1 0 1 0 1 0 1 0 1 0 1 0 1 0 1 0 1 0 1 0 1 0 1 0 1 0 1 0 1 0 1 0 1 0 1 0 1 0 1 0 1 0 1 0 1 0 1 0 1 0 1 0 1 0 1 0 1 0 1 0 1 0 1 0 1 0 1 0 1 0 1 0 1 0 1 0 1 1 1 1 0 0 0 0 1 0 1 0 0 0 0 0 0 0 0 0 0 0 0 0 0 0 0 0 0 0 0 0 0 0 0 0 0 0 0 0 0 0 0 0 0 0 0 0 0 0 0 0 0 0 0 0 0 0 0 0 0 0 0 0 0 0 0 0 0 0 0 0 0 0 0 0 0 0 0 0 0 0 0 0 0 0 0 0 0 0 1 1 1 1 0 0 0 0 1 0 1 0 1 0 1 0 1 0 1 0 1 0 1 0 1 0 1 0 1 0 1 0 1 0 1 0 1 0 1 0 1 0 1 0 1 0 1 0 1 0 1 0 1 0 1 0 1 0 1 0 1 0 1 0 1 0 1 0 1 0 1 0 1 0 1 0 1 0 1 0 1 0 1 0 1 0 1 0 1 1 0 1 1 1 1 0 0 0 0 0 0 1 1 0 1 0 1 0 1 0 1 0 1 0 0 0 0 0 0 0 1 0 0 0 0 0 1 0 1 0 1 0 1 0 1 0 1 0 0 0 0 0 0 0 1 0 1 0 1 0 1 0 1 0 1 0 1 0 1 0 1 0 0 0 0 0 0 0 1 0 1 0 1 0 0 0 0 0 0 0 0 0 0 0 0 0 1 0 1 0 1 0 1 0 1 0 1 0 0 0 0 0 0 0 0 0 0 0 0 0 1 0 1 0 1 0 0 0 0 0 0 0 1 0 1 0 1 0 1 0 1 0 1 0 0 0 0 0 0 0 0 0 0 0 0 0 1 0 1 0 1 0 0 0 0 0 0 0 1 0 1 0 1 0 1 0 1 0 1 0 0 0 0 0 0 0 1 0 1 0 1 0 1 0 1 0 1 0 0 0 0 0 0 0 0 0 0 0 0 0 1 0 1 0 1 0 1 0 1 0 1 0 0 0 0 0 0 0 0 0 0 0 0 0 0 0 0 0 0 0 1 0 1 0 1 0 0 0 0 0 0 0 0 0 0 0 0 0 1 0 1 0 1 0 0 0 0 0 0 0 0 0 0 0 0 0 1 0 1 0 1 0 0 0 0 0 0 0 0 0 0 0 0 0 1 0 1 0 1 0 0 0 0 0 0 0 1 0 1 0 1 0 0 0 0 0 0 0 0 1 0 1 0 0 0 0 0 0 0 1 0 1 1 1 1 0 0 0 0 0 0 0 1 0 1 0 1 1 1 0 1 0 1 0 0 0 0 0 0 0 1 0 1 0 1 0 1 0 0 0 0 0 1 0 1 0 1 0 0 0 0 0 0 0 0 0 0 0 0 0 0 1 0 1 0 0 1 0 1 0 1 0 0 0 0 0 0</float_array>
          <technique_common>
            <accessor source="#Plane_002-mesh-map-0-array" count="768" stride="2">
              <param name="S" type="float"/>
              <param name="T" type="float"/>
            </accessor>
          </technique_common>
        </source>
        <vertices id="Plane_002-mesh-vertices">
          <input semantic="POSITION" source="#Plane_002-mesh-positions"/>
        </vertices>
        <triangles material="Material_001-material" count="256">
          <input semantic="VERTEX" source="#Plane_002-mesh-vertices" offset="0"/>
          <input semantic="NORMAL" source="#Plane_002-mesh-normals" offset="1"/>
          <input semantic="TEXCOORD" source="#Plane_002-mesh-map-0" offset="2" set="0"/>
          <p>1 0 0 2 0 1 0 0 2 2 1 3 4 1 4 0 1 5 4 2 6 6 2 7 0 2 8 9 3 9 10 3 10 8 3 11 8 4 12 13 4 13 9 4 14 13 5 15 14 5 16 9 5 17 15 6 18 16 6 19 14 6 20 16 7 21 18 7 22 14 7 23 21 8 24 22 8 25 20 8 26 20 9 27 25 9 28 21 9 29 20 10 30 27 10 31 24 10 32 26 11 33 29 11 34 27 11 35 26 12 36 31 12 37 28 12 38 30 13 39 33 13 40 31 13 41 30 14 42 35 14 43 32 14 44 37 15 45 38 15 46 36 15 47 38 16 48 40 16 49 36 16 50 38 17 51 43 17 52 41 17 53 42 18 54 45 18 55 43 18 56 44 19 57 47 19 58 45 19 59 47 20 60 48 20 61 45 20 62 49 21 63 50 21 64 48 21 65 50 22 66 52 22 67 48 22 68 53 23 69 54 23 70 52 23 71 53 24 72 57 24 73 55 24 74 56 25 75 59 25 76 57 25 77 56 26 78 61 26 79 58 26 80 60 27 81 63 27 82 61 27 83 62 28 84 65 28 85 63 28 86 63 29 87 66 29 88 61 29 89 68 30 90 70 30 91 69 30 92 73 31 93 68 31 94 69 31 95 75 32 96 73 32 97 69 32 98 78 33 99 76 33 100 77 33 101 80 34 102 77 34 103 76 34 104 83 35 105 80 35 106 76 35 107 85 36 108 82 36 109 83 36 110 87 37 111 85 37 112 83 37 113 90 38 114 88 38 115 89 38 116 92 39 117 89 39 118 88 39 119 95 40 120 89 40 121 93 40 122 97 41 123 94 41 124 95 41 125 99 42 126 94 42 127 96 42 128 101 43 129 98 43 130 99 43 131 103 44 132 98 44 133 100 44 134 104 45 135 106 45 136 105 45 137 109 46 138 104 46 139 105 46 140 111 47 141 104 47 142 108 47 143 113 48 144 110 48 145 111 48 146 115 49 147 112 49 148 113 49 149 117 50 150 115 50 151 113 50 152 119 51 153 116 51 154 117 51 155 121 52 156 119 52 157 117 52 158 123 53 159 120 53 160 121 53 161 125 54 162 120 54 163 122 54 164 127 55 165 124 55 166 125 55 167 129 56 168 124 56 169 126 56 170 131 57 171 128 57 172 129 57 173 133 58 174 130 58 175 131 58 176 135 59 177 131 59 178 129 59 179 70 60 180 3 60 181 1 60 182 88 61 183 23 61 184 21 61 185 71 62 186 2 62 187 3 62 188 111 63 189 41 63 190 43 63 191 93 64 192 25 64 193 24 64 194 72 65 195 4 65 196 5 65 197 129 66 198 58 66 199 61 66 200 104 67 201 42 67 202 38 67 203 92 68 204 21 68 205 25 68 206 124 69 207 60 69 208 56 69 209 68 70 210 5 70 211 2 70 212 113 71 213 43 71 214 45 71 215 74 72 216 6 72 217 7 72 218 110 73 219 44 73 220 42 73 221 95 74 222 24 74 223 27 74 224 75 75 225 0 75 226 6 75 227 128 76 228 62 76 229 60 76 230 114 77 231 47 77 232 46 77 233 89 78 234 26 78 235 20 78 236 73 79 237 7 79 238 4 79 239 132 80 240 65 80 241 64 80 242 96 81 243 29 81 244 28 81 245 133 82 246 63 82 247 65 82 248 112 83 249 46 83 250 44 83 251 97 84 252 27 84 253 29 84 254 79 85 255 10 85 256 11 85 257 130 86 258 64 86 259 62 86 260 78 87 261 8 87 262 10 87 263 134 88 264 66 88 265 67 88 266 117 89 267 45 89 268 48 89 269 76 90 270 11 90 271 9 90 272 135 91 273 61 91 274 66 91 275 115 92 276 49 92 277 47 92 278 99 93 279 28 93 280 31 93 281 81 94 282 13 94 283 12 94 284 131 95 285 67 95 286 63 95 287 118 96 288 50 96 289 51 96 290 94 97 291 30 97 292 26 97 293 100 98 294 33 98 295 32 98 296 77 99 297 12 99 298 8 99 299 116 100 300 51 100 301 49 100 302 101 101 303 31 101 304 33 101 305 83 102 306 9 102 307 14 102 308 121 103 309 48 103 310 52 103 311 102 104 312 35 104 313 34 104 314 80 105 315 15 105 316 13 105 317 119 106 318 53 106 319 50 106 320 103 107 321 32 107 322 35 107 323 84 108 324 16 108 325 17 108 326 122 109 327 54 109 328 55 109 329 98 110 330 34 110 331 30 110 332 123 111 333 52 111 334 54 111 335 82 112 336 17 112 337 15 112 338 105 113 339 37 113 340 36 113 341 86 114 342 18 114 343 19 114 344 106 115 345 39 115 346 37 115 347 87 116 348 14 116 349 18 116 350 125 117 351 55 117 352 57 117 353 107 118 354 38 118 355 39 118 356 85 119 357 19 119 358 16 119 359 120 120 360 56 120 361 53 120 362 108 121 363 40 121 364 41 121 365 126 122 366 59 122 367 58 122 368 109 123 369 36 123 370 40 123 371 91 124 372 22 124 373 23 124 374 69 125 375 1 125 376 0 125 377 127 126 378 57 126 379 59 126 380 90 127 381 20 127 382 22 127 383 1 128 384 3 128 385 2 128 386 2 129 387 5 129 388 4 129 389 4 130 390 7 130 391 6 130 392 9 131 393 11 131 394 10 131 395 8 132 396 12 132 397 13 132 398 13 133 399 15 133 400 14 133 401 15 134 402 17 134 403 16 134 404 16 135 405 19 135 406 18 135 407 21 136 408 23 136 409 22 136 410 20 137 411 24 137 412 25 137 413 20 138 414 26 138 415 27 138 416 26 139 417 28 139 418 29 139 419 26 140 420 30 140 421 31 140 422 30 141 423 32 141 424 33 141 425 30 142 426 34 142 427 35 142 428 37 143 429 39 143 430 38 143 431 38 144 432 41 144 433 40 144 434 38 145 435 42 145 436 43 145 437 42 146 438 44 146 439 45 146 440 44 147 441 46 147 442 47 147 443 47 148 444 49 148 445 48 148 446 49 149 447 51 149 448 50 149 449 50 150 450 53 150 451 52 150 452 53 151 453 55 151 454 54 151 455 53 152 456 56 152 457 57 152 458 56 153 459 58 153 460 59 153 461 56 154 462 60 154 463 61 154 464 60 155 465 62 155 466 63 155 467 62 156 468 64 156 469 65 156 470 63 157 471 67 157 472 66 157 473 68 158 474 71 158 475 70 158 476 73 159 477 72 159 478 68 159 479 75 160 480 74 160 481 73 160 482 78 161 483 79 161 484 76 161 485 80 162 486 81 162 487 77 162 488 83 163 489 82 163 490 80 163 491 85 164 492 84 164 493 82 164 494 87 165 495 86 165 496 85 165 497 90 166 498 91 166 499 88 166 500 92 167 501 93 167 502 89 167 503 95 168 504 94 168 505 89 168 506 97 169 507 96 169 508 94 169 509 99 170 510 98 170 511 94 170 512 101 171 513 100 171 514 98 171 515 103 172 516 102 172 517 98 172 518 104 173 519 107 173 520 106 173 521 109 174 522 108 174 523 104 174 524 111 175 525 110 175 526 104 175 527 113 176 528 112 176 529 110 176 530 115 177 531 114 177 532 112 177 533 117 178 534 116 178 535 115 178 536 119 179 537 118 179 538 116 179 539 121 180 540 120 180 541 119 180 542 123 181 543 122 181 544 120 181 545 125 182 546 124 182 547 120 182 548 127 183 549 126 183 550 124 183 551 129 184 552 128 184 553 124 184 554 131 185 555 130 185 556 128 185 557 133 186 558 132 186 559 130 186 560 135 187 561 134 187 562 131 187 563 70 188 564 71 188 565 3 188 566 88 189 567 91 189 568 23 189 569 71 190 570 68 190 571 2 190 572 111 191 573 108 191 574 41 191 575 93 192 576 92 192 577 25 192 578 72 193 579 73 193 580 4 193 581 129 194 582 126 194 583 58 194 584 104 195 585 110 195 586 42 195 587 92 196 588 88 196 589 21 196 590 124 197 591 128 197 592 60 197 593 68 198 594 72 198 595 5 198 596 113 199 597 111 199 598 43 199 599 74 200 600 75 200 601 6 200 602 110 201 603 112 201 604 44 201 605 95 202 606 93 202 607 24 202 608 75 203 609 69 203 610 0 203 611 128 204 612 130 204 613 62 204 614 114 205 615 115 205 616 47 205 617 89 206 618 94 206 619 26 206 620 73 207 621 74 207 622 7 207 623 132 208 624 133 208 625 65 208 626 96 209 627 97 209 628 29 209 629 133 210 630 131 210 631 63 210 632 112 211 633 114 211 634 46 211 635 97 212 636 95 212 637 27 212 638 79 213 639 78 213 640 10 213 641 130 214 642 132 214 643 64 214 644 78 215 645 77 215 646 8 215 647 134 216 648 135 216 649 66 216 650 117 217 651 113 217 652 45 217 653 76 218 654 79 218 655 11 218 656 135 219 657 129 219 658 61 219 659 115 220 660 116 220 661 49 220 662 99 221 663 96 221 664 28 221 665 81 222 666 80 222 667 13 222 668 131 223 669 134 223 670 67 223 671 118 224 672 119 224 673 50 224 674 94 225 675 98 225 676 30 225 677 100 226 678 101 226 679 33 226 680 77 227 681 81 227 682 12 227 683 116 228 684 118 228 685 51 228 686 101 229 687 99 229 688 31 229 689 83 230 690 76 230 691 9 230 692 121 231 693 117 231 694 48 231 695 102 232 696 103 232 697 35 232 698 80 233 699 82 233 700 15 233 701 119 234 702 120 234 703 53 234 704 103 235 705 100 235 706 32 235 707 84 236 708 85 236 709 16 236 710 122 237 711 123 237 712 54 237 713 98 238 714 102 238 715 34 238 716 123 239 717 121 239 718 52 239 719 82 240 720 84 240 721 17 240 722 105 241 723 106 241 724 37 241 725 86 242 726 87 242 727 18 242 728 106 243 729 107 243 730 39 243 731 87 244 732 83 244 733 14 244 734 125 245 735 122 245 736 55 245 737 107 246 738 104 246 739 38 246 740 85 247 741 86 247 742 19 247 743 120 248 744 124 248 745 56 248 746 108 249 747 109 249 748 40 249 749 126 250 750 127 250 751 59 250 752 109 251 753 105 251 754 36 251 755 91 252 756 90 252 757 22 252 758 69 253 759 70 253 760 1 253 761 127 254 762 125 254 763 57 254 764 90 255 765 89 255 766 20 255 767</p>
        </triangles>
      </mesh>
    </geometry>
    <geometry id="Plane_001-mesh" name="Plane.001">
      <mesh>
        <source id="Plane_001-mesh-positions">
          <float_array id="Plane_001-mesh-positions-array" count="168">19.14345 -25.80951 -3.71933e-5 32.27185 -25.80951 -3.71933e-5 19.14345 -18.67517 -3.71933e-5 32.27185 -18.67517 -3.71933e-5 19.14345 -19.48921 -3.71933e-5 32.27185 -19.48921 -3.71933e-5 -2.407423 -18.67517 -3.71933e-5 -2.407423 -19.48921 -3.71933e-5 17.25578 -19.48921 -3.71933e-5 17.25578 -18.67517 -3.71933e-5 -2.407423 -4.874706 -3.71933e-5 17.25578 -4.874706 -3.71933e-5 -2.407423 -9.306866 -3.71933e-5 17.25578 -9.306866 -3.71933e-5 32.27185 -18.67517 -3.71933e-5 32.27185 -9.306866 -3.71933e-5 32.27185 -18.81789 -3.71933e-5 19.14345 -18.81789 -3.71933e-5 -2.407423 -18.81789 -3.71933e-5 17.25578 -18.81789 -3.71933e-5 36.76688 -18.67517 -3.71933e-5 36.76688 -18.67517 -3.71933e-5 36.76688 -9.306866 -3.71933e-5 36.76688 -18.81789 -3.71933e-5 33.53221 -18.67517 -3.71933e-5 33.53221 -18.81789 -3.71933e-5 36.76688 -19.06 -3.71933e-5 33.53221 -19.06 -3.71933e-5 19.14345 -19.48921 -0.05083715 19.14345 -25.80951 -0.05083715 32.27185 -25.80951 -0.05083715 32.27185 -18.81789 -0.05083715 32.27185 -18.67517 -0.05083715 19.14345 -18.67517 -0.05083715 19.14345 -18.81789 -0.05083715 32.27185 -19.48921 -0.05083715 -2.407423 -18.81789 -0.05083715 -2.407423 -19.48921 -0.05083715 17.25578 -19.48921 -0.05083715 17.25578 -18.67517 -0.05083715 -2.407423 -18.67517 -0.05083715 17.25578 -18.81789 -0.05083715 17.25578 -4.874706 -0.05083715 -2.407423 -4.874706 -0.05083715 -2.407423 -9.306866 -0.05083715 17.25578 -9.306866 -0.05083715 32.27185 -18.67517 -0.05083715 32.27185 -9.306866 -0.05083715 36.76688 -18.81789 -0.05083715 36.76688 -18.67517 -0.05083715 36.76688 -18.67517 -0.05083715 36.76688 -9.306866 -0.05083715 33.53221 -18.67517 -0.05083715 33.53221 -18.81789 -0.05083715 33.53221 -19.06 -0.05083715 36.76688 -19.06 -0.05083715</float_array>
          <technique_common>
            <accessor source="#Plane_001-mesh-positions-array" count="56" stride="3">
              <param name="X" type="float"/>
              <param name="Y" type="float"/>
              <param name="Z" type="float"/>
            </accessor>
          </technique_common>
        </source>
        <source id="Plane_001-mesh-normals">
          <float_array id="Plane_001-mesh-normals-array" count="324">0 0 1 0 0 1 0 0 1 0 0 1 0 0 1 0 0 1 0 0 1 0 0 1 0 0 1 0 0 1 0 0 1 0 0 1 0 0 1 0 0 1 0 0 -1 0 0 -1 0 0 -1 0 0 -1 0 0 -1 0 0 -1 0 0 -1 0 0 -1 0 0 -1 0 0 -1 0 0 -1 0 0 -1 0 0 -1 0 0 -1 0 1 0 0 1 0 1 0 0 0 1 0 0 1 0 0 1 0 0 -1 0 0 -1 0 -1 0 0 1 0 0 -1 0 0 1 0 0 -1 0 0 1 0 0 1 0 0 0 -1 0 0 -1 0 0 -1 0 -1 0 0 0 1 0 -1 0 0 1 0 0 0 -1 0 0 -1 0 -1 0 0 0 1 0 0 0 1 0 0 1 0 0 1 0 0 1 0 0 1 0 0 1 0 0 1 0 0 1 0 0 1 0 0 1 0 0 1 0 0 1 0 0 1 0 0 1 0 0 -1 0 0 -1 0 0 -1 0 0 -1 0 0 -1 0 0 -1 0 0 -1 0 0 -1 0 0 -1 0 0 -1 0 0 -1 0 0 -1 0 0 -1 0 0 -1 0 1 0 0 1 0 1 0 0 0 1 0 0 1 0 0 1 0 0 -1 0 0 -1 0 -1 0 0 1 0 0 -1 0 0 1 0 0 -1 0 0 1 0 0 1 0 0 0 -1 0 0 -1 0 0 -1 0 -1 0 0 0 1 0 -1 0 0 1 0 0 0 -1 0 0 -1 0 -1 0 0 0 1 0</float_array>
          <technique_common>
            <accessor source="#Plane_001-mesh-normals-array" count="108" stride="3">
              <param name="X" type="float"/>
              <param name="Y" type="float"/>
              <param name="Z" type="float"/>
            </accessor>
          </technique_common>
        </source>
        <source id="Plane_001-mesh-map-0">
          <float_array id="Plane_001-mesh-map-0-array" count="648">0.2443792 0.7459151 0.2469769 0.5069728 0.2443792 0.5069728 0.117129 0.7459151 0.232161 0.5069728 0.117129 0.5069728 0.2469769 0.4726164 0.2443792 0.1147383 0.2443792 0.4726164 0.2469769 0.5069728 0.2443792 0.4726164 0.2443792 0.5069728 0.4174838 0.4726164 0.4981508 0.1147383 0.4174838 0.1147383 0.2469769 0.4726164 0.4174838 0.1147383 0.2469769 0.1147383 0.2469769 0.4726164 0.4174838 0.7459151 0.4174838 0.4726164 0.2443792 0.5069728 0.2321611 0.4726164 0.232161 0.5069728 0.2443792 0.4726164 0.2321611 0.1147383 0.2321611 0.4726164 0.232161 0.7459151 0.2443792 0.5069728 0.232161 0.5069728 0.2469769 0.7459151 0.4174838 0.8277265 0.4174838 0.7459151 0.2443792 0.7688542 0.2469769 0.8277265 0.2469769 0.7688542 0.2443792 0.7459151 0.2469769 0.7688542 0.2469769 0.7459151 0.2443792 0.7688542 0.2399728 0.8277265 0.2443792 0.8277265 0.6279987 0.435492 0.625401 0.1965497 0.625401 0.435492 0.6131829 0.435492 0.4981508 0.1965497 0.4981508 0.435492 0.625401 0.8277265 0.6279987 0.4698483 0.625401 0.4698483 0.625401 0.4698483 0.6279987 0.435492 0.625401 0.435492 0.8791726 0.8277265 0.7985056 0.4698483 0.7985055 0.8277265 0.7985055 0.8277265 0.6279987 0.4698483 0.6279987 0.8277265 0.7985056 0.1965497 0.6279987 0.4698483 0.7985056 0.4698483 0.6131829 0.4698483 0.625401 0.435492 0.6131829 0.435492 0.6131828 0.8277265 0.625401 0.4698483 0.6131829 0.4698483 0.625401 0.435492 0.6131829 0.1965497 0.6131829 0.435492 0.7985056 0.1147383 0.6279988 0.1965497 0.7985056 0.1965497 0.6279988 0.1147383 0.625401 0.1736106 0.6279988 0.1736106 0.6279988 0.1736106 0.625401 0.1965497 0.6279988 0.1965497 0.6209947 0.1147383 0.625401 0.1736106 0.625401 0.1147383 0.8810217 0.410976 0.8800972 0.3880369 0.8800972 0.410976 0.8810217 0.1490947 0.8800972 0.1147383 0.8800972 0.1490947 0.8819463 0.8630883 0.8810218 0.7480563 0.8810218 0.8630883 0.8810218 0.7431469 0.8800973 0.4698483 0.8800973 0.7431469 0.8810217 0.4698483 0.8800972 0.410976 0.8800972 0.4698483 0.8800972 0.8648509 0.8791726 0.5069728 0.8791726 0.8648509 0.8819465 0.4698483 0.8810219 0.1965497 0.8810218 0.4698483 0.1180536 0.8506656 0.117129 0.8277265 0.117129 0.8506656 0.8819463 0.655171 0.8810218 0.4846643 0.8810218 0.655171 0.1189782 0.8303242 0.1180536 0.8277265 0.1180536 0.8303242 0.8819465 0.4820665 0.8810218 0.4698483 0.8810218 0.4820665 0.8819463 0.7480563 0.8810218 0.7358381 0.8810218 0.7480563 0.882871 0.6392194 0.8819465 0.5241874 0.8819465 0.6392194 0.882871 0.7198864 0.8819465 0.6392194 0.8819463 0.7198864 0.882871 0.5241873 0.8819465 0.3536805 0.8819465 0.5241873 0.8800973 0.1490947 0.8791727 0.1147383 0.8791727 0.1490947 0.8828709 0.7787588 0.8819463 0.7198864 0.8819463 0.7787588 0.882871 0.3536806 0.8819465 0.1147383 0.8819465 0.3536806 0.8819463 0.7358381 0.8810218 0.655171 0.8810218 0.7358381 0.8810218 0.8249583 0.8800973 0.7431469 0.8800972 0.8249583 0.8819465 0.4846643 0.8810218 0.4820665 0.8810218 0.4846643 0.1189782 0.8347305 0.1180536 0.8303242 0.1180536 0.8347305 0.8819465 0.1965497 0.8810219 0.1147383 0.8810219 0.1965497 0.8800973 0.5069728 0.8791727 0.1490947 0.8791726 0.5069728 0.1199027 0.8321328 0.1189782 0.8277265 0.1189782 0.8321328 0.8810217 0.3880369 0.8800972 0.1490947 0.8800972 0.3880369 0.2443792 0.7459151 0.2469769 0.7459151 0.2469769 0.5069728 0.117129 0.7459151 0.232161 0.7459151 0.232161 0.5069728 0.2469769 0.4726164 0.2469769 0.1147383 0.2443792 0.1147383 0.2469769 0.5069728 0.2469769 0.4726164 0.2443792 0.4726164 0.4174838 0.4726164 0.4981508 0.4726164 0.4981508 0.1147383 0.2469769 0.4726164 0.4174838 0.4726164 0.4174838 0.1147383 0.2469769 0.4726164 0.2469769 0.7459151 0.4174838 0.7459151 0.2443792 0.5069728 0.2443792 0.4726164 0.2321611 0.4726164 0.2443792 0.4726164 0.2443792 0.1147383 0.2321611 0.1147383 0.232161 0.7459151 0.2443792 0.7459151 0.2443792 0.5069728 0.2469769 0.7459151 0.2469769 0.8277265 0.4174838 0.8277265 0.2443792 0.7688542 0.2443792 0.8277265 0.2469769 0.8277265 0.2443792 0.7459151 0.2443792 0.7688542 0.2469769 0.7688542 0.2443792 0.7688542 0.2399728 0.7688542 0.2399728 0.8277265 0.6279987 0.435492 0.6279988 0.1965497 0.625401 0.1965497 0.6131829 0.435492 0.6131829 0.1965497 0.4981508 0.1965497 0.625401 0.8277265 0.6279987 0.8277265 0.6279987 0.4698483 0.625401 0.4698483 0.6279987 0.4698483 0.6279987 0.435492 0.8791726 0.8277265 0.8791726 0.4698483 0.7985056 0.4698483 0.7985055 0.8277265 0.7985056 0.4698483 0.6279987 0.4698483 0.7985056 0.1965497 0.6279988 0.1965497 0.6279987 0.4698483 0.6131829 0.4698483 0.625401 0.4698483 0.625401 0.435492 0.6131828 0.8277265 0.625401 0.8277265 0.625401 0.4698483 0.625401 0.435492 0.625401 0.1965497 0.6131829 0.1965497 0.7985056 0.1147383 0.6279988 0.1147383 0.6279988 0.1965497 0.6279988 0.1147383 0.625401 0.1147383 0.625401 0.1736106 0.6279988 0.1736106 0.625401 0.1736106 0.625401 0.1965497 0.6209947 0.1147383 0.6209947 0.1736106 0.625401 0.1736106 0.8810217 0.410976 0.8810217 0.3880369 0.8800972 0.3880369 0.8810217 0.1490947 0.8810217 0.1147383 0.8800972 0.1147383 0.8819463 0.8630883 0.8819463 0.7480563 0.8810218 0.7480563 0.8810218 0.7431469 0.8810218 0.4698483 0.8800973 0.4698483 0.8810217 0.4698483 0.8810217 0.410976 0.8800972 0.410976 0.8800972 0.8648509 0.8800973 0.5069728 0.8791726 0.5069728 0.8819465 0.4698483 0.8819465 0.1965497 0.8810219 0.1965497 0.1180536 0.8506656 0.1180536 0.8277265 0.117129 0.8277265 0.8819463 0.655171 0.8819465 0.4846643 0.8810218 0.4846643 0.1189782 0.8303242 0.1189782 0.8277265 0.1180536 0.8277265 0.8819465 0.4820665 0.8819465 0.4698483 0.8810218 0.4698483 0.8819463 0.7480563 0.8819463 0.7358381 0.8810218 0.7358381 0.882871 0.6392194 0.882871 0.5241874 0.8819465 0.5241874 0.882871 0.7198864 0.882871 0.6392194 0.8819465 0.6392194 0.882871 0.5241873 0.882871 0.3536805 0.8819465 0.3536805 0.8800973 0.1490947 0.8800973 0.1147383 0.8791727 0.1147383 0.8828709 0.7787588 0.8828709 0.7198864 0.8819463 0.7198864 0.882871 0.3536806 0.882871 0.1147383 0.8819465 0.1147383 0.8819463 0.7358381 0.8819463 0.655171 0.8810218 0.655171 0.8810218 0.8249583 0.8810218 0.7431469 0.8800973 0.7431469 0.8819465 0.4846643 0.8819465 0.4820665 0.8810218 0.4820665 0.1189782 0.8347305 0.1189782 0.8303242 0.1180536 0.8303242 0.8819465 0.1965497 0.8819465 0.1147383 0.8810219 0.1147383 0.8800973 0.5069728 0.8800973 0.1490947 0.8791727 0.1490947 0.1199027 0.8321328 0.1199027 0.8277265 0.1189782 0.8277265 0.8810217 0.3880369 0.8810217 0.1490947 0.8800972 0.1490947</float_array>
          <technique_common>
            <accessor source="#Plane_001-mesh-map-0-array" count="324" stride="2">
              <param name="S" type="float"/>
              <param name="T" type="float"/>
            </accessor>
          </technique_common>
        </source>
        <vertices id="Plane_001-mesh-vertices">
          <input semantic="POSITION" source="#Plane_001-mesh-positions"/>
        </vertices>
        <triangles material="Mortar_Surface_Light_Trowel_Finish-material" count="108">
          <input semantic="VERTEX" source="#Plane_001-mesh-vertices" offset="0"/>
          <input semantic="NORMAL" source="#Plane_001-mesh-normals" offset="1"/>
          <input semantic="TEXCOORD" source="#Plane_001-mesh-map-0" offset="2" set="0"/>
          <p>16 0 0 2 0 1 17 0 2 1 1 3 4 1 4 0 1 5 9 2 6 18 2 7 19 2 8 2 3 9 19 3 10 17 3 11 13 4 12 10 4 13 12 4 14 9 5 15 12 5 16 6 5 17 9 6 18 15 6 19 13 6 20 17 7 21 8 7 22 4 7 23 19 8 24 7 8 25 8 8 26 5 9 27 17 9 28 4 9 29 14 10 30 22 10 31 15 10 32 25 11 33 20 11 34 24 11 35 16 12 36 24 12 37 3 12 38 25 13 39 26 13 40 23 13 41 33 14 42 31 14 43 34 14 44 28 15 45 30 15 46 29 15 47 36 16 48 39 16 49 41 16 50 41 17 51 33 17 52 34 17 53 43 18 54 45 18 55 44 18 56 44 19 57 39 19 58 40 19 59 47 20 60 39 20 61 45 20 62 38 21 63 34 21 64 28 21 65 37 22 66 41 22 67 38 22 68 34 23 69 35 23 70 28 23 71 51 24 72 46 24 73 47 24 74 49 25 75 53 25 76 52 25 77 52 26 78 31 26 79 32 26 80 55 27 81 53 27 82 48 27 83 52 28 84 3 28 85 24 28 86 33 29 87 9 29 88 2 29 89 30 30 90 5 30 91 1 30 92 47 31 93 13 31 94 15 31 95 49 32 96 24 32 97 20 32 98 42 33 99 10 33 100 11 33 101 39 34 102 14 34 103 9 34 104 31 35 105 25 35 106 16 35 107 44 36 108 6 36 109 12 36 110 48 37 111 20 37 112 23 37 113 36 38 114 7 38 115 18 38 116 35 39 117 16 39 118 5 39 119 28 40 120 0 40 121 4 40 122 45 41 123 11 41 124 13 41 125 50 42 126 22 42 127 21 42 128 38 43 129 4 43 130 8 43 131 54 44 132 26 44 133 27 44 134 29 45 135 1 45 136 0 45 137 43 46 138 12 46 139 10 46 140 51 47 141 15 47 142 22 47 143 40 48 144 18 48 145 6 48 146 55 49 147 23 49 148 26 49 149 46 50 150 21 50 151 14 50 152 37 51 153 8 51 154 7 51 155 53 52 156 27 52 157 25 52 158 32 53 159 2 53 160 3 53 161 16 54 162 3 54 163 2 54 164 1 55 165 5 55 166 4 55 167 9 56 168 6 56 169 18 56 170 2 57 171 9 57 172 19 57 173 13 58 174 11 58 175 10 58 176 9 59 177 13 59 178 12 59 179 9 60 180 14 60 181 15 60 182 17 61 183 19 61 184 8 61 185 19 62 186 18 62 187 7 62 188 5 63 189 16 63 190 17 63 191 14 64 192 21 64 193 22 64 194 25 65 195 23 65 196 20 65 197 16 66 198 25 66 199 24 66 200 25 67 201 27 67 202 26 67 203 33 68 204 32 68 205 31 68 206 28 69 207 35 69 208 30 69 209 36 70 210 40 70 211 39 70 212 41 71 213 39 71 214 33 71 215 43 72 216 42 72 217 45 72 218 44 73 219 45 73 220 39 73 221 47 74 222 46 74 223 39 74 224 38 75 225 41 75 226 34 75 227 37 76 228 36 76 229 41 76 230 34 77 231 31 77 232 35 77 233 51 78 234 50 78 235 46 78 236 49 79 237 48 79 238 53 79 239 52 80 240 53 80 241 31 80 242 55 81 243 54 81 244 53 81 245 52 82 246 32 82 247 3 82 248 33 83 249 39 83 250 9 83 251 30 84 252 35 84 253 5 84 254 47 85 255 45 85 256 13 85 257 49 86 258 52 86 259 24 86 260 42 87 261 43 87 262 10 87 263 39 88 264 46 88 265 14 88 266 31 89 267 53 89 268 25 89 269 44 90 270 40 90 271 6 90 272 48 91 273 49 91 274 20 91 275 36 92 276 37 92 277 7 92 278 35 93 279 31 93 280 16 93 281 28 94 282 29 94 283 0 94 284 45 95 285 42 95 286 11 95 287 50 96 288 51 96 289 22 96 290 38 97 291 28 97 292 4 97 293 54 98 294 55 98 295 26 98 296 29 99 297 30 99 298 1 99 299 43 100 300 44 100 301 12 100 302 51 101 303 47 101 304 15 101 305 40 102 306 36 102 307 18 102 308 55 103 309 48 103 310 23 103 311 46 104 312 50 104 313 21 104 314 37 105 315 38 105 316 8 105 317 53 106 318 54 106 319 27 106 320 32 107 321 33 107 322 2 107 323</p>
        </triangles>
      </mesh>
    </geometry>
    <geometry id="Plane-mesh" name="Plane">
      <mesh>
        <source id="Plane-mesh-positions">
          <float_array id="Plane-mesh-positions-array" count="1701">17.02718 -9.535466 0 17.02718 -9.306865 0 17.25578 -9.306865 0 17.25578 -9.535466 0 22.41474 -9.535466 0 22.41474 -9.306865 0 25.16801 -9.306865 0 25.16801 -9.535466 0 32.65618 -9.535466 0 32.65618 -9.306865 0 35.43873 -9.535466 0 35.43873 -9.306865 0 36.56382 -9.535466 0 36.56382 -9.306865 0 36.76688 -9.306865 0 36.76688 -9.535466 0 36.56382 -16.82843 0 36.76688 -16.82843 0 36.56382 -17.93803 0 36.76688 -17.93803 0 36.76688 -19.06 0 17.02718 -8.03864 0 17.25578 -8.03864 0 17.02718 -5.889072 0 17.25578 -5.889072 0 17.02718 -5.016286 0 17.25578 -5.016286 0 17.02718 -4.79142 0 17.25578 -4.79142 0 16.42881 -5.016286 0 16.42881 -4.79142 0 15.56364 -5.016286 0 15.56364 -4.79142 0 15.56364 -5.043857 0 14.00936 -4.79142 0 14.3058 -5.553121 -3.74019e-5 14.95775 -5.553121 -3.74019e-5 14.3049 -5.043857 0 14.95685 -5.043857 0 14.49277 -18.52967 -3.74019e-5 -2.077225 -5.043186 -3.74019e-5 13.15312 -5.043186 -3.74019e-5 -2.077225 -4.874707 -3.74019e-5 13.15312 -4.874707 -3.74019e-5 -2.407425 -5.043186 -3.74019e-5 -2.407425 -4.874707 -3.74019e-5 -2.077225 -5.309976 -3.74019e-5 -2.077225 -8.459739 -3.74019e-5 -2.407425 -8.459739 -3.74019e-5 -2.077225 -9.1236 -3.74019e-5 -2.407425 -9.1236 -3.74019e-5 -2.407425 -10.58101 -3.74019e-5 -2.077225 -10.58101 -3.74019e-5 -2.407425 -19.05176 -3.74019e-5 -2.077225 -19.05176 -3.74019e-5 -2.077225 -19.48921 -3.74019e-5 14.49277 -19.05176 -3.74019e-5 14.49277 -19.48921 -3.74019e-5 14.92455 -19.05176 -3.74019e-5 14.92455 -19.48921 -3.74019e-5 14.92455 -12.87952 -3.74019e-5 14.49277 -12.87952 -3.74317e-5 14.64658 -12.87952 -3.74317e-5 14.49277 -12.2181 -3.74317e-5 14.64658 -12.2181 -3.74317e-5 14.49277 -10.58689 -3.74317e-5 14.64658 -10.58689 -3.74317e-5 14.49277 -10.93151 -3.74317e-5 14.64658 -10.93151 -3.74317e-5 14.8219 -10.58689 -3.74317e-5 14.8219 -10.93151 -3.74317e-5 14.49277 -12.99524 -3.74019e-5 14.92455 -12.99524 -3.74019e-5 17.01615 -12.87952 -3.74019e-5 17.01615 -12.99524 -3.74019e-5 14.00937 -5.043186 -3.74019e-5 14.00937 -4.874707 -3.74019e-5 14.92455 -18.53125 -3.74019e-5 19.14345 -19.20641 -3.74019e-5 15.19344 -18.53056 -3.74019e-5 15.19344 -19.48921 -3.74019e-5 19.14345 -18.96944 -3.74019e-5 19.14345 -19.72618 -3.74019e-5 19.5558 -18.96944 -3.74019e-5 19.5558 -19.48921 -3.74019e-5 19.14345 -25.80951 -3.74019e-5 19.5558 -25.80951 -3.74019e-5 19.5558 -25.68206 -3.71933e-5 22.2816 -25.68206 2.19345e-4 22.40784 -25.68206 2.19345e-4 22.2816 -25.60193 2.19345e-4 22.40784 -25.60193 2.19345e-4 22.2816 -23.90272 2.19345e-4 22.40784 -23.90272 2.19345e-4 22.2816 -18.85541 2.19345e-4 22.2816 -16.86984 2.19345e-4 22.40784 -16.86984 2.19345e-4 22.2816 -16.75985 2.19345e-4 22.40784 -16.75985 2.19345e-4 22.23966 -16.86984 2.19345e-4 22.23966 -16.75985 2.19345e-4 21.17941 -16.86984 2.19345e-4 21.17941 -16.75985 2.19345e-4 18.54629 -16.86984 2.19345e-4 18.54629 -16.75985 2.19345e-4 32.26611 -25.80951 -3.71933e-5 32.26611 -25.68206 -3.71933e-5 32.12266 -25.68206 -3.71933e-5 32.12266 -18.82036 -3.71933e-5 32.27185 -18.82036 -3.71933e-5 32.12266 -18.71675 -3.71933e-5 32.27185 -18.71675 -3.71933e-5 32.12266 -18.84958 -3.71933e-5 32.49103 -18.82036 -3.71933e-5 32.49103 -18.71675 -3.71933e-5 33.32287 -18.82036 -3.71933e-5 33.32287 -18.71675 -3.71933e-5 33.53221 -18.82036 -3.71933e-5 33.53221 -18.71675 -3.71933e-5 33.63963 -18.82036 -3.71933e-5 33.63963 -18.71675 -3.71933e-5 33.53221 -18.95257 -3.71933e-5 33.63963 -18.95257 -3.71933e-5 33.63963 -19.06 -3.71933e-5 33.53221 -19.06 -3.71933e-5 36.56382 -18.95257 -3.71933e-5 36.56382 -19.06 -3.71933e-5 31.06285 -18.71675 -3.71933e-5 30.76018 -18.84958 -3.71933e-5 29.49905 -18.71675 -3.71933e-5 28.25163 -18.71675 -3.71933e-5 27.9008 -18.84958 -3.71933e-5 27.9008 -18.71675 -3.71933e-5 26.69382 -18.84958 -3.71933e-5 26.69382 -18.71675 -3.71933e-5 26.34125 -18.84958 -3.71933e-5 26.34125 -18.71675 -3.71933e-5 25.10174 -18.84958 -3.71933e-5 25.10174 -18.71675 -3.71933e-5 23.85893 -18.84958 -3.71933e-5 23.85893 -18.71675 -3.71933e-5 23.59583 -18.84958 -3.71933e-5 23.59583 -18.71675 -3.71933e-5 22.53583 -18.84958 -3.71933e-5 22.53583 -18.71675 -3.71933e-5 22.40784 -18.84958 -3.71933e-5 22.40784 -18.71675 -3.71933e-5 18.43391 -16.86984 2.19345e-4 18.43391 -16.75985 2.19345e-4 18.54629 -18.96944 2.19345e-4 18.43391 -18.96944 2.19345e-4 14.49277 -15.68624 -3.74019e-5 14.92455 -15.68624 -3.74019e-5 14.92455 -15.57948 -3.74019e-5 14.49277 -15.57948 -3.74019e-5 18.43391 -15.68241 -3.74019e-5 18.43391 -15.58522 -3.74019e-5 18.5439 -15.68241 -3.74019e-5 18.5439 -15.58522 -3.74019e-5 18.43391 -15.73537 -3.74019e-5 18.5439 -15.73537 -3.74019e-5 18.44061 -14.14739 -3.74019e-5 18.5439 -14.14739 -3.74019e-5 18.44061 -14.03501 -3.74019e-5 18.5439 -14.03501 -3.74019e-5 17.61427 -14.14739 -3.74019e-5 17.61427 -14.03501 -3.74019e-5 16.79455 -14.14739 -3.74019e-5 16.79455 -14.03501 -3.74019e-5 16.70861 -14.14739 -3.74019e-5 16.70861 -14.03501 -3.74019e-5 16.59623 -14.14739 -3.74019e-5 16.59623 -14.03501 -3.74019e-5 16.70861 -13.9028 -3.74019e-5 16.59623 -13.9028 -3.74019e-5 16.70861 -13.09365 -3.74019e-5 16.59623 -13.09365 -3.74019e-5 16.70861 -12.99524 -3.74019e-5 16.59623 -12.99524 -3.74019e-5 18.04615 -12.87952 -3.74019e-5 18.04615 -12.99524 -3.74019e-5 18.4236 -12.87952 -3.74019e-5 18.4236 -12.99524 -3.74019e-5 18.54656 -12.87952 -3.74019e-5 18.54656 -12.99524 -3.74019e-5 18.4236 -12.36388 -3.74019e-5 18.54656 -12.36388 -3.74019e-5 18.4236 -10.13079 -3.74019e-5 18.54656 -10.13079 -3.74019e-5 18.4236 -9.535466 -3.74019e-5 18.54656 -9.535466 -3.74019e-5 18.43391 -16.68037 -3.74019e-5 18.5439 -16.68037 -3.74019e-5 17.02718 -9.306871 4.982718 17.02718 -9.53547 4.982718 17.25578 -9.53547 4.982718 17.25578 -9.306871 4.982718 25.16801 -9.53547 4.982718 36.56382 -9.306871 4.982718 36.76688 -9.53547 4.982718 36.76688 -9.306871 4.982718 36.56382 -9.53547 4.982718 36.56382 -16.82844 4.982718 36.56382 -17.93803 4.982718 36.76688 -17.93803 4.982718 36.76688 -19.06 4.982718 17.25578 -8.038646 4.982718 17.25578 -5.016292 4.982718 17.02718 -5.016292 4.982718 17.25578 -4.791425 4.982718 17.02718 -4.791425 4.982718 16.42881 -5.016292 4.982718 15.56364 -4.791425 4.982718 15.56364 -5.043862 4.982718 14.00936 -4.791425 4.982718 14.00936 -5.043862 4.982718 14.3049 -5.043862 4.982718 14.3058 -5.553125 4.982681 14.95775 -5.553125 4.982681 14.95685 -5.043862 4.982718 -2.077225 -4.874712 4.982681 -2.077225 -5.043191 4.982681 14.49277 -15.68624 4.982681 14.49277 -18.52968 4.982681 13.15312 -4.874712 4.982681 -2.407425 -4.874712 4.982681 -2.407425 -5.043191 4.982681 -2.077225 -5.309981 4.982681 -2.077225 -5.965524 4.982681 -2.077225 -8.459744 4.982681 -2.407425 -9.123605 4.982681 -2.077225 -9.123605 4.982681 -2.077225 -10.58101 4.982681 -2.407425 -10.58101 4.982681 -2.407425 -19.05177 4.982681 -2.407425 -19.48921 4.982681 -2.077225 -19.48921 4.982681 -2.077225 -19.05177 4.982681 14.49277 -19.48921 4.982681 14.49277 -19.05177 4.982681 14.92455 -19.05177 4.982681 14.49277 -12.87952 4.98268 14.64658 -12.87952 4.98268 14.64658 -12.2181 4.98268 14.49277 -12.2181 4.98268 14.64658 -10.5869 4.98268 14.49277 -10.5869 4.98268 14.49277 -10.93152 4.98268 14.64658 -10.93152 4.98268 14.8219 -10.93152 4.98268 14.8219 -10.5869 4.98268 14.49277 -12.99525 4.982681 14.92455 -12.99525 4.982681 14.92455 -12.87952 4.982681 19.14345 -18.96944 4.982681 19.5558 -19.48921 4.982681 19.14345 -19.48921 4.982681 19.5558 -25.80951 4.982681 19.14345 -25.80951 4.982681 14.92455 -19.48921 4.982681 14.92455 -18.53057 4.982681 15.19344 -19.48921 4.982681 15.19344 -18.53057 4.982681 15.19344 -18.96944 4.982681 19.5558 -25.68206 4.982681 32.12266 -25.80951 4.982681 22.2816 -25.68206 4.982937 22.40784 -25.68206 4.982937 22.40784 -18.85542 4.982937 22.2816 -18.85542 4.982937 22.40784 -16.86984 4.982937 22.2816 -16.86984 4.982937 22.40784 -16.75985 4.982937 22.2816 -16.75985 4.982937 22.23966 -16.75985 4.982937 18.54629 -16.75985 4.982937 18.54629 -16.86984 4.982937 32.26611 -25.80951 4.982681 32.26611 -25.68206 4.982681 32.12266 -25.68206 4.982681 32.27185 -18.82036 4.982681 32.12266 -18.82036 4.982681 32.27185 -18.71676 4.982681 32.12266 -18.71676 4.982681 32.49103 -18.71676 4.982681 33.32287 -18.71676 4.982681 33.53221 -18.82036 4.982681 33.53221 -18.71676 4.982681 33.63963 -18.82036 4.982681 33.63963 -18.71676 4.982681 33.53221 -18.95258 4.982681 33.63963 -18.95258 4.982681 33.53221 -19.06 4.982681 33.63963 -19.06 4.982681 36.56382 -19.06 4.982681 36.56382 -18.95258 4.982681 30.76018 -18.71676 4.982681 30.76018 -18.84959 4.982681 28.25163 -18.71676 4.982681 28.25163 -18.84959 4.982681 27.9008 -18.71676 4.982681 27.9008 -18.84959 4.982681 26.69382 -18.71676 4.982681 26.69382 -18.84959 4.982681 26.34125 -18.71676 4.982681 26.34125 -18.84959 4.982681 23.85893 -18.71676 4.982681 23.85893 -18.84959 4.982681 23.59583 -18.71676 4.982681 22.53583 -18.71676 4.982681 22.53583 -18.84959 4.982681 22.40784 -18.71676 4.982681 18.43391 -16.75985 4.982937 18.43391 -16.86984 4.982937 18.43391 -18.96944 4.982937 18.54629 -18.96944 4.982937 14.49277 -15.57948 4.982681 14.92455 -15.68242 4.982681 14.92455 -15.58522 4.982681 18.43391 -15.68242 4.982681 18.43391 -15.58522 4.982681 18.5439 -15.68242 4.982681 18.5439 -15.58522 4.982681 18.5439 -15.73537 4.982681 18.5439 -14.1474 4.982681 18.44061 -14.1474 4.982681 18.5439 -14.03501 4.982681 18.44061 -14.03501 4.982681 17.61427 -14.1474 4.982681 16.79455 -14.03501 4.982681 16.79455 -14.1474 4.982681 16.70861 -14.03501 4.982681 16.70861 -14.1474 4.982681 16.59623 -14.03501 4.982681 16.59623 -14.1474 4.982681 16.70861 -13.9028 4.982681 16.59623 -13.9028 4.982681 16.70861 -13.09365 4.982681 16.59623 -13.09365 4.982681 16.70861 -12.99525 4.982681 16.59623 -12.99525 4.982681 18.04615 -12.99525 4.982681 18.4236 -12.99525 4.982681 18.4236 -12.87952 4.982681 18.54656 -12.99525 4.982681 18.54656 -12.87952 4.982681 18.54656 -12.36389 4.982681 18.4236 -12.36389 4.982681 18.4236 -10.13079 4.982681 18.54656 -9.53547 4.982681 18.4236 -9.53547 4.982681 -2.407425 -5.309976 -3.74019e-5 -2.407425 -5.965518 -3.74019e-5 -2.077225 -5.965518 -3.74019e-5 -2.407425 -5.309976 1.269963 -2.077225 -5.309976 1.269963 -2.407425 -5.965518 1.269963 -2.077225 -5.965518 1.269963 -2.407425 -8.459739 1.269963 -2.077225 -8.459739 1.269963 -2.407425 -9.1236 1.269963 -2.077225 -9.1236 1.269963 -2.407425 -5.309976 3.682962 -2.077225 -5.309976 3.682962 -2.407425 -5.965518 3.682962 -2.077225 -5.965518 3.682962 -2.407425 -8.459739 3.682962 -2.077225 -8.459739 3.682962 -2.407425 -9.1236 3.682962 -2.077225 -9.1236 3.682962 -2.407425 -5.309976 4.982681 -2.407425 -5.965518 4.982681 -2.407425 -8.459739 4.982681 16.42881 -4.79142 2.033016 16.42881 -5.016286 2.033016 15.56364 -4.79142 2.033016 15.56364 -5.016286 2.033016 13.15312 -5.043186 2.032979 13.15312 -4.874707 2.032979 14.00937 -5.043186 2.032979 14.00937 -4.874707 2.032979 16.42881 -4.79142 4.982755 15.56364 -5.016286 4.982755 13.15312 -5.043186 4.982717 14.00937 -4.874707 4.982717 17.61427 -14.03501 2.031962 17.61427 -14.14739 2.031962 16.79455 -14.03501 2.031962 16.79455 -14.14739 2.031962 16.70861 -13.9028 2.031962 16.59623 -13.9028 2.031962 16.70861 -13.09365 2.031962 16.59623 -13.09365 2.031962 17.61427 -14.03501 4.982681 22.2816 -25.60193 2.032219 22.40784 -25.60193 2.032219 23.59583 -18.84958 4.98268 18.54656 -12.36388 2.099962 18.4236 -12.36388 2.099962 18.54656 -10.13079 2.099962 18.4236 -10.13079 2.099962 18.54656 -10.13079 4.982681 36.56382 -16.82843 2.032 36.76688 -16.82843 2.032 36.56382 -17.93803 2.032 36.76688 -17.93803 2.032 32.49103 -18.82036 2.031963 32.49103 -18.71675 2.031963 33.32287 -18.82036 2.031963 33.32287 -18.71675 2.031963 36.76688 -16.82843 4.982718 32.49103 -18.82036 4.982681 33.32287 -18.82036 4.982681 30.76018 -18.71675 0.9143628 30.76018 -18.84958 0.9143628 29.49905 -18.71675 0.9143628 29.49905 -18.84958 0.9143628 28.25163 -18.71675 0.9143628 28.25163 -18.84958 0.9143628 27.9008 -18.71675 0.9143628 27.9008 -18.84958 0.9143628 26.69382 -18.71675 0.9143628 26.69382 -18.84958 0.9143628 26.34125 -18.71675 0.9143628 26.34125 -18.84958 0.9143628 25.10174 -18.71675 0.9143628 25.10174 -18.84958 0.9143628 23.85893 -18.71675 0.9143628 23.85893 -18.84958 0.9143628 30.76018 -18.71675 2.133563 30.76018 -18.84958 2.133563 29.49905 -18.71675 2.133563 29.49905 -18.84958 2.133563 28.25163 -18.71675 2.133563 28.25163 -18.84958 2.133563 27.9008 -18.71675 2.133563 27.9008 -18.84958 2.133563 26.69382 -18.71675 2.133563 26.69382 -18.84958 2.133563 26.34125 -18.71675 2.133563 26.34125 -18.84958 2.133563 25.10174 -18.71675 2.133563 25.10174 -18.84958 2.133563 23.85893 -18.71675 2.133563 23.85893 -18.84958 2.133563 29.49905 -18.71675 4.982681 29.49905 -18.84958 4.982681 25.10174 -18.71675 4.982681 25.10174 -18.84958 4.982681 31.06285 -18.84958 -3.71933e-5 31.06285 -18.71675 4.982681 22.41474 -9.535466 0.9144 22.41474 -9.306865 0.9144 25.16801 -9.535466 0.9144 25.16801 -9.306865 0.9144 32.65618 -9.535466 0.9144 32.65618 -9.306865 0.9144 35.43873 -9.535466 0.9144 35.43873 -9.306865 0.9144 17.25578 -8.03864 0.9144 17.02718 -8.03864 0.9144 17.25578 -5.889072 0.9144 17.02718 -5.889072 0.9144 22.41474 -9.535466 2.4384 22.41474 -9.306865 2.4384 25.16801 -9.535466 2.4384 25.16801 -9.306865 2.4384 32.65618 -9.535466 2.4384 32.65618 -9.306865 2.4384 35.43873 -9.535466 2.4384 35.43873 -9.306865 2.4384 17.25578 -8.03864 2.4384 17.02718 -8.03864 2.4384 17.25578 -5.889072 2.4384 17.02718 -5.889072 2.4384 22.41474 -9.535466 4.982717 22.41474 -9.306865 4.982717 25.16801 -9.306865 4.982717 32.65618 -9.535466 4.982717 32.65618 -9.306865 4.982717 35.43873 -9.535466 4.982717 35.43873 -9.306865 4.982717 17.02718 -8.03864 4.982717 17.25578 -5.889072 4.982717 17.02718 -5.889072 4.982717 17.02718 -6.963856 0 17.25578 -6.963856 0 17.02718 -6.963856 0.9144 17.25578 -6.963856 0.9144 20.54978 -16.95859 2.19345e-4 20.54978 -16.86984 2.19345e-4 20.67372 -16.86984 2.19345e-4 20.54978 -17.76568 2.19345e-4 20.54978 -18.96944 2.19345e-4 19.5558 -19.07571 2.19345e-4 20.67372 -17.76568 2.19345e-4 20.67372 -18.96702 2.19345e-4 20.54978 -19.07571 2.19345e-4 20.67372 -19.07571 2.19345e-4 20.54978 -25.68206 2.19345e-4 20.67372 -25.68206 2.19345e-4 20.54978 -16.86984 4.982681 20.54978 -16.95859 4.982681 20.67372 -16.95859 4.982681 20.67372 -16.86984 4.982681 20.54978 -17.76568 4.982681 20.67372 -17.76568 4.982681 20.67372 -18.96702 4.982681 20.54978 -18.96944 4.982681 20.54978 -19.07571 4.982681 19.5558 -18.96944 4.982681 19.5558 -19.07571 4.982681 20.67372 -19.07571 4.982681 20.54978 -25.68206 4.982681 20.67372 -25.68206 4.982681 20.67372 -16.95859 2.19345e-4 20.54978 -16.95859 2.040219 20.67372 -16.95859 2.040219 20.54978 -17.76568 2.040219 20.67372 -17.76568 2.040219 -2.407425 -19.48921 -3.74317e-5 19.14345 -19.48921 -3.74317e-5 30.76018 -18.71675 -3.71933e-5 29.49905 -18.84958 -3.71933e-5 28.25163 -18.84958 -3.71933e-5 32.12266 -25.80951 -3.71933e-5 15.19344 -18.96944 -3.74019e-5 22.53583 -18.71675 2.082763 22.53583 -18.84958 2.082763 23.59583 -18.84958 2.082763 23.59583 -18.71675 2.082763 21.17941 -16.86984 4.982937 22.23966 -16.86984 4.982937 21.17941 -16.75985 4.982937 21.17941 -16.75985 2.100219 21.17941 -16.86984 2.100219 22.23966 -16.86984 2.100219 22.23966 -16.75985 2.100219 18.5439 -16.68037 4.982681 18.43391 -16.68037 4.982681 18.43391 -15.73537 4.982681 18.43391 -15.73537 2.049962 18.43391 -16.68037 2.049962 18.5439 -15.73537 2.049962 18.5439 -16.68037 2.049962 31.06286 -18.84959 4.982681 32.12266 -18.84959 4.982681 31.06286 -18.71675 4.982681 31.06286 -18.71675 2.099963 31.06286 -18.84959 2.099963 32.12266 -18.84959 2.099963 32.12266 -18.71675 2.099963 17.01615 -12.87952 4.982681 17.01615 -12.99525 4.982681 18.04615 -12.87952 4.982681 17.01615 -12.87952 2.099962 17.01615 -12.99525 2.099962 18.04615 -12.99525 2.099962 18.04615 -12.87952 2.099962 22.40784 -25.60194 4.982937 22.2816 -25.60194 4.982937 22.40784 -23.90272 4.982937 22.2816 -23.90272 4.982937 22.40784 -25.60194 2.130219 22.2816 -25.60194 2.130219 22.40784 -23.90272 2.130219 22.2816 -23.90272 2.130219</float_array>
          <technique_common>
            <accessor source="#Plane-mesh-positions-array" count="567" stride="3">
              <param name="X" type="float"/>
              <param name="Y" type="float"/>
              <param name="Z" type="float"/>
            </accessor>
          </technique_common>
        </source>
        <source id="Plane-mesh-normals">
          <float_array id="Plane-mesh-normals-array" count="1038">1 0 0 -1 0 0 0 -1 0 0 1 7.58017e-7 0 -1 -8.51568e-7 0 -1 -8.69456e-7 0 0 1 0.9995495 0.03001403 0 0 1 8.69456e-7 1 -3.63739e-7 0 0 1 0 0 1 7.47733e-7 0 1 2.27405e-6 0.04549449 -0.9989639 -0.001168906 0 -1 -1.51611e-6 0 1 1.01437e-6 0 1 1.94947e-6 -1.51776e-7 -1 -9.74736e-7 -1 2.4028e-5 0 -1 4.84525e-7 0 0 -1 -1.55055e-6 0 1 7.27446e-7 0 1 1.00534e-6 1 1.2735e-5 0 0 -1 -1.00534e-6 0 -1 -7.1178e-7 -0.002560615 0.9999968 1.42356e-6 0 1 1.1743e-6 0 1 5.42865e-7 0.9999985 0.001773893 0 0 -1 -5.42855e-7 0 -1 -8.80728e-7 -0.9999985 -0.001772284 0 0 1 1.10828e-6 -4.31652e-4 -1 -1.35803e-4 0 1 5.45556e-7 0 -1 -5.45556e-7 0 0 -1 -1.57997e-7 0 1 -5.89675e-6 3.75986e-7 1 0 -5.46342e-7 1 0 -7.30337e-5 1 -2.4158e-6 0 1 -2.06239e-6 0 1 -2.00546e-7 0 1 0 4.12041e-6 1 -3.30509e-7 0 1 0 0 1 0 0 1 -3.78097e-6 0 1 0.001921176 0.001850128 0.9999966 0 0.003227353 0.9999948 -9.69794e-7 0 1 6.90424e-6 0 1 -6.51411e-6 0 1 0 -1 -1.71127e-6 0 -1 -4.18626e-7 0 1 5.7038e-7 0 -1 -5.79637e-7 -1 8.75062e-7 0 0 -1 -1.16301e-6 0 1 1.30893e-6 0 1 1.16301e-6 0.001089692 -0.9999991 7.6616e-4 0 -1 -5.93597e-7 0 1 7.3925e-7 0 -1 -7.3925e-7 0 1 1.33422e-6 0 -1 -8.8655e-7 0 1 4.43275e-7 -0.9999892 0.004662156 0 0.9999997 -8.35464e-4 0 0 1 6.41447e-7 6.36787e-7 -1 -8.17914e-7 0 1 9.26502e-7 0 -1 -6.2215e-7 0 -1 -9.33244e-7 0 -1 -1.38972e-6 0 1 9.26482e-7 0 1 9.33244e-7 5.08585e-6 1 1.0207e-6 0 1 8.73246e-7 0 -1 -1.67035e-6 0 -1 -8.73246e-7 0 1 1.17818e-6 0 1 1.11353e-6 0 -1 -9.42543e-7 0 -1 -1.27732e-6 0 1 1.0917e-6 0 -1 -5.45852e-7 0 1 8.51568e-7 0 1 9.14304e-7 0 -1 -1.41381e-6 0 1 9.42543e-7 0 1 1.09808e-6 0 -1 -9.42571e-7 0 -1 -1.46411e-6 -1 4.78027e-6 0 2.50308e-5 1 1.25588e-6 0 1 1.01417e-6 0 -1 -1.01417e-6 0 1 5.23623e-7 0 -1 -1.04725e-6 0 -1 -1.16744e-6 0 1 9.28319e-7 0 1 7.78292e-7 1 2.75386e-7 0 1 9.22133e-5 7.65597e-7 0 1 1.25588e-6 0 -1 -6.32361e-7 0 1 4.64149e-7 -1 -8.66403e-7 0 0 -1 -9.59585e-7 0 1 1.11952e-6 0 -1 -9.28312e-7 -8.39343e-7 0 1 0 1 4.4443e-6 0 1 3.88876e-6 0 -1 -3.33323e-6 -6.12581e-6 1 0 4.19613e-5 -1.63279e-4 1 -4.25769e-5 2.17936e-4 1 -6.06267e-6 -1 0 1 -1.14858e-5 6.44031e-7 -6.06267e-6 1 0 0 -1 -1.57711e-6 0 -1 -1.43794e-6 0 1 1.43797e-6 0 -1 -1.34524e-6 0 -1 -1.59163e-6 0 1 7.77068e-7 0 1 2.16039e-6 -4.5871e-6 1 0 -3.07761e-6 -1 0 0 -1 -1.07333e-6 1.3461e-6 0 1 -1.4389e-6 0 1 1.36961e-6 0 1 -1.44422e-6 0 1 0 -1 -1.07732e-6 0 -1 -1.10929e-6 -3.02484e-6 -1 0 -4.60412e-6 1 0 0 1 2.21859e-6 0 1 1.06167e-6 1 1.176e-6 0 1 1.12018e-5 0 0 7.34431e-5 -1 0 1.48559e-4 -1 0 0 -1 0 -2.57531e-7 -1 0 0 -1 0 0 -1 0 0 -1 0 1.63681e-6 -1 -0.002029657 -5.07679e-5 -0.999998 -0.002032041 0 -0.999998 0 -0.003230094 -0.9999949 -1 -2.88151e-5 0 1.90682e-6 0 1 0 -1 -6.67079e-7 0 1 7.75276e-7 0 0 -1 8.46654e-7 0 1 0 1 2.48198e-6 3.59878e-6 -1 -1.24099e-6 5.20219e-5 1 0 5.61119e-7 0 1 5.39918e-6 1 0 1 -3.13241e-7 0 0 -2.80617e-7 -1 -1 1.57392e-6 0 0 2.80626e-7 1 0 1 1.51611e-6 0 -1 -8.51545e-7 0 -1 -1.15928e-6 0.99955 0.02999997 0 0 1 1.15928e-6 -1 -6.16069e-6 0 -1 3.68527e-7 0 0 1 1.4955e-6 0 1 7.58054e-7 0 -1 -7.47733e-7 -1.44409e-5 -1 -1.15928e-6 -1 1.024e-5 0 0 -1 -7.58017e-7 1.58849e-5 1 0 0 1 9.74736e-7 -1.51776e-7 -1 -1.94947e-6 -1.58849e-5 -1 -1.01437e-6 0 -1 -7.75276e-7 0 1 1.45491e-6 -1.44987e-5 -1 -7.2745e-7 0 1 1.20641e-6 3.44392e-7 -1 0 0 -1 -1.42356e-6 0 1 -1.38085e-4 0 1 8.80728e-7 0 1 1.62857e-6 0.9999985 0.001773357 0 0 -1 -5.42865e-7 0 -1 -1.02751e-6 -0.9999985 -0.001767873 0 0 1 9.85136e-7 0 -1 -9.85134e-7 -1 0 -3.83817e-7 0 1 1.63667e-6 0 -1 -1.09111e-6 1.39756e-7 0 1 0 2.08587e-6 1 -9.26997e-7 0 1 -2.44232e-6 0 1 -1.84179e-4 -3.31498e-5 1 6.20158e-5 -1.63278e-4 1 0 -7.30334e-5 1 0 2.17935e-4 1 -2.38568e-6 0 1 -2.22479e-6 -9.17401e-7 1 0 0 1 5.69217e-7 0 1 -2.96511e-6 0 1 0 -3.5898e-6 1 0 0.003227293 0.9999948 8.54252e-7 0 1 0 -1 -5.7038e-7 0 -1 -1.25588e-6 0 1 1.71127e-6 0 -1 -1.73891e-6 0.001634836 0.999998 0.001152276 -1.10915e-6 1 1.18719e-6 0 -1 -1.30893e-6 9.2429e-7 -1 0 0 1 1.4785e-6 0 -1 -1.4785e-6 0 1 6.67079e-7 -1 7.67578e-6 0 0 -1 -1.7731e-6 0 1 8.8655e-7 -0.9999892 0.00466001 0 0.9999997 -8.36357e-4 0 0 1 1.92434e-6 0 1 1.38967e-6 0 -1 -9.33226e-7 0 -1 -9.26482e-7 6.9246e-6 1 0 0 1 9.33226e-7 -4.23821e-6 -1 -6.80465e-7 0 1 1.74649e-6 0 -1 -1.11353e-6 1.74046e-5 -1 0 0 1 1.11357e-6 0 1 8.18777e-7 0 -1 -1.36463e-6 0 1 1.27732e-6 0 1 1.37146e-6 -1 -2.49277e-6 0 2.81785e-5 -1 0 -1.82229e-5 -1 -4.57152e-7 0 1 1.78174e-6 0 1 1.41381e-6 0 1 7.32055e-7 0 -1 -1.41379e-6 0 -1 -1.78174e-6 0 -1 -1.09808e-6 -1 -5.45888e-6 0 -1 1.55018e-7 0 0 1 5.07083e-7 0 -1 -1.52125e-6 0 1 1.04725e-6 0 -1 -1.57087e-6 0 1 1.39247e-6 -1 -2.25255e-7 0 0 1 1.16744e-6 1 -4.6108e-5 -2.29675e-6 0 1 8.37252e-7 3.87801e-5 -1 0 0 -1 -1.2647e-6 -1.89052e-5 1 6.32361e-7 0 -1 -1.11952e-6 8.76579e-6 1 0 0 -1 -9.28319e-7 -1.58849e-5 -1 -3.88876e-6 -2.17528e-6 0 1 1.44409e-5 1 0 1.58849e-5 1 0 0 -1 -4.4443e-6 0 1 1.51036e-6 -1 9.20238e-6 0 -4.16683e-5 1.63285e-4 1 0 2.81893e-6 1 -1 9.1924e-6 0 0 -1 -1.4948e-6 1 1.46354e-6 0 -7.89672e-4 -0.9999997 -2.29195e-4 0 1 1.86851e-6 0 -1 -2.36568e-6 4.36518e-7 0 1 -6.98042e-6 1 2.36567e-6 0 -1 -2.15696e-6 0 1 7.18969e-7 -6.0153e-7 0 1 0 -1 -2.01791e-6 -3.87796e-5 1 2.01786e-6 0 -1 -2.38744e-6 0 1 3.10825e-6 -2.81786e-5 1 2.38744e-6 4.61641e-6 1 0 0 1 1.07333e-6 0 -1 -1.08019e-6 3.05807e-6 -1 0 2.42733e-7 0 1 2.43636e-7 0 1 3.06941e-6 -1 0 0 -1 -1.1093e-6 0 -1 -1.06167e-6 0 1 1.07732e-6 0 1 2.21858e-6 4.53726e-6 1 0 -3.78797e-7 2.08586e-6 1 0 2.21829e-7 1 -2.50307e-5 -1 -2.45947e-6 -1.73189e-6 -1 -1.63365e-6 1.83161e-4 3.31499e-5 -1 0 7.34433e-5 -1 2.4064e-5 0 -1 0 0 -1 0 0 -1 0 0 -1 0 0 -1 0 0 -1 0 0 -1 0 1.29581e-4 -1 0 -0.003230154 -0.9999949 2.58276e-4 -0.002415716 -0.9999971 5.75635e-6 1 1.54043e-6 -5.20204e-5 -1 -1.30502e-6 0 -1 -2.00132e-6 0 1 1.55055e-6 0 0 -1 1 1.88062e-5 0 0 -3.58992e-6 1 0 1 2.21726e-6 0 1 1.24863e-6 0 -2.80626e-7 -1 -1 -1.23584e-6 0 0 2.80618e-7 1</float_array>
          <technique_common>
            <accessor source="#Plane-mesh-normals-array" count="346" stride="3">
              <param name="X" type="float"/>
              <param name="Y" type="float"/>
              <param name="Z" type="float"/>
            </accessor>
          </technique_common>
        </source>
        <source id="Plane-mesh-map-0">
          <float_array id="Plane-mesh-map-0-array" count="7134">-0.5347681 -1.800118 -3.378205 3.1826 -3.378201 -1.800118 -0.5347676 -1.800118 -0.4280138 3.1826 -0.4280086 -1.800118 16.15404 -1.800081 13.37149 -0.885681 13.37149 -1.800081 2.996906 -1.799862 3.123151 3.182856 3.123151 -1.799862 5.616005 -1.800081 5.844605 -0.885681 5.844605 -1.800081 -3.817965 -1.799862 -1.71837 3.182856 -1.718365 -1.799862 4.570463 -1.800118 6.027865 3.1826 6.02787 -1.800118 -3.703939 -1.799862 -1.71837 3.182856 -3.703944 3.182856 -3.817965 -1.799862 -1.71837 3.182856 -3.817969 3.182856 4.570463 -1.800118 6.027865 3.1826 4.570458 3.1826 5.844605 -1.800081 5.616005 -0.885681 5.616005 -1.800081 -3.703939 -1.799862 -1.71837 3.182856 -1.718365 -1.799862 -0.738405 -1.799862 -0.850786 3.182856 -0.850786 -1.799862 -21.36192 -1.800118 -21.69212 3.1826 -21.69212 -1.800118 10.27676 0.2328975 10.10828 -1.800118 10.27676 -1.800118 -3.72105 10.13518 -3.72105 10.10761 -3.72105 10.36005 -1.608377 -1.799862 -1.498975 3.182856 -1.608383 3.182856 -21.69212 -1.800118 -21.36192 3.1826 -21.36192 -1.800118 -8.751254 -1.799862 -3.703944 3.182856 -8.751258 3.182856 -1.608377 -1.799862 -1.498975 3.182856 -1.49897 -1.799862 -8.751254 -1.799862 -3.703944 3.182856 -3.703939 -1.799862 -0.850786 -1.799862 -0.738405 3.182856 -0.738405 -1.799862 -1.718365 -1.799862 -1.608383 3.182856 -1.608377 -1.799862 6.691731 -1.800118 9.185947 3.1826 9.185952 -1.800118 3.123151 -1.799862 2.996906 3.182856 2.996906 -1.799862 3.123151 -1.800118 3.275239 3.1826 3.275239 -1.800118 6.691731 -1.800118 9.185947 3.1826 6.691726 3.1826 2.996906 -1.799862 3.123151 3.182856 3.123151 -1.799862 3.123151 -1.800118 3.275239 3.1826 3.123151 3.1826 -21.36192 -1.800118 -21.69212 3.1826 -21.69212 -1.800118 -10.53059 -1.799862 -10.45047 3.182856 -10.53059 3.182856 -3.698112 -1.800118 -3.565284 3.1826 -3.565279 -1.800118 3.123151 -1.799862 2.996906 3.182856 2.996906 -1.799862 -10.53059 -1.799862 -10.45047 3.182856 -10.45046 -1.799862 -21.69212 -1.800118 -21.36192 3.1826 -21.36192 -1.800118 0.271106 -1.800118 12.83796 3.1826 12.83796 -1.800118 -0.1412456 -4.337736 -0.1412456 -4.054935 -0.1412456 -3.817965 -4.360146 -3.90029 -4.360146 -4.337736 -4.360146 -3.379093 12.83796 -1.800118 0.271106 3.1826 0.271106 -1.800118 -10.65804 -1.800118 -10.53059 3.1826 -10.53059 -1.800118 9.841494 -1.800118 10.10828 3.1826 10.10828 -1.800118 -4.337741 3.1826 -10.65804 -1.800118 -4.337736 -1.800118 9.841494 -1.800118 10.10828 3.1826 9.841489 3.1826 -10.65804 -1.800118 -4.337741 3.1826 -4.337736 -1.800118 -21.36192 -1.800118 -21.69212 3.1826 -21.69212 -1.800118 -4.091248 -1.800118 -0.1412456 3.1826 -4.091248 3.1826 -21.69212 -1.800118 -21.36192 3.1826 -21.36192 -1.800118 4.134629 -1.800118 4.574241 3.1826 4.574241 -1.800118 4.574241 -1.800118 4.134629 3.1826 4.134629 -1.800118 12.83796 -3.668888 12.83796 -3.565279 12.83796 -3.698112 10.10828 -1.800118 10.27676 3.1826 10.27676 -1.800118 -3.668888 0.2318818 -3.565279 -1.800118 -3.668888 -1.800118 -21.36192 -1.800118 -6.131573 3.1826 -6.131573 -1.800118 10.10828 -1.800118 10.27676 3.1826 10.10828 3.1826 -6.131573 -1.800118 -21.36192 3.1826 -21.36192 -1.800118 -4.091248 -1.800118 -4.360146 3.1826 -4.360146 -1.800118 -3.698112 -1.800118 -3.565284 3.1826 -3.698117 3.1826 -3.698112 -1.800118 -3.565279 -0.8857182 -3.565279 -1.800118 8.616111 -1.800118 7.409123 -0.8857182 7.409123 -1.800118 -4.360146 -1.800118 -4.091248 3.1826 -4.091248 -1.800118 5.81705 -1.800118 7.056554 -0.8857182 7.056554 -1.800118 -3.378201 -1.800118 -0.5347729 3.1826 -0.5347676 -1.800118 10.21436 -1.800118 11.47549 -0.8857182 11.47549 -1.800118 -3.698112 -1.800118 -3.565279 -0.8857182 -3.565279 -1.800118 -4.337736 -1.800118 -3.379098 3.1826 -4.337741 3.1826 -4.979789 -1.800081 -4.327841 3.182637 -4.327841 -1.800081 7.056554 -1.800118 7.409123 3.1826 7.409123 -1.800118 10.10761 -1.800081 9.598345 3.1826 9.59835 -1.800118 -3.379093 -1.800118 -4.337741 3.1826 -3.379098 3.1826 7.409123 -1.800118 7.056554 3.1826 7.056554 -1.800118 -4.326938 -1.800118 -4.978886 3.1826 -4.978886 -1.800118 10.10761 -1.800081 9.598345 3.1826 10.10761 3.182637 -5.275326 -1.800081 -3.72105 3.182637 -3.72105 -1.800081 -3.72105 -1.800081 -5.275326 3.182637 -5.275326 -1.800081 -3.698112 -1.800118 -3.565284 3.1826 -3.698117 3.1826 10.36005 -1.800081 10.10761 3.182637 10.36004 3.182637 8.616111 -1.800118 8.966939 3.1826 8.966939 -1.800118 8.966939 -1.800118 8.616111 3.1826 8.616111 -1.800118 -3.698112 -1.800118 -3.565284 3.1826 -3.565279 -1.800118 -6.131573 10.27676 -5.275325 10.10828 -6.131573 10.10828 -2.576085 0.2318816 -2.688466 -1.800118 -2.576085 -1.800118 10.10761 -1.800081 10.36004 3.182637 10.10761 3.182637 -0.8610962 2.787588 -0.738137 5.02068 -0.738137 2.787588 -3.698112 -1.800118 -3.565284 3.1826 -3.698117 3.1826 5.02068 -1.800118 5.616 3.1826 5.020675 3.1826 -2.028914 5.616 -2.257514 5.8446 -2.257514 5.616 -2.028914 5.8446 3.130045 5.616 3.130045 5.8446 5.88332 5.8446 13.37149 5.616 13.37149 5.8446 16.15404 5.616 17.27913 5.8446 16.15404 5.8446 17.27913 5.616 17.48219 5.8446 17.27913 5.8446 17.27913 5.616 17.48219 -1.676969 17.48219 5.616 17.27913 -2.786563 17.48219 -3.90853 17.48219 -2.786563 -2.257514 5.8446 -2.028914 7.112824 -2.257514 7.112824 -2.028914 9.262393 -2.257514 10.13518 -2.257514 9.262393 -2.028914 10.13518 -2.257514 10.36004 -2.257514 10.13518 -2.257514 10.36004 -2.855887 10.13518 -2.257514 10.13518 -3.72105 10.36004 -5.275326 10.10761 -3.72105 10.10761 -4.978886 9.598345 -4.327841 10.10761 -4.979789 10.10761 -6.131573 10.10828 -21.36192 10.27676 -21.36192 10.10828 -21.36192 10.27676 -21.69212 10.10828 -21.36192 10.10828 -21.36192 10.10828 -21.69212 9.841489 -21.36192 9.841489 -21.36192 9.185947 -21.69212 6.691726 -21.36192 6.691726 -21.69212 6.027865 -21.36192 4.570458 -21.36192 6.027865 -21.69212 4.570458 -21.36192 -3.900294 -21.36192 4.570458 -21.69212 -3.900294 -21.36192 -4.337741 -21.36192 -3.900294 -21.36192 -4.337741 -4.791924 -3.900294 -21.36192 -3.900294 -4.791924 -4.337741 -4.360146 -3.900294 -4.791924 -3.900294 -4.360146 2.156223 -4.791924 2.271949 -4.791924 2.156223 -4.638107 2.271949 -4.791924 2.933368 -4.791924 2.271949 -4.638107 4.219951 -4.791924 4.564571 -4.791924 4.219951 -4.638107 2.933368 -4.791924 4.219951 -4.791924 2.933368 -4.638107 4.219951 -4.462787 4.564571 -4.638107 4.564571 -4.791924 -0.4280138 -4.360146 2.156223 -4.791924 2.156223 -4.360146 2.156223 -2.173981 2.271949 -4.360146 2.271949 -4.791924 -3.900294 -4.360146 -3.378205 -4.791924 -3.378205 -0.1412456 -10.65804 0.2711063 -4.337741 -0.1412456 -4.337741 12.83796 -10.65804 0.271106 -10.53059 0.271106 -10.65804 -4.360146 -4.337741 -4.091248 -3.379098 -4.360146 -3.379098 0.2711063 -4.337741 -0.1412456 -3.817969 -0.1412456 -4.337741 -4.091248 -4.337741 -0.1412456 -3.817969 -4.091248 -3.817969 3.123151 -10.53059 2.996906 -10.45047 2.996906 -10.53059 3.123151 -8.751258 2.996906 -3.703944 2.996906 -8.751258 3.123151 -3.703944 2.996906 -1.71837 2.996906 -3.703944 3.123151 -1.71837 2.996906 -1.608383 2.996906 -1.71837 2.996906 -1.608383 2.899672 -1.71837 2.996906 -1.71837 2.066004 -1.608383 -0.738405 -1.71837 2.066004 -1.71837 12.83796 -10.65804 12.98142 -10.53059 12.83796 -10.53059 12.98716 -10.53059 12.83796 -3.668893 12.83796 -10.53059 12.98716 -3.668893 12.83796 -3.565284 12.83796 -3.668893 12.98716 -3.565284 13.20634 -3.668893 13.20634 -3.565284 14.03818 -3.668893 14.24752 -3.565284 14.03818 -3.565284 14.24752 -3.668893 14.35494 -3.565284 14.24752 -3.565284 14.24752 -3.668893 14.35494 -3.801106 14.35494 -3.668893 14.24752 -3.801106 14.35494 -3.90853 14.35494 -3.801106 14.35494 -3.90853 17.27913 -3.801106 14.35494 -3.801106 11.93548 -3.565284 11.47549 -3.698117 11.93548 -3.698117 8.966939 -3.565284 8.616111 -3.698117 8.966939 -3.698117 7.409123 -3.565284 7.056554 -3.698117 7.409123 -3.698117 4.574241 -3.565284 4.134629 -3.698117 4.574241 -3.698117 3.275239 -3.698117 3.123151 -3.565284 3.123151 -3.698117 -0.738405 -1.608383 -0.850786 -1.71837 -0.738405 -1.71837 -0.850786 -1.608383 -0.738405 -1.498975 -0.850786 -1.498975 -0.850786 -1.71837 -0.738405 -3.817969 -0.738405 -1.71837 -4.360146 -3.378205 -4.791924 -0.5347729 -4.791924 -3.378205 -4.791924 -0.5347729 -4.360146 -0.4280143 -4.791924 -0.4280138 -4.360146 -0.5309482 -0.850785 -0.4337525 -4.360146 -0.4337525 -0.850785 -0.5309482 -0.7407901 -0.4337525 -0.850785 -0.4337525 -0.7407901 -0.5309482 -0.850785 -0.6388307 -0.7407901 -0.6388307 -0.7407901 -0.4337525 -0.8440826 1.004074 -0.850785 -0.4337525 -0.7407901 1.004074 -0.8440826 1.116456 -0.8440826 1.004074 -0.8440826 1.116456 -1.670418 1.004074 -0.8440826 1.004074 -2.490145 1.116456 -2.576085 1.004074 -2.490145 1.004074 -2.576085 1.116456 -2.688466 1.004074 -2.576085 1.004074 -2.576085 1.116456 -2.688466 1.248669 -2.688466 1.116456 -2.576085 2.057818 -2.688466 2.156223 -2.688466 2.057818 -1.3331 2.156223 -0.8610962 2.271949 -1.3331 2.271949 -0.8610962 2.156223 -0.738137 2.271949 -0.8610962 2.271949 -0.738137 2.271949 -0.8610962 2.787583 -0.8610962 2.271949 -0.738137 5.020675 -0.8610962 5.616 -0.8610962 5.020675 -1.718365 -1.799862 -1.608383 3.182856 -1.71837 3.182856 -1.718365 -1.799862 -1.608383 3.182856 -1.608377 -1.799862 5.616005 -1.800081 5.8446 3.182637 5.844605 -1.800081 -0.5347681 -1.800118 -0.4280143 3.1826 -0.5347734 3.1826 2.996906 -1.799862 2.899672 3.182856 2.899672 -1.799862 -3.90029 -1.800118 4.570458 3.1826 4.570463 -1.800118 -2.028914 -1.800081 -2.257514 3.182637 -2.257514 -1.800081 -0.4280086 -1.800118 2.156223 3.1826 2.156228 -1.800118 2.899672 -1.799862 2.996906 3.182856 2.996906 -1.799862 -3.90029 -1.800118 4.570458 3.1826 -3.900294 3.1826 5.616005 -1.800081 5.8446 3.182637 5.844605 -1.800081 -1.718365 -1.799862 -1.608383 3.182856 -1.71837 3.182856 -21.36192 -1.800118 -21.69212 3.1826 -21.69212 -1.800118 -4.337736 -1.800118 -3.900294 3.1826 -3.90029 -1.800118 -4.337736 -1.800118 -3.900294 3.1826 -3.90029 -1.800118 2.066004 -1.799862 -0.738405 3.182856 -0.738405 -1.799862 5.844605 -1.800081 5.616 3.182637 5.616005 -1.800081 -0.850785 -1.800118 -4.360146 3.1826 -0.850785 3.1826 -0.738405 -1.799862 2.066004 3.182856 2.066004 -1.799862 -2.028914 -1.800081 3.130045 3.182637 3.130045 -1.800081 -0.850785 -1.800118 -4.360146 3.1826 -4.360146 -1.800118 -10.65804 -1.800118 -10.53059 3.1826 -10.65804 3.1826 3.130045 -1.800081 -2.028914 3.182637 -2.028914 -1.800081 -0.5309429 -1.800118 -0.4337525 3.1826 -0.5309482 3.1826 -21.36192 -1.800118 -4.791924 3.1826 -4.791924 -1.800118 -4.791924 -1.800118 -21.36192 3.1826 -21.36192 -1.800118 12.83796 3.1826 12.98716 -1.800118 12.83796 -1.800118 -4.337736 -1.800118 -3.900294 3.1826 -4.337741 3.1826 5.616005 -1.800081 5.8446 3.182637 5.844605 -1.800081 -0.5309429 -1.800118 -0.6388307 3.1826 -0.6388254 -1.800118 -4.360146 -1.800118 -4.791924 3.1826 -4.791924 -1.800118 -0.6388254 -1.800118 -0.5309482 3.1826 -0.5309429 -1.800118 -4.360146 -1.800118 -4.791924 3.1826 -4.360146 3.1826 -10.53059 -1.800118 -3.668893 3.1826 -3.668888 -1.800118 -3.90029 -1.800118 -3.378205 3.1826 -3.378201 -1.800118 5.844605 -1.800081 5.616 3.182637 5.616005 -1.800081 -0.4337473 -1.800118 1.004074 3.1826 1.004079 -1.800118 -10.53059 -1.800118 -3.668893 3.1826 -10.53059 3.1826 2.156228 -1.800118 2.271949 3.1826 2.156223 3.1826 5.88332 -1.800081 13.37149 3.182637 13.37149 -1.800081 -0.4337473 -1.800118 1.004074 3.1826 -0.4337525 3.1826 12.83796 -1.800118 12.98716 3.1826 12.98716 -1.800118 2.271954 -1.800118 2.933368 3.182599 2.933373 -1.800118 5.88332 -1.800081 13.37149 3.182637 5.88332 3.182637 -0.8440826 -1.800118 -0.7407901 3.1826 -0.7407901 -1.800118 -3.668888 -1.800118 -3.565284 3.1826 -3.565279 -1.800118 -4.638107 -1.800118 -4.791924 3.182599 -4.791924 -1.800118 2.271954 -1.800118 2.933368 3.182599 2.271949 3.182599 1.004079 -1.800118 1.116456 3.1826 1.004074 3.1826 -4.638107 3.182599 -4.791924 -1.800118 -4.638107 -1.800118 1.004079 -1.800118 1.116456 3.1826 1.116461 -1.800118 5.616005 -1.800081 5.8446 3.182637 5.844605 -1.800081 -0.8440826 -1.800118 -1.670418 3.1826 -1.670418 -1.800118 -1.670418 -1.800118 -0.8440826 3.1826 -0.8440826 -1.800118 1.004079 -1.800118 1.116456 3.1826 1.004074 3.1826 -4.791924 -1.800118 -4.638107 3.182599 -4.638107 -1.800118 2.933373 -1.800118 4.219951 3.182599 4.219956 -1.800118 17.27913 -1.800081 16.15404 3.182637 17.27913 3.182637 -3.565279 -1.800118 -3.668893 3.1826 -3.668888 -1.800118 17.27913 -1.800081 16.15404 3.182637 16.15404 -1.800081 12.98716 -1.800118 13.20634 3.1826 13.20634 -1.800118 4.219956 -1.800118 4.564571 3.182599 4.564576 -1.800118 5.616005 -1.800081 5.8446 3.182637 5.616 3.182637 -2.490145 -1.800118 -2.576085 3.1826 -2.576085 -1.800118 13.20634 -1.800118 12.98716 3.1826 12.98716 -1.800118 2.933373 -1.800118 4.219951 3.182599 2.933368 3.182599 17.27913 -1.800081 17.48219 3.182637 17.48219 -1.800081 -2.576085 -1.800118 -2.490145 3.1826 -2.490145 -1.800118 -3.668888 -1.800118 -3.565284 3.1826 -3.565279 -1.800118 17.48219 -1.800081 17.27913 3.182637 17.27913 -1.800081 1.004079 -1.800118 1.116456 3.1826 1.116461 -1.800118 4.219956 -1.800118 4.564571 3.182599 4.219951 3.182599 -2.576085 -1.800118 -2.688466 3.1826 -2.688466 -1.800118 -4.638107 -1.800118 -4.462787 3.182599 -4.462787 -1.800118 -4.462787 -1.800118 -4.638107 3.182599 -4.638107 -1.800118 -2.688466 -1.800118 -2.576085 3.1826 -2.576085 -1.800118 14.03818 -1.800118 14.24752 3.1826 14.24752 -1.800118 2.156228 -1.800118 2.271949 3.1826 2.271954 -1.800118 17.48219 -1.800081 17.27913 3.182637 17.27913 -1.800081 1.116461 -1.800118 1.248669 3.1826 1.248674 -1.800118 14.24752 -1.800118 14.03818 3.1826 14.03818 -1.800118 -0.428009 -1.800118 2.156223 3.1826 -0.4280143 3.1826 -1.676964 -1.800081 5.616 3.182637 -1.676969 3.182637 1.116461 -1.800118 1.248669 3.1826 1.116456 3.1826 -3.668888 -1.800118 -3.565284 3.1826 -3.668893 3.1826 -1.676964 -1.800081 5.616 3.182637 5.616005 -1.800081 14.24752 -1.800118 14.35494 3.1826 14.35494 -1.800118 -2.688466 -1.800118 -2.576085 3.1826 -2.576085 -1.800118 -3.801102 -1.800118 -3.668893 3.1826 -3.801106 3.1826 2.156228 -1.800118 2.271949 3.1826 2.156223 3.1826 17.27913 -1.800081 17.48219 3.182637 17.48219 -1.800081 2.057823 -1.800118 2.156223 3.1826 2.156228 -1.800118 -3.801102 -1.800118 -3.668893 3.1826 -3.668888 -1.800118 -4.360146 -1.800118 -2.173981 3.1826 -2.173981 -1.800118 17.48219 -1.800081 17.27913 3.182637 17.27913 -1.800081 2.057823 -1.800118 2.156223 3.1826 2.057818 3.1826 14.35494 -1.800118 14.24752 3.1826 14.24752 -1.800118 -2.173981 -1.800118 -4.360146 3.1826 -4.360146 -1.800118 -3.908525 -1.800081 -2.786563 3.182637 -3.90853 3.182637 2.156228 -1.800118 2.271949 3.1826 2.271954 -1.800118 -2.786558 -1.800081 -3.90853 3.182637 -2.786563 3.182637 -3.908525 -1.800118 -3.801106 3.1826 -3.801102 -1.800118 -2.028914 -1.800081 -2.257514 3.182637 -2.028914 3.182637 5.844605 -1.800081 7.112824 3.182637 7.11283 -1.800081 5.844605 -1.800081 7.112824 3.182637 5.8446 3.182637 -1.3331 -1.800118 -0.8610962 3.1826 -0.8610962 -1.800118 -2.028914 -1.800081 -2.257514 3.182637 -2.257514 -1.800081 -0.8610962 -1.800118 -1.3331 3.1826 -1.3331 -1.800118 -3.908525 -1.800118 -3.801106 3.1826 -3.90853 3.1826 2.156228 -1.800118 2.271949 3.1826 2.156223 3.1826 14.35494 -1.800118 17.27913 3.1826 17.27913 -1.800118 -3.378201 -1.800118 -3.900294 3.1826 -3.90029 -1.800118 17.27913 -1.800118 14.35494 3.1826 14.35494 -1.800118 -0.738137 -1.800118 -0.8610962 3.1826 -0.8610962 -1.800118 -0.1412456 3.1826 0.2711063 -1.800118 -0.1412456 -1.800118 9.262398 -1.800081 10.13518 3.182637 10.13518 -1.800081 -0.8610962 -1.800118 -0.738137 3.1826 -0.738137 -1.800118 9.262398 -1.800081 10.13518 3.182637 9.262393 3.182637 2.271954 -1.800118 2.787583 3.1826 2.787588 -1.800118 -3.698117 3.1826 -3.565279 -1.800118 -3.565284 3.1826 -2.257514 -1.800081 -2.028914 3.182637 -2.028914 -1.800081 2.271954 -1.800118 2.787583 3.1826 2.271949 3.1826 -3.698112 -1.800118 -3.565284 3.1826 -3.565279 -1.800118 -0.738137 -1.800118 -0.8610962 3.1826 -0.8610962 -1.800118 11.93548 -1.800118 11.47549 3.1826 11.47549 -1.800118 10.13518 -1.800081 10.36004 3.182637 10.13518 3.182637 11.47549 -1.800118 11.93548 3.1826 11.93548 -1.800118 10.36005 -1.800081 10.13518 3.182637 10.36004 3.182637 -2.257514 -1.800081 -2.855887 3.182637 -2.855887 -1.800081 -0.8610962 -1.800118 -0.738137 3.1826 -0.738137 -1.800118 -3.817969 3.1826 -4.337736 -1.800118 -3.817965 -1.800118 -2.855887 -1.800081 -2.257514 3.182637 -2.257514 -1.800081 5.02068 -1.800118 5.616 3.1826 5.616005 -1.800118 0.2711063 3.1826 -0.1412456 -1.800118 0.2711063 -1.800118 6.691731 -1.800118 6.02787 -0.5301185 6.02787 -1.800118 -21.36192 -1.800118 -21.69212 -0.5301185 -21.69212 -1.800118 -21.69212 -1.800118 -21.36192 -0.5301185 -21.36192 -1.800118 9.841494 -1.800118 9.185952 -0.5301185 9.185952 -1.800118 -21.69212 -1.800118 -21.36192 -0.5301185 -21.36192 -1.800118 6.02787 -1.800118 6.691731 -0.5301185 6.691731 -1.800118 -21.36192 -1.800118 -21.69212 -0.5301185 -21.69212 -1.800118 9.185952 -1.800118 9.841494 -0.5301185 9.841494 -1.800118 -21.36192 1.882881 -21.69212 3.1826 -21.69212 1.882881 9.185952 1.882881 9.841494 3.1826 9.841494 1.882881 -21.36192 9.841494 -21.69212 9.185952 -21.36192 9.185952 -21.36192 6.691731 -21.69212 6.02787 -21.36192 6.02787 6.02787 1.882881 6.691731 3.1826 6.02787 3.1826 -21.69212 1.882881 -21.36192 3.1826 -21.36192 1.882881 9.185952 1.882881 9.841494 3.1826 9.185952 3.1826 -21.69212 1.882881 -21.36192 3.1826 -21.36192 1.882881 6.02787 1.882881 6.691731 3.1826 6.691731 1.882881 -21.36192 1.882881 -21.69212 3.1826 -21.69212 1.882881 -5.275325 0.2328975 -6.131573 3.182636 -5.275325 3.182636 10.13518 0.2329349 10.36005 3.182674 10.36005 0.2329349 10.36005 0.2329349 10.13518 -1.800081 10.36005 -1.800081 10.10828 0.2328975 10.27676 -1.800118 10.10828 -1.800118 10.13518 0.2329349 10.36005 -1.800081 10.13518 -1.800081 -2.855887 10.36005 -3.72105 10.13518 -2.855887 10.13518 -6.131573 10.10828 -5.275325 10.27676 -6.131573 10.27676 10.10828 0.2328975 10.27676 3.182636 10.27676 0.2328975 -3.72105 0.2329349 -2.855887 3.182674 -3.72105 3.182674 10.36005 0.2329349 10.13518 3.182674 10.13518 0.2329349 -5.275325 0.2328975 -6.131573 3.182636 -6.131573 0.2328975 10.10828 0.2328975 10.27676 3.182636 10.10828 3.182636 -2.855887 0.2329349 -3.72105 3.182674 -2.855887 3.182674 -1.670418 0.2318816 -2.490145 3.1826 -2.490145 0.2318816 -2.688466 0.2318816 -2.576085 -1.800118 -2.688466 -1.800118 -2.855887 10.36005 -3.72105 10.13518 -3.72105 10.36005 -2.688466 1.248674 -2.576085 2.057823 -2.576085 1.248674 1.116461 0.2318816 1.004079 -1.800118 1.116461 -1.800118 1.004079 0.2318816 1.116461 -1.800118 1.004079 -1.800118 -1.670418 1.004079 -2.490145 1.116461 -1.670418 1.116461 -1.670418 1.004079 -2.490145 1.116461 -2.490145 1.004079 -2.576085 1.248674 -2.688466 2.057823 -2.688466 1.248674 1.248674 0.2318816 2.057823 3.1826 2.057823 0.2318816 -2.490145 0.2318816 -1.670418 3.1826 -1.670418 0.2318816 1.004079 0.2318816 1.116461 3.1826 1.004079 3.1826 1.248674 0.2318816 2.057823 3.1826 1.248674 3.1826 -2.576085 0.2318816 -2.688466 3.1826 -2.688466 0.2318816 -2.688466 0.2318816 -2.576085 3.1826 -2.576085 0.2318816 -21.36192 9.841494 -21.69212 9.185952 -21.69212 9.841494 -21.36192 6.691731 -21.69212 6.02787 -21.69212 6.691731 -21.69212 9.841494 -21.36192 9.185952 -21.36192 9.841494 -21.69212 6.691731 -21.36192 6.02787 -21.36192 6.691731 2.996906 0.2321383 3.123151 -1.799862 2.996906 -1.799862 0 0 0 0 0 0 2.787588 0.2318816 5.02068 3.1826 5.02068 0.2318816 -0.738137 2.787588 -0.8610962 5.02068 -0.8610962 2.787588 -0.738137 0.2318816 -0.8610962 3.1826 -0.8610962 0.2318816 2.787588 0.2318816 5.02068 3.1826 2.787588 3.1826 -0.8610962 0.2318816 -0.738137 3.1826 -0.738137 0.2318816 -3.668888 0.2318818 -3.565279 3.1826 -3.668888 3.1826 14.03818 0.2318818 13.20634 3.1826 13.20634 0.2318818 17.27913 0.231919 17.48219 -1.800081 17.27913 -1.800081 13.20634 -3.565279 14.03818 -3.668888 13.20634 -3.668888 17.48219 -1.676964 17.27913 -2.786558 17.27913 -1.676964 17.27913 -1.676964 17.48219 -2.786558 17.48219 -1.676964 13.20634 -3.668888 14.03818 -3.565279 13.20634 -3.565279 -2.786558 0.231919 -1.676964 3.182637 -1.676964 0.231919 17.48219 0.231919 17.27913 3.182637 17.27913 0.231919 13.20634 0.2318818 14.03818 3.1826 14.03818 0.2318818 -3.668888 0.2318818 -3.565279 3.1826 -3.565279 0.2318818 -2.786558 0.231919 -1.676964 3.182637 -2.786558 3.182637 17.27913 0.231919 17.48219 3.182637 17.48219 0.231919 7.409123 -1.800118 8.616111 -0.8857182 8.616111 -1.800118 10.21436 -1.800118 8.966939 -0.8857182 8.966939 -1.800118 5.81705 -1.800118 4.574241 -0.8857182 4.574241 -1.800118 -3.565279 -1.800118 -3.698112 -0.8857182 -3.698112 -1.800118 -3.565279 -1.800118 -3.698112 -0.8857182 -3.698112 -1.800118 8.966939 -1.800118 10.21436 -0.8857182 10.21436 -1.800118 4.574241 -1.800118 5.81705 -0.8857182 5.81705 -1.800118 -3.565279 -1.800118 -3.698112 -0.8857182 -3.698112 -1.800118 11.47549 -1.800118 10.21436 -0.8857182 10.21436 -1.800118 7.056554 -1.800118 5.81705 -0.8857182 5.81705 -1.800118 -3.698112 0.3334818 -3.565279 3.1826 -3.698112 3.1826 5.81705 0.3334818 7.056554 3.1826 7.056554 0.3334818 10.21436 0.3334818 8.966939 3.1826 10.21436 3.1826 5.81705 0.3334818 7.056554 3.1826 5.81705 3.1826 10.21436 0.3334818 8.966939 3.1826 8.966939 0.3334818 -3.565279 0.3334818 -3.698112 -0.8857182 -3.565279 -0.8857182 11.47549 -3.565279 10.21436 -3.698112 11.47549 -3.698112 10.21436 -3.698112 8.966939 -3.565279 8.966939 -3.698112 8.616111 -3.565279 7.409123 -3.698112 8.616111 -3.698112 7.056554 -3.565279 5.81705 -3.698112 7.056554 -3.698112 5.81705 -3.698112 4.574241 -3.565279 4.574241 -3.698112 -3.698112 0.3334818 -3.565279 3.1826 -3.698112 3.1826 -3.698112 0.3334818 -3.565279 3.1826 -3.565279 0.3334818 5.81705 0.3334818 4.574241 3.1826 4.574241 0.3334818 8.616111 0.3334818 7.409123 3.1826 7.409123 0.3334818 10.21436 0.3334818 11.47549 3.1826 10.21436 3.1826 5.81705 0.3334818 4.574241 3.1826 5.81705 3.1826 7.409123 0.3334818 8.616111 3.1826 8.616111 0.3334818 10.21436 0.3334818 11.47549 3.1826 11.47549 0.3334818 -3.698112 0.3334818 -3.565279 3.1826 -3.698112 3.1826 -3.698112 0.3334818 -3.565279 3.1826 -3.565279 0.3334818 5.81705 -3.565279 4.574241 -3.698112 5.81705 -3.698112 7.056554 -3.565279 5.81705 -3.698112 7.056554 -3.698112 8.616111 -3.565279 7.409123 -3.698112 8.616111 -3.698112 10.21436 -3.565279 8.966939 -3.698112 10.21436 -3.698112 10.21436 -3.698112 11.47549 -3.565279 10.21436 -3.565279 8.616111 -3.698112 7.409123 -3.565279 8.616111 -3.565279 10.21436 -3.698112 8.966939 -3.565279 10.21436 -3.565279 10.21436 -3.565279 11.47549 -3.698112 10.21436 -3.698112 5.81705 -3.698112 4.574241 -3.565279 5.81705 -3.565279 7.056554 -3.698112 5.81705 -3.565279 7.056554 -3.565279 13.37149 5.844605 16.15404 5.616005 13.37149 5.616005 -2.257514 -1.800081 -2.028914 -0.885681 -2.028914 -1.800081 3.130045 -1.800081 5.88332 -0.885681 5.88332 -1.800081 -2.028914 -1.800081 -2.257514 -0.885681 -2.257514 -1.800081 5.844605 -1.800081 5.616005 -0.885681 5.616005 -1.800081 7.11283 -1.800081 8.187615 -0.885681 8.187615 -1.800081 5.88332 -1.800081 3.130045 -0.885681 3.130045 -1.800081 5.616005 -1.800081 5.844605 -0.885681 5.844605 -1.800081 13.37149 -1.800081 16.15404 -0.885681 16.15404 -1.800081 9.262398 -1.800081 8.187615 -0.885681 8.187615 -1.800081 7.11283 0.638319 9.262398 3.182636 7.11283 3.182636 5.616005 0.638319 5.844605 3.182636 5.844605 0.638319 16.15404 0.638319 13.37149 3.182636 13.37149 0.638319 13.37149 5.616005 16.15404 5.844605 13.37149 5.844605 3.130045 5.616005 5.88332 5.844605 3.130045 5.844605 3.130045 5.844605 5.88332 5.616005 3.130045 5.616005 -2.028914 9.262398 -2.257514 7.11283 -2.257514 9.262398 5.844605 0.638319 5.616005 -0.885681 5.844605 -0.885681 -2.257514 7.11283 -2.028914 8.187615 -2.257514 8.187615 3.130045 5.616005 5.88332 5.844605 3.130045 5.844605 13.37149 5.616005 16.15404 5.844605 13.37149 5.844605 -2.257514 7.11283 -2.028914 9.262398 -2.257514 9.262398 5.616005 0.638319 5.844605 3.182636 5.616005 3.182636 -2.028914 0.638319 -2.257514 3.182636 -2.257514 0.638319 5.844605 0.638319 5.616005 3.182636 5.616005 0.638319 3.130045 0.638319 5.88332 3.182636 5.88332 0.638319 -2.257514 0.638319 -2.028914 3.182636 -2.028914 0.638319 13.37149 0.638319 16.15404 3.182636 16.15404 0.638319 5.88332 0.638319 3.130045 3.182636 3.130045 0.638319 7.11283 0.638319 9.262398 3.182636 9.262398 0.638319 5.616005 0.638319 5.844605 3.182636 5.844605 0.638319 17.48219 -3.908525 17.27913 -2.786558 17.48219 -2.786558 -4.327841 10.10761 -4.978886 9.59835 -4.979789 10.10761 -3.72105 10.36005 -5.275326 10.10761 -5.275326 10.36005 -21.36192 10.10828 -6.131573 10.27676 -6.131573 10.10828 -21.36192 6.02787 -21.69212 4.570463 -21.69212 6.02787 -21.36192 6.691731 -21.69212 6.02787 -21.69212 6.691731 -21.36192 9.185952 -21.69212 6.691731 -21.69212 9.185952 -21.36192 9.841494 -21.69212 9.185952 -21.69212 9.841494 -21.36192 10.10828 -21.69212 9.841494 -21.69212 10.10828 -21.36192 10.27676 -21.69212 10.10828 -21.69212 10.27676 -21.36192 4.570463 -21.69212 -3.90029 -21.69212 4.570463 -21.36192 -3.90029 -21.69212 -4.337736 -21.69212 -3.90029 -21.36192 -3.90029 -4.791924 -4.337736 -21.36192 -4.337736 -4.360146 -0.5347681 -4.791924 -3.378201 -4.791924 -0.5347676 -4.791924 -0.4280086 -4.360146 2.156228 -4.360146 -0.428009 -4.638107 2.933373 -4.791924 2.271954 -4.791924 2.933373 -4.462787 4.564576 -4.791924 4.219956 -4.791924 4.564576 -2.173981 2.271954 -4.360146 2.156228 -4.360146 2.271954 -4.360146 2.271954 -4.791924 2.156228 -4.791924 2.271954 -4.360146 -0.428009 -4.791924 -0.5347676 -4.791924 -0.4280086 -4.360146 -0.5309429 -0.850785 -0.4337473 -0.850785 -0.5309429 -4.091248 -4.337736 -4.360146 -4.337736 -4.360146 -3.90029 -4.791924 -3.90029 -4.791924 -3.378201 -4.360146 -3.378201 -0.1412456 -4.337736 0.2711063 -3.817965 0.2711063 -4.337736 -0.1412456 -4.337736 0.2711063 -10.65804 -0.1412456 -10.65804 12.83796 -10.53059 0.271106 -10.65804 0.271106 -10.53059 2.996906 -10.53059 3.123151 -10.45046 3.123151 -10.53059 3.123151 -8.751254 2.996906 -3.703939 3.123151 -3.703939 3.275239 -3.698112 3.123151 -3.565279 3.275239 -3.565279 2.996906 -1.718365 3.123151 -3.703939 2.996906 -3.703939 2.996906 -1.718365 2.899672 -1.608377 2.996906 -1.608377 3.123151 -1.718365 2.996906 -1.608377 3.123151 -1.608377 -0.850786 -1.718365 -0.738405 -3.817965 -0.850786 -3.817965 2.066004 -1.718365 -0.738405 -1.608377 2.066004 -1.608377 -0.738405 -1.608377 -0.850786 -1.718365 -0.850786 -1.608377 -0.738405 -1.49897 -0.850786 -1.608377 -0.850786 -1.49897 -0.8440826 1.004079 -0.7407901 -0.4337473 -0.850785 -0.4337473 -0.850785 -0.5309429 -0.7407901 -0.4337473 -0.7407901 -0.5309429 -0.850785 -0.6388254 -0.7407901 -0.5309429 -0.7407901 -0.6388254 -0.8440826 1.004079 -1.670418 1.116461 -0.8440826 1.116461 -0.7407901 1.004079 -0.8440826 1.116461 -0.7407901 1.116461 -2.490145 1.004079 -2.576085 1.116461 -2.490145 1.116461 -2.688466 2.057823 -2.576085 2.156228 -2.576085 2.057823 -0.8610962 2.271954 -0.738137 2.787588 -0.738137 2.271954 -0.8610962 2.271954 -1.3331 2.156228 -1.3331 2.271954 -0.8610962 2.156228 -0.738137 2.271954 -0.738137 2.156228 -0.8610962 5.02068 -0.738137 5.616005 -0.738137 5.02068 -2.028914 5.844605 3.130045 5.616005 -2.028914 5.616005 -2.257514 5.844605 -2.028914 7.11283 -2.028914 5.844605 -2.257514 5.616005 -2.028914 5.844605 -2.028914 5.616005 -2.028914 8.187615 -2.257514 7.11283 -2.257514 8.187615 -2.257514 9.262398 -2.028914 10.13518 -2.028914 9.262398 -2.028914 10.13518 -2.257514 10.36005 -2.028914 10.36005 -2.257514 10.36005 -2.855887 10.13518 -2.855887 10.36005 12.98716 -10.53059 12.83796 -3.668888 12.98716 -3.668888 12.98716 -3.565279 13.20634 -3.668888 12.98716 -3.668888 12.83796 -3.668888 12.98716 -3.565279 12.98716 -3.668888 14.35494 -3.908525 17.27913 -3.801102 17.27913 -3.908525 14.03818 -3.565279 14.24752 -3.668888 14.03818 -3.668888 14.24752 -3.668888 14.35494 -3.565279 14.35494 -3.668888 14.35494 -3.801102 14.24752 -3.908525 14.24752 -3.801102 17.48219 5.616005 17.27913 -1.676964 17.27913 5.616005 16.15404 5.844605 17.27913 5.616005 16.15404 5.616005 17.27913 5.844605 17.48219 5.616005 17.27913 5.616005 -2.028914 9.262398 -2.257514 8.187615 -2.257514 9.262398 -2.257514 8.187615 -2.028914 9.262398 -2.257514 9.262398 8.187615 -1.800081 7.11283 -0.885681 7.11283 -1.800081 8.187615 -1.800081 9.262398 -0.885681 9.262398 -1.800081 -3.815544 -1.799862 -3.92424 3.1826 -3.92424 -1.799862 1.265093 -3.81797 1.265093 -2.614203 1.389029 -3.815544 0.2711067 -3.92424 1.265093 -3.81797 1.265093 -3.92424 -3.92424 3.1826 -10.53059 -1.799862 -3.92424 -1.799862 1.389029 -1.799862 1.265093 3.1826 1.265093 -1.799862 -10.53059 3.1826 -3.92424 -1.799862 -10.53059 -1.799862 1.389029 -1.807117 1.265093 -1.71837 1.265093 -1.807117 1.265093 -3.81797 1.389029 -3.92424 1.389029 -3.815544 1.265093 -3.81797 0.2711067 -3.92424 1.265093 -3.92424 1.265093 -10.53059 1.389029 -3.92424 1.265093 -3.92424 -1.807117 3.1826 -1.71837 -1.799862 -1.807117 -1.799862 1.265093 -1.799862 1.389029 3.1826 1.389029 -1.799862 -3.92424 -1.799862 -3.81797 3.1826 -3.81797 -1.799862 1.389029 3.1826 1.265093 -1.799862 1.389029 -1.799862 1.265093 -1.799862 0.2711067 3.1826 0.2711067 -1.799862 -1.71837 3.1826 -1.807117 -1.799862 -1.71837 -1.799862 1.265093 -1.799862 0.2711067 3.1826 1.265093 3.1826 1.265093 3.1826 1.389029 -1.799862 1.265093 -1.799862 -2.614203 -1.799862 -3.815544 3.1826 -3.815544 -1.799862 1.389029 3.1826 1.265093 -1.799862 1.389029 -1.799862 -3.81797 -1.799862 -2.614203 3.1826 -2.614203 -1.799862 -1.807117 3.1826 -2.614203 0.2401382 -1.807117 0.2401382 1.389029 -1.799862 1.265093 0.2401382 1.265093 -1.799862 1.265093 -1.807117 1.389029 -2.614203 1.265093 -2.614203 1.265093 -1.799862 1.389029 0.2401382 1.389029 -1.799862 1.265093 -1.807117 1.389029 -2.614203 1.389029 -1.807117 1.265093 3.1826 1.389029 0.2401382 1.265093 0.2401382 -2.614203 3.1826 -1.807117 0.2401382 -2.614203 0.2401382 1.389029 3.1826 1.265093 0.2401382 1.389029 0.2401382 0 0 0 0 0 0 0 0 1 1 0 1 0 0 1 0 1 0 13.37149 5.844605 16.15404 5.616005 13.37149 5.616005 13.37149 5.616005 5.88332 5.844605 13.37149 5.844605 3.130045 5.844605 5.88332 5.616005 3.130045 5.616005 8.966939 -3.565279 10.21436 -3.698112 8.966939 -3.698112 10.21436 -3.565279 11.47549 -3.698112 10.21436 -3.698112 11.93548 -3.698112 11.47549 -3.565279 11.93548 -3.565279 8.966939 -3.698112 8.616111 -3.565279 8.966939 -3.565279 8.616111 -3.698112 7.409123 -3.565279 8.616111 -3.565279 7.409123 -3.698112 7.056554 -3.565279 7.409123 -3.565279 7.056554 -3.698112 5.81705 -3.565279 7.056554 -3.565279 5.81705 -3.698112 4.574241 -3.565279 5.81705 -3.565279 4.574241 -3.698112 4.134629 -3.565279 4.574241 -3.565279 1.389029 -10.53059 1.265093 -3.92424 1.389029 -3.92424 12.98142 3.1826 12.83796 -1.800118 12.98142 -1.800118 12.98716 -10.53059 12.83796 -10.65804 12.83796 -10.53059 0 0 0 0 0 0 0 0 -0.1412456 -1.800118 -4.091248 -1.800118 -3.698112 -1.800118 7.056554 -3.565284 -3.565279 -1.800118 4.134629 3.1826 4.134629 -1.800118 4.134629 -1.800118 1 1 1 0 1 0 3.275239 -1.800118 3.275239 -3.565284 3.275239 3.1826 1 0 0 1 0 0 0 0 0 1 0 1 0 1 1 1 1 1 0 0 1 0 0 0 0 0 1 1 1 0 1 0 0 1 0 0 1 0 1 1 1 1 0 1 1 0 0 0 0 1 0 0 0 0 1 1 0 1 0 1 0 0 1 0 1 0 0 1 1 0 0 0 1 1 1 0 1 1 0 1 0 0 0 0 1 1 0 1 0 1 0 0 1 1 0 1 0 1 1 0 0 0 1 1 1 0 1 1 0 1 0 0 0 0 1 1 0 1 0 1 0 0 1 0 1 0 1 0 0 1 0 0 1 0 1 1 1 1 0 1 1 0 0 0 0 1 0 0 0 0 1 1 0 1 0 1 0 0 1 0 1 0 0 0 0 0 0 0 2.996906 -8.751254 3.123151 -10.45046 2.996906 -10.45046 3.123151 -8.751258 2.996906 -8.751258 2.996906 -8.751258 0 0 0 0 0 0 2.996906 -10.45047 3.123151 -10.45047 3.123151 -10.45047 0 0 0 0 0 0 -2.576085 1.116461 -2.688466 -1.800118 1.116461 -1.800118 0 0 0 0 0 0 -0.5347681 -1.800118 -0.5347734 3.1826 -3.378205 3.1826 -0.5347676 -1.800118 -0.5347729 3.1826 -0.4280138 3.1826 16.15404 -1.800081 16.15404 -0.885681 13.37149 -0.885681 2.996906 -1.799862 2.996906 3.182856 3.123151 3.182856 5.616005 -1.800081 5.616005 -0.885681 5.844605 -0.885681 -3.817965 -1.799862 -3.817969 3.182856 -1.71837 3.182856 4.570463 -1.800118 4.570458 3.1826 6.027865 3.1826 -3.703939 -1.799862 -1.718365 -1.799862 -1.71837 3.182856 -3.817965 -1.799862 -1.718365 -1.799862 -1.71837 3.182856 4.570463 -1.800118 6.02787 -1.800118 6.027865 3.1826 5.844605 -1.800081 5.844605 -0.885681 5.616005 -0.885681 -3.703939 -1.799862 -3.703944 3.182856 -1.71837 3.182856 -0.738405 -1.799862 -0.738405 3.182856 -0.850786 3.182856 -21.36192 -1.800118 -21.36192 3.1826 -21.69212 3.1826 10.27676 0.2328975 10.10828 0.2328975 10.10828 -1.800118 -1.608377 -1.799862 -1.49897 -1.799862 -1.498975 3.182856 -21.69212 -1.800118 -21.69212 3.1826 -21.36192 3.1826 -8.751254 -1.799862 -3.703939 -1.799862 -3.703944 3.182856 -1.608377 -1.799862 -1.608383 3.182856 -1.498975 3.182856 -8.751254 -1.799862 -8.751258 3.182856 -3.703944 3.182856 -0.850786 -1.799862 -0.850786 3.182856 -0.738405 3.182856 -1.718365 -1.799862 -1.71837 3.182856 -1.608383 3.182856 6.691731 -1.800118 6.691726 3.1826 9.185947 3.1826 3.123151 -1.799862 3.123151 3.182856 2.996906 3.182856 3.123151 -1.800118 3.123151 3.1826 3.275239 3.1826 6.691731 -1.800118 9.185952 -1.800118 9.185947 3.1826 2.996906 -1.799862 2.996906 3.182856 3.123151 3.182856 3.123151 -1.800118 3.275239 -1.800118 3.275239 3.1826 -21.36192 -1.800118 -21.36192 3.1826 -21.69212 3.1826 -10.53059 -1.799862 -10.45046 -1.799862 -10.45047 3.182856 -3.698112 -1.800118 -3.698117 3.1826 -3.565284 3.1826 3.123151 -1.799862 3.123151 3.182856 2.996906 3.182856 -10.53059 -1.799862 -10.53059 3.182856 -10.45047 3.182856 -21.69212 -1.800118 -21.69212 3.1826 -21.36192 3.1826 0.271106 -1.800118 0.271106 3.1826 12.83796 3.1826 -0.1412456 -4.337736 -0.1412456 -4.574707 -0.1412456 -4.054935 12.83796 -1.800118 12.83796 3.1826 0.271106 3.1826 -10.65804 -1.800118 -10.65804 3.1826 -10.53059 3.1826 9.841494 -1.800118 9.841489 3.1826 10.10828 3.1826 -4.337741 3.1826 -10.65804 3.1826 -10.65804 -1.800118 9.841494 -1.800118 10.10828 -1.800118 10.10828 3.1826 -10.65804 -1.800118 -10.65804 3.1826 -4.337741 3.1826 -21.36192 -1.800118 -21.36192 3.1826 -21.69212 3.1826 -4.091248 -1.800118 -0.1412456 -1.800118 -0.1412456 3.1826 -21.69212 -1.800118 -21.69212 3.1826 -21.36192 3.1826 4.134629 -1.800118 4.134629 3.1826 4.574241 3.1826 4.574241 -1.800118 4.574241 3.1826 4.134629 3.1826 10.10828 -1.800118 10.10828 3.1826 10.27676 3.1826 -3.668888 0.2318818 -3.565279 0.2318818 -3.565279 -1.800118 -21.36192 -1.800118 -21.36192 3.1826 -6.131573 3.1826 10.10828 -1.800118 10.27676 -1.800118 10.27676 3.1826 -6.131573 -1.800118 -6.131573 3.1826 -21.36192 3.1826 -4.091248 -1.800118 -4.091248 3.1826 -4.360146 3.1826 -3.698112 -1.800118 -3.565279 -1.800118 -3.565284 3.1826 -3.698112 -1.800118 -3.698112 -0.8857182 -3.565279 -0.8857182 8.616111 -1.800118 8.616111 -0.8857182 7.409123 -0.8857182 -4.360146 -1.800118 -4.360146 3.1826 -4.091248 3.1826 5.81705 -1.800118 5.81705 -0.8857182 7.056554 -0.8857182 -3.378201 -1.800118 -3.378205 3.1826 -0.5347729 3.1826 10.21436 -1.800118 10.21436 -0.8857182 11.47549 -0.8857182 -3.698112 -1.800118 -3.698112 -0.8857182 -3.565279 -0.8857182 -4.337736 -1.800118 -3.379093 -1.800118 -3.379098 3.1826 -4.979789 -1.800081 -4.979789 3.182637 -4.327841 3.182637 7.056554 -1.800118 7.056554 3.1826 7.409123 3.1826 10.10761 -1.800081 10.10761 3.182637 9.598345 3.1826 -3.379093 -1.800118 -4.337736 -1.800118 -4.337741 3.1826 7.409123 -1.800118 7.409123 3.1826 7.056554 3.1826 -4.326938 -1.800118 -4.326938 3.1826 -4.978886 3.1826 10.10761 -1.800081 9.59835 -1.800118 9.598345 3.1826 -5.275326 -1.800081 -5.275326 3.182637 -3.72105 3.182637 -3.72105 -1.800081 -3.72105 3.182637 -5.275326 3.182637 -3.698112 -1.800118 -3.565279 -1.800118 -3.565284 3.1826 10.36005 -1.800081 10.10761 -1.800081 10.10761 3.182637 8.616111 -1.800118 8.616111 3.1826 8.966939 3.1826 8.966939 -1.800118 8.966939 3.1826 8.616111 3.1826 -3.698112 -1.800118 -3.698117 3.1826 -3.565284 3.1826 -6.131573 10.27676 -5.275325 10.27676 -5.275325 10.10828 -2.576085 0.2318816 -2.688466 0.2318816 -2.688466 -1.800118 10.10761 -1.800081 10.36005 -1.800081 10.36004 3.182637 -0.8610962 2.787588 -0.8610962 5.02068 -0.738137 5.02068 -3.698112 -1.800118 -3.565279 -1.800118 -3.565284 3.1826 5.02068 -1.800118 5.616005 -1.800118 5.616 3.1826 -2.028914 5.616 -2.028914 5.8446 -2.257514 5.8446 -2.028914 5.8446 -2.028914 5.616 3.130045 5.616 5.88332 5.8446 5.88332 5.616 13.37149 5.616 16.15404 5.616 17.27913 5.616 17.27913 5.8446 17.27913 5.616 17.48219 5.616 17.48219 5.8446 17.27913 5.616 17.27913 -1.676969 17.48219 -1.676969 17.27913 -2.786563 17.27913 -3.90853 17.48219 -3.90853 -2.257514 5.8446 -2.028914 5.8446 -2.028914 7.112824 -2.028914 9.262393 -2.028914 10.13518 -2.257514 10.13518 -2.028914 10.13518 -2.028914 10.36004 -2.257514 10.36004 -2.257514 10.36004 -2.855887 10.36004 -2.855887 10.13518 -3.72105 10.36004 -5.275326 10.36004 -5.275326 10.10761 -4.978886 9.598345 -4.326938 9.598345 -4.327841 10.10761 -6.131573 10.10828 -6.131573 10.27676 -21.36192 10.27676 -21.36192 10.27676 -21.69212 10.27676 -21.69212 10.10828 -21.36192 10.10828 -21.69212 10.10828 -21.69212 9.841489 -21.36192 9.185947 -21.69212 9.185947 -21.69212 6.691726 -21.69212 6.027865 -21.69212 4.570458 -21.36192 4.570458 -21.69212 4.570458 -21.69212 -3.900294 -21.36192 -3.900294 -21.69212 -3.900294 -21.69212 -4.337741 -21.36192 -4.337741 -21.36192 -4.337741 -4.791924 -4.337741 -4.791924 -3.900294 -4.791924 -4.337741 -4.360146 -4.337741 -4.360146 -3.900294 -4.360146 2.156223 -4.360146 2.271949 -4.791924 2.271949 -4.638107 2.271949 -4.638107 2.933368 -4.791924 2.933368 -4.638107 4.219951 -4.638107 4.564571 -4.791924 4.564571 -4.638107 2.933368 -4.638107 4.219951 -4.791924 4.219951 -4.638107 4.219951 -4.462787 4.219951 -4.462787 4.564571 -4.791924 -0.4280138 -4.360146 -0.4280143 -4.360146 2.156223 -4.360146 2.156223 -2.173981 2.156223 -2.173981 2.271949 -4.791924 -3.900294 -4.360146 -3.900294 -4.360146 -3.378205 -0.1412456 -10.65804 0.2711063 -10.65804 0.2711063 -4.337741 12.83796 -10.65804 12.83796 -10.53059 0.271106 -10.53059 -4.360146 -4.337741 -4.091248 -4.337741 -4.091248 -3.379098 0.2711063 -4.337741 0.2711063 -3.817969 -0.1412456 -3.817969 -4.091248 -4.337741 -0.1412456 -4.337741 -0.1412456 -3.817969 3.123151 -10.53059 3.123151 -10.45047 2.996906 -10.45047 3.123151 -8.751258 3.123151 -3.703944 2.996906 -3.703944 3.123151 -3.703944 3.123151 -1.71837 2.996906 -1.71837 3.123151 -1.71837 3.123151 -1.608383 2.996906 -1.608383 2.996906 -1.608383 2.899672 -1.608383 2.899672 -1.71837 2.066004 -1.608383 -0.738405 -1.608383 -0.738405 -1.71837 12.83796 -10.65804 12.98142 -10.65804 12.98142 -10.53059 12.98716 -10.53059 12.98716 -3.668893 12.83796 -3.668893 12.98716 -3.668893 12.98716 -3.565284 12.83796 -3.565284 12.98716 -3.565284 12.98716 -3.668893 13.20634 -3.668893 14.03818 -3.668893 14.24752 -3.668893 14.24752 -3.565284 14.24752 -3.668893 14.35494 -3.668893 14.35494 -3.565284 14.24752 -3.668893 14.24752 -3.801106 14.35494 -3.801106 14.24752 -3.801106 14.24752 -3.90853 14.35494 -3.90853 14.35494 -3.90853 17.27913 -3.90853 17.27913 -3.801106 11.93548 -3.565284 11.47549 -3.565284 11.47549 -3.698117 8.966939 -3.565284 8.616111 -3.565284 8.616111 -3.698117 7.409123 -3.565284 7.056554 -3.565284 7.056554 -3.698117 4.574241 -3.565284 4.134629 -3.565284 4.134629 -3.698117 3.275239 -3.698117 3.275239 -3.565284 3.123151 -3.565284 -0.738405 -1.608383 -0.850786 -1.608383 -0.850786 -1.71837 -0.850786 -1.608383 -0.738405 -1.608383 -0.738405 -1.498975 -0.850786 -1.71837 -0.850786 -3.817969 -0.738405 -3.817969 -4.360146 -3.378205 -4.360146 -0.5347734 -4.791924 -0.5347729 -4.791924 -0.5347729 -4.360146 -0.5347734 -4.360146 -0.4280143 -4.360146 -0.5309482 -0.850785 -0.5309482 -0.850785 -0.4337525 -0.850785 -0.5309482 -0.7407901 -0.5309482 -0.7407901 -0.4337525 -0.7407901 -0.5309482 -0.850785 -0.5309482 -0.850785 -0.6388307 -0.7407901 -0.4337525 -0.7407901 1.004074 -0.8440826 1.004074 -0.7407901 1.004074 -0.7407901 1.116456 -0.8440826 1.116456 -0.8440826 1.116456 -1.670418 1.116456 -1.670418 1.004074 -2.490145 1.116456 -2.576085 1.116456 -2.576085 1.004074 -2.576085 1.116456 -2.688466 1.116456 -2.688466 1.004074 -2.576085 1.116456 -2.576085 1.248669 -2.688466 1.248669 -2.576085 2.057818 -2.576085 2.156223 -2.688466 2.156223 -1.3331 2.156223 -0.8610962 2.156223 -0.8610962 2.271949 -0.8610962 2.156223 -0.738137 2.156223 -0.738137 2.271949 -0.738137 2.271949 -0.738137 2.787583 -0.8610962 2.787583 -0.738137 5.020675 -0.738137 5.616 -0.8610962 5.616 -1.718365 -1.799862 -1.608377 -1.799862 -1.608383 3.182856 -1.718365 -1.799862 -1.71837 3.182856 -1.608383 3.182856 5.616005 -1.800081 5.616 3.182637 5.8446 3.182637 -0.5347681 -1.800118 -0.428009 -1.800118 -0.4280143 3.1826 2.996906 -1.799862 2.996906 3.182856 2.899672 3.182856 -3.90029 -1.800118 -3.900294 3.1826 4.570458 3.1826 -2.028914 -1.800081 -2.028914 3.182637 -2.257514 3.182637 -0.4280086 -1.800118 -0.4280138 3.1826 2.156223 3.1826 2.899672 -1.799862 2.899672 3.182856 2.996906 3.182856 -3.90029 -1.800118 4.570463 -1.800118 4.570458 3.1826 5.616005 -1.800081 5.616 3.182637 5.8446 3.182637 -1.718365 -1.799862 -1.608377 -1.799862 -1.608383 3.182856 -21.36192 -1.800118 -21.36192 3.1826 -21.69212 3.1826 -4.337736 -1.800118 -4.337741 3.1826 -3.900294 3.1826 -4.337736 -1.800118 -4.337741 3.1826 -3.900294 3.1826 2.066004 -1.799862 2.066004 3.182856 -0.738405 3.182856 5.844605 -1.800081 5.8446 3.182637 5.616 3.182637 -0.850785 -1.800118 -4.360146 -1.800118 -4.360146 3.1826 -0.738405 -1.799862 -0.738405 3.182856 2.066004 3.182856 -2.028914 -1.800081 -2.028914 3.182637 3.130045 3.182637 -0.850785 -1.800118 -0.850785 3.1826 -4.360146 3.1826 -10.65804 -1.800118 -10.53059 -1.800118 -10.53059 3.1826 3.130045 -1.800081 3.130045 3.182637 -2.028914 3.182637 -0.5309429 -1.800118 -0.4337473 -1.800118 -0.4337525 3.1826 -21.36192 -1.800118 -21.36192 3.1826 -4.791924 3.1826 -4.791924 -1.800118 -4.791924 3.1826 -21.36192 3.1826 12.83796 3.1826 12.98716 3.1826 12.98716 -1.800118 -4.337736 -1.800118 -3.90029 -1.800118 -3.900294 3.1826 5.616005 -1.800081 5.616 3.182637 5.8446 3.182637 -0.5309429 -1.800118 -0.5309482 3.1826 -0.6388307 3.1826 -4.360146 -1.800118 -4.360146 3.1826 -4.791924 3.1826 -0.6388254 -1.800118 -0.6388307 3.1826 -0.5309482 3.1826 -4.360146 -1.800118 -4.791924 -1.800118 -4.791924 3.1826 -10.53059 -1.800118 -10.53059 3.1826 -3.668893 3.1826 -3.90029 -1.800118 -3.900294 3.1826 -3.378205 3.1826 5.844605 -1.800081 5.8446 3.182637 5.616 3.182637 -0.4337473 -1.800118 -0.4337525 3.1826 1.004074 3.1826 -10.53059 -1.800118 -3.668888 -1.800118 -3.668893 3.1826 2.156228 -1.800118 2.271954 -1.800118 2.271949 3.1826 5.88332 -1.800081 5.88332 3.182637 13.37149 3.182637 -0.4337473 -1.800118 1.004079 -1.800118 1.004074 3.1826 12.83796 -1.800118 12.83796 3.1826 12.98716 3.1826 2.271954 -1.800118 2.271949 3.182599 2.933368 3.182599 5.88332 -1.800081 13.37149 -1.800081 13.37149 3.182637 -0.8440826 -1.800118 -0.8440826 3.1826 -0.7407901 3.1826 -3.668888 -1.800118 -3.668893 3.1826 -3.565284 3.1826 -4.638107 -1.800118 -4.638107 3.182599 -4.791924 3.182599 2.271954 -1.800118 2.933373 -1.800118 2.933368 3.182599 1.004079 -1.800118 1.116461 -1.800118 1.116456 3.1826 -4.638107 3.182599 -4.791924 3.182599 -4.791924 -1.800118 1.004079 -1.800118 1.004074 3.1826 1.116456 3.1826 5.616005 -1.800081 5.616 3.182637 5.8446 3.182637 -0.8440826 -1.800118 -0.8440826 3.1826 -1.670418 3.1826 -1.670418 -1.800118 -1.670418 3.1826 -0.8440826 3.1826 1.004079 -1.800118 1.116461 -1.800118 1.116456 3.1826 -4.791924 -1.800118 -4.791924 3.182599 -4.638107 3.182599 2.933373 -1.800118 2.933368 3.182599 4.219951 3.182599 17.27913 -1.800081 16.15404 -1.800081 16.15404 3.182637 -3.565279 -1.800118 -3.565284 3.1826 -3.668893 3.1826 17.27913 -1.800081 17.27913 3.182637 16.15404 3.182637 12.98716 -1.800118 12.98716 3.1826 13.20634 3.1826 4.219956 -1.800118 4.219951 3.182599 4.564571 3.182599 5.616005 -1.800081 5.844605 -1.800081 5.8446 3.182637 -2.490145 -1.800118 -2.490145 3.1826 -2.576085 3.1826 13.20634 -1.800118 13.20634 3.1826 12.98716 3.1826 2.933373 -1.800118 4.219956 -1.800118 4.219951 3.182599 17.27913 -1.800081 17.27913 3.182637 17.48219 3.182637 -2.576085 -1.800118 -2.576085 3.1826 -2.490145 3.1826 -3.668888 -1.800118 -3.668893 3.1826 -3.565284 3.1826 17.48219 -1.800081 17.48219 3.182637 17.27913 3.182637 1.004079 -1.800118 1.004074 3.1826 1.116456 3.1826 4.219956 -1.800118 4.564576 -1.800118 4.564571 3.182599 -2.576085 -1.800118 -2.576085 3.1826 -2.688466 3.1826 -4.638107 -1.800118 -4.638107 3.182599 -4.462787 3.182599 -4.462787 -1.800118 -4.462787 3.182599 -4.638107 3.182599 -2.688466 -1.800118 -2.688466 3.1826 -2.576085 3.1826 14.03818 -1.800118 14.03818 3.1826 14.24752 3.1826 2.156228 -1.800118 2.156223 3.1826 2.271949 3.1826 17.48219 -1.800081 17.48219 3.182637 17.27913 3.182637 1.116461 -1.800118 1.116456 3.1826 1.248669 3.1826 14.24752 -1.800118 14.24752 3.1826 14.03818 3.1826 -0.428009 -1.800118 2.156228 -1.800118 2.156223 3.1826 -1.676964 -1.800081 5.616005 -1.800081 5.616 3.182637 1.116461 -1.800118 1.248674 -1.800118 1.248669 3.1826 -3.668888 -1.800118 -3.565279 -1.800118 -3.565284 3.1826 -1.676964 -1.800081 -1.676969 3.182637 5.616 3.182637 14.24752 -1.800118 14.24752 3.1826 14.35494 3.1826 -2.688466 -1.800118 -2.688466 3.1826 -2.576085 3.1826 -3.801102 -1.800118 -3.668888 -1.800118 -3.668893 3.1826 2.156228 -1.800118 2.271954 -1.800118 2.271949 3.1826 17.27913 -1.800081 17.27913 3.182637 17.48219 3.182637 2.057823 -1.800118 2.057818 3.1826 2.156223 3.1826 -3.801102 -1.800118 -3.801106 3.1826 -3.668893 3.1826 -4.360146 -1.800118 -4.360146 3.1826 -2.173981 3.1826 17.48219 -1.800081 17.48219 3.182637 17.27913 3.182637 2.057823 -1.800118 2.156228 -1.800118 2.156223 3.1826 14.35494 -1.800118 14.35494 3.1826 14.24752 3.1826 -2.173981 -1.800118 -2.173981 3.1826 -4.360146 3.1826 -3.908525 -1.800081 -2.786558 -1.800081 -2.786563 3.182637 2.156228 -1.800118 2.156223 3.1826 2.271949 3.1826 -2.786558 -1.800081 -3.908525 -1.800081 -3.90853 3.182637 -3.908525 -1.800118 -3.90853 3.1826 -3.801106 3.1826 -2.028914 -1.800081 -2.257514 -1.800081 -2.257514 3.182637 5.844605 -1.800081 5.8446 3.182637 7.112824 3.182637 5.844605 -1.800081 7.11283 -1.800081 7.112824 3.182637 -1.3331 -1.800118 -1.3331 3.1826 -0.8610962 3.1826 -2.028914 -1.800081 -2.028914 3.182637 -2.257514 3.182637 -0.8610962 -1.800118 -0.8610962 3.1826 -1.3331 3.1826 -3.908525 -1.800118 -3.801102 -1.800118 -3.801106 3.1826 2.156228 -1.800118 2.271954 -1.800118 2.271949 3.1826 14.35494 -1.800118 14.35494 3.1826 17.27913 3.1826 -3.378201 -1.800118 -3.378205 3.1826 -3.900294 3.1826 17.27913 -1.800118 17.27913 3.1826 14.35494 3.1826 -0.738137 -1.800118 -0.738137 3.1826 -0.8610962 3.1826 -0.1412456 3.1826 0.2711063 3.1826 0.2711063 -1.800118 9.262398 -1.800081 9.262393 3.182637 10.13518 3.182637 -0.8610962 -1.800118 -0.8610962 3.1826 -0.738137 3.1826 9.262398 -1.800081 10.13518 -1.800081 10.13518 3.182637 2.271954 -1.800118 2.271949 3.1826 2.787583 3.1826 -3.698117 3.1826 -3.698112 -1.800118 -3.565279 -1.800118 -2.257514 -1.800081 -2.257514 3.182637 -2.028914 3.182637 2.271954 -1.800118 2.787588 -1.800118 2.787583 3.1826 -3.698112 -1.800118 -3.698117 3.1826 -3.565284 3.1826 -0.738137 -1.800118 -0.738137 3.1826 -0.8610962 3.1826 11.93548 -1.800118 11.93548 3.1826 11.47549 3.1826 10.13518 -1.800081 10.36005 -1.800081 10.36004 3.182637 11.47549 -1.800118 11.47549 3.1826 11.93548 3.1826 10.36005 -1.800081 10.13518 -1.800081 10.13518 3.182637 -2.257514 -1.800081 -2.257514 3.182637 -2.855887 3.182637 -0.8610962 -1.800118 -0.8610962 3.1826 -0.738137 3.1826 -3.817969 3.1826 -4.337741 3.1826 -4.337736 -1.800118 -2.855887 -1.800081 -2.855887 3.182637 -2.257514 3.182637 5.02068 -1.800118 5.020675 3.1826 5.616 3.1826 0.2711063 3.1826 -0.1412456 3.1826 -0.1412456 -1.800118 6.691731 -1.800118 6.691731 -0.5301185 6.02787 -0.5301185 -21.36192 -1.800118 -21.36192 -0.5301185 -21.69212 -0.5301185 -21.69212 -1.800118 -21.69212 -0.5301185 -21.36192 -0.5301185 9.841494 -1.800118 9.841494 -0.5301185 9.185952 -0.5301185 -21.69212 -1.800118 -21.69212 -0.5301185 -21.36192 -0.5301185 6.02787 -1.800118 6.02787 -0.5301185 6.691731 -0.5301185 -21.36192 -1.800118 -21.36192 -0.5301185 -21.69212 -0.5301185 9.185952 -1.800118 9.185952 -0.5301185 9.841494 -0.5301185 -21.36192 1.882881 -21.36192 3.1826 -21.69212 3.1826 9.185952 1.882881 9.185952 3.1826 9.841494 3.1826 -21.36192 9.841494 -21.69212 9.841494 -21.69212 9.185952 -21.36192 6.691731 -21.69212 6.691731 -21.69212 6.02787 6.02787 1.882881 6.691731 1.882881 6.691731 3.1826 -21.69212 1.882881 -21.69212 3.1826 -21.36192 3.1826 9.185952 1.882881 9.841494 1.882881 9.841494 3.1826 -21.69212 1.882881 -21.69212 3.1826 -21.36192 3.1826 6.02787 1.882881 6.02787 3.1826 6.691731 3.1826 -21.36192 1.882881 -21.36192 3.1826 -21.69212 3.1826 -5.275325 0.2328975 -6.131573 0.2328975 -6.131573 3.182636 10.13518 0.2329349 10.13518 3.182674 10.36005 3.182674 10.36005 0.2329349 10.13518 0.2329349 10.13518 -1.800081 10.10828 0.2328975 10.27676 0.2328975 10.27676 -1.800118 10.13518 0.2329349 10.36005 0.2329349 10.36005 -1.800081 -2.855887 10.36005 -3.72105 10.36005 -3.72105 10.13518 -6.131573 10.10828 -5.275325 10.10828 -5.275325 10.27676 10.10828 0.2328975 10.10828 3.182636 10.27676 3.182636 -3.72105 0.2329349 -2.855887 0.2329349 -2.855887 3.182674 10.36005 0.2329349 10.36005 3.182674 10.13518 3.182674 -5.275325 0.2328975 -5.275325 3.182636 -6.131573 3.182636 10.10828 0.2328975 10.27676 0.2328975 10.27676 3.182636 -2.855887 0.2329349 -3.72105 0.2329349 -3.72105 3.182674 -1.670418 0.2318816 -1.670418 3.1826 -2.490145 3.1826 -2.688466 0.2318816 -2.576085 0.2318816 -2.576085 -1.800118 -2.855887 10.36005 -2.855887 10.13518 -3.72105 10.13518 -2.688466 1.248674 -2.688466 2.057823 -2.576085 2.057823 1.116461 0.2318816 1.004079 0.2318816 1.004079 -1.800118 1.004079 0.2318816 1.116461 0.2318816 1.116461 -1.800118 -1.670418 1.004079 -2.490145 1.004079 -2.490145 1.116461 -1.670418 1.004079 -1.670418 1.116461 -2.490145 1.116461 -2.576085 1.248674 -2.576085 2.057823 -2.688466 2.057823 1.248674 0.2318816 1.248674 3.1826 2.057823 3.1826 -2.490145 0.2318816 -2.490145 3.1826 -1.670418 3.1826 1.004079 0.2318816 1.116461 0.2318816 1.116461 3.1826 1.248674 0.2318816 2.057823 0.2318816 2.057823 3.1826 -2.576085 0.2318816 -2.576085 3.1826 -2.688466 3.1826 -2.688466 0.2318816 -2.688466 3.1826 -2.576085 3.1826 -21.36192 9.841494 -21.36192 9.185952 -21.69212 9.185952 -21.36192 6.691731 -21.36192 6.02787 -21.69212 6.02787 -21.69212 9.841494 -21.69212 9.185952 -21.36192 9.185952 -21.69212 6.691731 -21.69212 6.02787 -21.36192 6.02787 2.996906 0.2321383 3.123151 0.2321383 3.123151 -1.799862 0 0 0 0 0 0 2.787588 0.2318816 2.787588 3.1826 5.02068 3.1826 -0.738137 2.787588 -0.738137 5.02068 -0.8610962 5.02068 -0.738137 0.2318816 -0.738137 3.1826 -0.8610962 3.1826 2.787588 0.2318816 5.02068 0.2318816 5.02068 3.1826 -0.8610962 0.2318816 -0.8610962 3.1826 -0.738137 3.1826 -3.668888 0.2318818 -3.565279 0.2318818 -3.565279 3.1826 14.03818 0.2318818 14.03818 3.1826 13.20634 3.1826 17.27913 0.231919 17.48219 0.231919 17.48219 -1.800081 13.20634 -3.565279 14.03818 -3.565279 14.03818 -3.668888 17.48219 -1.676964 17.48219 -2.786558 17.27913 -2.786558 17.27913 -1.676964 17.27913 -2.786558 17.48219 -2.786558 13.20634 -3.668888 14.03818 -3.668888 14.03818 -3.565279 -2.786558 0.231919 -2.786558 3.182637 -1.676964 3.182637 17.48219 0.231919 17.48219 3.182637 17.27913 3.182637 13.20634 0.2318818 13.20634 3.1826 14.03818 3.1826 -3.668888 0.2318818 -3.668888 3.1826 -3.565279 3.1826 -2.786558 0.231919 -1.676964 0.231919 -1.676964 3.182637 17.27913 0.231919 17.27913 3.182637 17.48219 3.182637 7.409123 -1.800118 7.409123 -0.8857182 8.616111 -0.8857182 10.21436 -1.800118 10.21436 -0.8857182 8.966939 -0.8857182 5.81705 -1.800118 5.81705 -0.8857182 4.574241 -0.8857182 -3.565279 -1.800118 -3.565279 -0.8857182 -3.698112 -0.8857182 -3.565279 -1.800118 -3.565279 -0.8857182 -3.698112 -0.8857182 8.966939 -1.800118 8.966939 -0.8857182 10.21436 -0.8857182 4.574241 -1.800118 4.574241 -0.8857182 5.81705 -0.8857182 -3.565279 -1.800118 -3.565279 -0.8857182 -3.698112 -0.8857182 11.47549 -1.800118 11.47549 -0.8857182 10.21436 -0.8857182 7.056554 -1.800118 7.056554 -0.8857182 5.81705 -0.8857182 -3.698112 0.3334818 -3.565279 0.3334818 -3.565279 3.1826 5.81705 0.3334818 5.81705 3.1826 7.056554 3.1826 10.21436 0.3334818 8.966939 0.3334818 8.966939 3.1826 5.81705 0.3334818 7.056554 0.3334818 7.056554 3.1826 10.21436 0.3334818 10.21436 3.1826 8.966939 3.1826 -3.565279 0.3334818 -3.698112 0.3334818 -3.698112 -0.8857182 11.47549 -3.565279 10.21436 -3.565279 10.21436 -3.698112 10.21436 -3.698112 10.21436 -3.565279 8.966939 -3.565279 8.616111 -3.565279 7.409123 -3.565279 7.409123 -3.698112 7.056554 -3.565279 5.81705 -3.565279 5.81705 -3.698112 5.81705 -3.698112 5.81705 -3.565279 4.574241 -3.565279 -3.698112 0.3334818 -3.565279 0.3334818 -3.565279 3.1826 -3.698112 0.3334818 -3.698112 3.1826 -3.565279 3.1826 5.81705 0.3334818 5.81705 3.1826 4.574241 3.1826 8.616111 0.3334818 8.616111 3.1826 7.409123 3.1826 10.21436 0.3334818 11.47549 0.3334818 11.47549 3.1826 5.81705 0.3334818 4.574241 0.3334818 4.574241 3.1826 7.409123 0.3334818 7.409123 3.1826 8.616111 3.1826 10.21436 0.3334818 10.21436 3.1826 11.47549 3.1826 -3.698112 0.3334818 -3.565279 0.3334818 -3.565279 3.1826 -3.698112 0.3334818 -3.698112 3.1826 -3.565279 3.1826 5.81705 -3.565279 4.574241 -3.565279 4.574241 -3.698112 7.056554 -3.565279 5.81705 -3.565279 5.81705 -3.698112 8.616111 -3.565279 7.409123 -3.565279 7.409123 -3.698112 10.21436 -3.565279 8.966939 -3.565279 8.966939 -3.698112 10.21436 -3.698112 11.47549 -3.698112 11.47549 -3.565279 8.616111 -3.698112 7.409123 -3.698112 7.409123 -3.565279 10.21436 -3.698112 8.966939 -3.698112 8.966939 -3.565279 10.21436 -3.565279 11.47549 -3.565279 11.47549 -3.698112 5.81705 -3.698112 4.574241 -3.698112 4.574241 -3.565279 7.056554 -3.698112 5.81705 -3.698112 5.81705 -3.565279 13.37149 5.844605 16.15404 5.844605 16.15404 5.616005 -2.257514 -1.800081 -2.257514 -0.885681 -2.028914 -0.885681 3.130045 -1.800081 3.130045 -0.885681 5.88332 -0.885681 -2.028914 -1.800081 -2.028914 -0.885681 -2.257514 -0.885681 5.844605 -1.800081 5.844605 -0.885681 5.616005 -0.885681 7.11283 -1.800081 7.11283 -0.885681 8.187615 -0.885681 5.88332 -1.800081 5.88332 -0.885681 3.130045 -0.885681 5.616005 -1.800081 5.616005 -0.885681 5.844605 -0.885681 13.37149 -1.800081 13.37149 -0.885681 16.15404 -0.885681 9.262398 -1.800081 9.262398 -0.885681 8.187615 -0.885681 7.11283 0.638319 9.262398 0.638319 9.262398 3.182636 5.616005 0.638319 5.616005 3.182636 5.844605 3.182636 16.15404 0.638319 16.15404 3.182636 13.37149 3.182636 13.37149 5.616005 16.15404 5.616005 16.15404 5.844605 3.130045 5.616005 5.88332 5.616005 5.88332 5.844605 3.130045 5.844605 5.88332 5.844605 5.88332 5.616005 -2.028914 9.262398 -2.028914 7.11283 -2.257514 7.11283 5.844605 0.638319 5.616005 0.638319 5.616005 -0.885681 -2.257514 7.11283 -2.028914 7.11283 -2.028914 8.187615 3.130045 5.616005 5.88332 5.616005 5.88332 5.844605 13.37149 5.616005 16.15404 5.616005 16.15404 5.844605 -2.257514 7.11283 -2.028914 7.11283 -2.028914 9.262398 5.616005 0.638319 5.844605 0.638319 5.844605 3.182636 -2.028914 0.638319 -2.028914 3.182636 -2.257514 3.182636 5.844605 0.638319 5.844605 3.182636 5.616005 3.182636 3.130045 0.638319 3.130045 3.182636 5.88332 3.182636 -2.257514 0.638319 -2.257514 3.182636 -2.028914 3.182636 13.37149 0.638319 13.37149 3.182636 16.15404 3.182636 5.88332 0.638319 5.88332 3.182636 3.130045 3.182636 7.11283 0.638319 7.11283 3.182636 9.262398 3.182636 5.616005 0.638319 5.616005 3.182636 5.844605 3.182636 17.48219 -3.908525 17.27913 -3.908525 17.27913 -2.786558 -4.327841 10.10761 -4.326938 9.59835 -4.978886 9.59835 -3.72105 10.36005 -3.72105 10.10761 -5.275326 10.10761 -21.36192 10.10828 -21.36192 10.27676 -6.131573 10.27676 -21.36192 6.02787 -21.36192 4.570463 -21.69212 4.570463 -21.36192 6.691731 -21.36192 6.02787 -21.69212 6.02787 -21.36192 9.185952 -21.36192 6.691731 -21.69212 6.691731 -21.36192 9.841494 -21.36192 9.185952 -21.69212 9.185952 -21.36192 10.10828 -21.36192 9.841494 -21.69212 9.841494 -21.36192 10.27676 -21.36192 10.10828 -21.69212 10.10828 -21.36192 4.570463 -21.36192 -3.90029 -21.69212 -3.90029 -21.36192 -3.90029 -21.36192 -4.337736 -21.69212 -4.337736 -21.36192 -3.90029 -4.791924 -3.90029 -4.791924 -4.337736 -4.360146 -0.5347681 -4.360146 -3.378201 -4.791924 -3.378201 -4.791924 -0.4280086 -4.791924 2.156228 -4.360146 2.156228 -4.791924 4.219956 -4.638107 4.219956 -4.638107 2.933373 -4.638107 2.933373 -4.638107 2.271954 -4.791924 2.271954 -4.791924 2.933373 -4.791924 4.219956 -4.638107 2.933373 -4.462787 4.564576 -4.462787 4.219956 -4.791924 4.219956 -2.173981 2.271954 -2.173981 2.156228 -4.360146 2.156228 -4.360146 2.271954 -4.360146 2.156228 -4.791924 2.156228 -4.360146 -0.428009 -4.360146 -0.5347681 -4.791924 -0.5347676 -4.360146 -0.5309429 -4.360146 -0.4337473 -0.850785 -0.4337473 -4.360146 -3.379093 -4.091248 -3.379093 -4.360146 -3.90029 -4.091248 -3.379093 -4.091248 -4.337736 -4.360146 -3.90029 -4.360146 -3.378201 -4.360146 -4.337736 -4.791924 -3.90029 -4.360146 -4.337736 -4.791924 -4.337736 -4.791924 -3.90029 -0.1412456 -4.337736 -0.1412456 -3.817965 0.2711063 -3.817965 -0.1412456 -4.337736 0.2711063 -4.337736 0.2711063 -10.65804 12.83796 -10.53059 12.83796 -10.65804 0.271106 -10.65804 2.996906 -10.53059 2.996906 -10.45046 3.123151 -10.45046 3.123151 -8.751254 2.996906 -8.751254 2.996906 -3.703939 3.275239 -3.698112 3.123151 -3.698112 3.123151 -3.565279 2.996906 -1.718365 3.123151 -1.718365 3.123151 -3.703939 2.996906 -1.718365 2.899672 -1.718365 2.899672 -1.608377 3.123151 -1.718365 2.996906 -1.718365 2.996906 -1.608377 -0.850786 -1.718365 -0.738405 -1.718365 -0.738405 -3.817965 2.066004 -1.718365 -0.738405 -1.718365 -0.738405 -1.608377 -0.738405 -1.608377 -0.738405 -1.718365 -0.850786 -1.718365 -0.738405 -1.49897 -0.738405 -1.608377 -0.850786 -1.608377 -0.8440826 1.004079 -0.7407901 1.004079 -0.7407901 -0.4337473 -0.850785 -0.5309429 -0.850785 -0.4337473 -0.7407901 -0.4337473 -0.850785 -0.6388254 -0.850785 -0.5309429 -0.7407901 -0.5309429 -0.8440826 1.004079 -1.670418 1.004079 -1.670418 1.116461 -0.7407901 1.004079 -0.8440826 1.004079 -0.8440826 1.116461 -2.490145 1.004079 -2.576085 1.004079 -2.576085 1.116461 -2.688466 2.057823 -2.688466 2.156228 -2.576085 2.156228 -0.8610962 2.271954 -0.8610962 2.787588 -0.738137 2.787588 -0.8610962 2.271954 -0.8610962 2.156228 -1.3331 2.156228 -0.8610962 2.156228 -0.8610962 2.271954 -0.738137 2.271954 -0.8610962 5.02068 -0.8610962 5.616005 -0.738137 5.616005 -2.028914 5.844605 3.130045 5.844605 3.130045 5.616005 -2.257514 5.844605 -2.257514 7.11283 -2.028914 7.11283 -2.257514 5.616005 -2.257514 5.844605 -2.028914 5.844605 -2.028914 8.187615 -2.028914 7.11283 -2.257514 7.11283 -2.257514 9.262398 -2.257514 10.13518 -2.028914 10.13518 -2.028914 10.13518 -2.257514 10.13518 -2.257514 10.36005 -2.257514 10.36005 -2.257514 10.13518 -2.855887 10.13518 12.98716 -10.53059 12.83796 -10.53059 12.83796 -3.668888 12.98716 -3.565279 13.20634 -3.565279 13.20634 -3.668888 12.83796 -3.668888 12.83796 -3.565279 12.98716 -3.565279 14.35494 -3.908525 14.35494 -3.801102 17.27913 -3.801102 14.03818 -3.565279 14.24752 -3.565279 14.24752 -3.668888 14.24752 -3.668888 14.24752 -3.565279 14.35494 -3.565279 14.24752 -3.801102 14.24752 -3.668888 14.35494 -3.668888 14.35494 -3.801102 14.35494 -3.908525 14.24752 -3.908525 14.24752 -3.801102 14.35494 -3.668888 14.35494 -3.801102 17.48219 5.616005 17.48219 -1.676964 17.27913 -1.676964 16.15404 5.844605 17.27913 5.844605 17.27913 5.616005 17.27913 5.844605 17.48219 5.844605 17.48219 5.616005 -2.028914 9.262398 -2.028914 8.187615 -2.257514 8.187615 -2.257514 8.187615 -2.028914 8.187615 -2.028914 9.262398 8.187615 -1.800081 8.187615 -0.885681 7.11283 -0.885681 8.187615 -1.800081 8.187615 -0.885681 9.262398 -0.885681 -3.815544 -1.799862 -3.815544 3.1826 -3.92424 3.1826 1.265093 -2.614203 1.389029 -2.614203 1.389029 -3.815544 1.389029 -3.815544 1.389029 -3.92424 1.265093 -3.81797 1.389029 -3.92424 1.265093 -3.92424 1.265093 -3.81797 0.2711067 -3.92424 0.2711067 -3.81797 1.265093 -3.81797 -3.92424 3.1826 -10.53059 3.1826 -10.53059 -1.799862 1.389029 -1.799862 1.389029 3.1826 1.265093 3.1826 -10.53059 3.1826 -3.92424 3.1826 -3.92424 -1.799862 1.389029 -1.807117 1.389029 -1.71837 1.265093 -1.71837 1.389029 -3.815544 1.389029 -2.614203 1.265093 -2.614203 1.265093 -3.81797 1.265093 -3.92424 1.389029 -3.92424 1.389029 -3.815544 1.265093 -2.614203 1.265093 -3.81797 1.265093 -3.81797 0.2711067 -3.81797 0.2711067 -3.92424 1.265093 -10.53059 1.389029 -10.53059 1.389029 -3.92424 -1.807117 3.1826 -1.71837 3.1826 -1.71837 -1.799862 1.265093 -1.799862 1.265093 3.1826 1.389029 3.1826 -3.92424 -1.799862 -3.92424 3.1826 -3.81797 3.1826 1.389029 3.1826 1.265093 3.1826 1.265093 -1.799862 1.265093 -1.799862 1.265093 3.1826 0.2711067 3.1826 -1.71837 3.1826 -1.807117 3.1826 -1.807117 -1.799862 1.265093 -1.799862 0.2711067 -1.799862 0.2711067 3.1826 1.265093 3.1826 1.389029 3.1826 1.389029 -1.799862 -2.614203 -1.799862 -2.614203 3.1826 -3.815544 3.1826 1.389029 3.1826 1.265093 3.1826 1.265093 -1.799862 -3.81797 -1.799862 -3.81797 3.1826 -2.614203 3.1826 -1.807117 3.1826 -2.614203 3.1826 -2.614203 0.2401382 1.389029 -1.799862 1.389029 0.2401382 1.265093 0.2401382 1.265093 -1.807117 1.389029 -1.807117 1.389029 -2.614203 1.265093 -1.799862 1.265093 0.2401382 1.389029 0.2401382 1.265093 -1.807117 1.265093 -2.614203 1.389029 -2.614203 1.265093 3.1826 1.389029 3.1826 1.389029 0.2401382 -2.614203 3.1826 -1.807117 3.1826 -1.807117 0.2401382 1.389029 3.1826 1.265093 3.1826 1.265093 0.2401382 0 0 0 0 0 0 0 0 1 0 1 1 0 0 0 0 1 0 13.37149 5.844605 16.15404 5.844605 16.15404 5.616005 13.37149 5.616005 5.88332 5.616005 5.88332 5.844605 3.130045 5.844605 5.88332 5.844605 5.88332 5.616005 8.966939 -3.565279 10.21436 -3.565279 10.21436 -3.698112 10.21436 -3.565279 11.47549 -3.565279 11.47549 -3.698112 11.93548 -3.698112 11.47549 -3.698112 11.47549 -3.565279 8.966939 -3.698112 8.616111 -3.698112 8.616111 -3.565279 8.616111 -3.698112 7.409123 -3.698112 7.409123 -3.565279 7.409123 -3.698112 7.056554 -3.698112 7.056554 -3.565279 7.056554 -3.698112 5.81705 -3.698112 5.81705 -3.565279 5.81705 -3.698112 4.574241 -3.698112 4.574241 -3.565279 4.574241 -3.698112 4.134629 -3.698112 4.134629 -3.565279 1.389029 -10.53059 1.265093 -10.53059 1.265093 -3.92424 12.98142 3.1826 12.83796 3.1826 12.83796 -1.800118 12.98716 -10.53059 12.98142 -10.65804 12.83796 -10.65804 0 0 0 0 0 0 0 0 0 0 -0.1412456 -1.800118 -3.698112 -1.800118 7.056554 3.1826 7.056554 -3.565284 4.134629 3.1826 4.134629 -3.565284 4.134629 -1.800118 1 1 1 1 1 0 3.275239 -1.800118 3.275239 -1.800118 3.275239 -3.565284 1 0 1 1 0 1 0 0 0 0 0 1 0 1 0 1 1 1 0 0 1 0 1 0 0 0 0 1 1 1 1 0 1 1 0 1 1 0 1 0 1 1 0 1 1 1 1 0 0 1 0 1 0 0 1 1 1 1 0 1 0 0 0 0 1 0 0 1 1 1 1 0 1 1 1 0 1 0 0 1 0 1 0 0 1 1 1 1 0 1 0 0 1 0 1 1 0 1 1 1 1 0 1 1 1 0 1 0 0 1 0 1 0 0 1 1 1 1 0 1 0 0 0 0 1 0 1 0 1 1 0 1 1 0 1 0 1 1 0 1 1 1 1 0 0 1 0 1 0 0 1 1 1 1 0 1 0 0 0 0 1 0 0 0 0 0 0 0 2.996906 -8.751254 3.123151 -8.751254 3.123151 -10.45046 3.123151 -8.751258 3.123151 -8.751258 2.996906 -8.751258 0 0 0 0 0 0 2.996906 -10.45047 2.996906 -10.45047 3.123151 -10.45047 0 0 0 0 0 0 -2.576085 1.116461 -2.576085 1.004079 -2.688466 -1.800118 0 0 0 0 0 0</float_array>
          <technique_common>
            <accessor source="#Plane-mesh-map-0-array" count="3567" stride="2">
              <param name="S" type="float"/>
              <param name="T" type="float"/>
            </accessor>
          </technique_common>
        </source>
        <vertices id="Plane-mesh-vertices">
          <input semantic="POSITION" source="#Plane-mesh-positions"/>
        </vertices>
        <triangles material="Bricks-material" count="148">
          <input semantic="VERTEX" source="#Plane-mesh-vertices" offset="0"/>
          <input semantic="NORMAL" source="#Plane-mesh-normals" offset="1"/>
          <input semantic="TEXCOORD" source="#Plane-mesh-map-0" offset="2" set="0"/>
          <p>51 1 18 230 1 19 50 1 20 48 1 69 371 1 70 352 1 71 525 17 114 257 17 115 86 17 116 351 1 120 226 1 121 44 1 122 85 19 129 256 19 130 521 19 131 46 2 132 370 2 133 351 2 134 80 20 135 256 20 136 261 20 137 45 8 138 220 8 139 42 8 140 44 1 150 225 1 151 45 1 152 42 22 156 224 22 157 43 22 158 80 25 165 259 25 166 59 25 167 34 33 216 212 33 217 32 33 218 34 1 225 215 1 226 214 1 227 53 1 492 233 1 493 51 1 494 55 58 513 235 58 514 520 58 515 520 59 516 234 59 517 53 59 518 55 1 519 237 1 520 54 1 521 2 10 534 476 10 535 5 10 536 105 0 540 278 0 541 277 0 542 57 66 552 236 66 553 55 66 554 59 68 567 238 68 568 57 68 569 106 71 588 280 71 589 278 71 590 6 10 594 479 10 595 9 10 596 13 80 648 481 80 649 198 80 650 114 0 651 411 0 652 113 0 653 15 0 663 200 0 664 199 0 665 113 83 669 280 83 670 109 83 671 13 84 675 200 84 676 14 84 677 117 2 717 412 2 718 115 2 719 17 0 723 199 0 724 410 0 725 121 1 753 286 1 754 117 1 755 20 95 759 294 95 760 126 95 761 123 2 765 292 2 766 124 2 767 20 0 771 204 0 772 205 0 773 124 1 780 290 1 781 121 1 782 2 0 789 206 0 790 196 0 791 126 0 801 295 0 802 294 0 803 126 102 813 293 102 814 123 102 815 24 106 828 207 106 829 483 106 830 27 108 837 209 108 838 28 108 839 26 0 852 209 0 853 207 0 854 30 113 870 210 113 871 27 113 872 257 114 876 85 114 877 86 114 878 353 2 882 356 2 883 352 2 884 50 1 894 358 1 895 48 1 896 49 2 897 360 2 898 50 2 899 352 1 900 354 1 901 351 1 902 365 2 903 371 2 904 364 2 905 364 1 906 370 1 907 362 1 908 362 117 924 227 117 925 363 117 926 368 1 927 372 1 928 366 1 929 369 118 930 230 118 931 368 118 932 380 119 933 224 119 934 384 119 935 376 1 936 212 1 937 375 1 938 377 1 954 224 1 955 378 1 956 373 0 960 211 0 961 374 0 962 373 124 969 212 124 970 381 124 971 363 37 1017 364 37 1018 362 37 1019 408 0 1050 285 0 1051 412 0 1052 408 2 1053 411 2 1054 406 2 1055 405 129 1074 203 129 1075 404 129 1076 405 0 1083 410 0 1084 204 0 1085 5 10 1218 454 10 1219 6 10 1220 11 0 1224 457 0 1225 10 0 1226 9 10 1236 458 10 1237 11 10 1238 24 0 1239 488 0 1240 486 0 1241 471 145 1242 483 145 1243 206 145 1244 470 0 1284 480 0 1285 469 0 1286 464 10 1287 477 10 1288 466 10 1289 468 10 1293 481 10 1294 470 10 1295 463 1 1302 476 1 1303 464 1 1304 486 0 1503 459 0 1504 22 0 1505 160 2 1596 540 2 1597 159 2 1598 277 160 1644 525 160 1645 105 160 1646 51 1 1791 233 1 1792 230 1 1793 48 1 1839 372 1 1840 371 1 1841 525 188 1881 265 188 1882 257 188 1883 351 1 1887 370 1 1888 226 1 1889 85 1 1896 258 1 1897 256 1 1898 46 189 1899 227 189 1900 370 189 1901 80 190 1902 521 190 1903 256 190 1904 45 177 1905 225 177 1906 220 177 1907 44 1 1914 226 1 1915 225 1 1916 42 193 1920 220 193 1921 224 193 1922 80 195 1929 261 195 1930 259 195 1931 34 203 1980 214 203 1981 212 203 1982 34 205 1989 75 205 1990 215 205 1991 53 1 2256 234 1 2257 233 1 2258 55 227 2277 236 227 2278 235 227 2279 520 1 2280 235 1 2281 234 1 2282 55 1 2283 236 1 2284 237 1 2285 2 229 2298 196 229 2299 476 229 2300 105 0 2304 106 0 2305 278 0 2306 57 233 2316 238 233 2317 236 233 2318 59 236 2331 259 236 2332 238 236 2333 106 239 2352 109 239 2353 280 239 2354 6 10 2358 477 10 2359 479 10 2360 13 10 2412 11 10 2413 481 10 2414 114 0 2415 284 0 2416 411 0 2417 15 0 2427 14 0 2428 200 0 2429 113 249 2433 411 249 2434 280 249 2435 13 84 2439 198 84 2440 200 84 2441 117 257 2481 286 257 2482 412 257 2483 17 0 2487 15 0 2488 199 0 2489 121 1 2517 290 1 2518 286 1 2519 20 261 2523 205 261 2524 294 261 2525 123 262 2529 293 262 2530 292 262 2531 20 0 2535 19 0 2536 204 0 2537 124 1 2544 292 1 2545 290 1 2546 2 0 2553 22 0 2554 206 0 2555 126 0 2565 125 0 2566 295 0 2567 126 269 2577 294 269 2578 293 269 2579 24 0 2592 26 0 2593 207 0 2594 27 274 2601 210 274 2602 209 274 2603 26 0 2616 28 0 2617 209 0 2618 30 279 2634 381 279 2635 210 279 2636 257 280 2640 258 280 2641 85 280 2642 353 2 2646 357 2 2647 356 2 2648 50 1 2658 360 1 2659 358 1 2660 49 2 2661 361 2 2662 360 2 2663 352 1 2664 356 1 2665 354 1 2666 365 281 2667 228 281 2668 371 281 2669 364 1 2670 371 1 2671 370 1 2672 362 284 2688 370 284 2689 227 284 2690 368 1 2691 230 1 2692 372 1 2693 369 285 2694 231 285 2695 230 285 2696 380 286 2697 378 286 2698 224 286 2699 376 287 2700 382 287 2701 212 287 2702 377 290 2718 383 290 2719 224 290 2720 373 292 2724 381 292 2725 211 292 2726 373 294 2733 375 294 2734 212 294 2735 363 37 2781 365 37 2782 364 37 2783 408 0 2814 409 0 2815 285 0 2816 408 2 2817 412 2 2818 411 2 2819 405 303 2838 204 303 2839 203 303 2840 405 0 2847 403 0 2848 410 0 2849 5 10 2982 452 10 2983 454 10 2984 11 0 2988 458 0 2989 457 0 2990 9 10 3000 456 10 3001 458 10 3002 24 0 3003 461 0 3004 488 0 3005 471 0 3006 473 0 3007 483 0 3008 470 0 3048 481 0 3049 480 0 3050 464 10 3051 476 10 3052 477 10 3053 468 10 3057 479 10 3058 481 10 3059 463 1 3066 475 1 3067 476 1 3068 486 0 3285 488 0 3286 459 0 3287 160 335 3390 323 335 3391 540 335 3392 277 336 3438 265 336 3439 525 336 3440</p>
        </triangles>
        <triangles material="Material_003-material" count="1041">
          <input semantic="VERTEX" source="#Plane-mesh-vertices" offset="0"/>
          <input semantic="NORMAL" source="#Plane-mesh-normals" offset="1"/>
          <input semantic="TEXCOORD" source="#Plane-mesh-map-0" offset="2" set="0"/>
          <p>152 0 0 260 0 1 77 0 2 151 1 3 316 1 4 154 1 5 10 2 6 455 2 7 8 2 8 97 3 9 272 3 10 98 3 11 4 1 12 452 1 13 5 1 14 150 1 15 313 1 16 147 1 17 145 0 21 270 0 22 268 0 23 149 0 24 276 0 25 315 0 26 52 0 27 231 0 28 232 0 29 6 0 30 453 0 31 7 0 32 94 1 33 271 1 34 95 1 35 149 4 36 314 4 37 150 4 38 52 5 39 233 5 40 51 5 41 378 0 42 41 0 43 43 0 44 31 6 45 33 6 46 32 6 47 104 7 48 538 7 49 275 7 50 50 8 51 231 8 52 49 8 53 93 9 54 268 9 55 561 9 56 148 1 57 539 1 58 191 1 59 92 1 60 269 1 61 94 1 62 191 10 63 538 10 64 192 10 65 147 1 66 312 1 67 148 1 68 93 2 72 562 2 73 92 2 74 146 11 75 309 11 76 144 11 77 47 0 78 228 0 79 229 0 80 90 12 81 559 12 82 91 12 83 145 13 84 310 13 85 268 13 86 47 2 87 372 2 88 48 2 89 89 0 90 559 0 91 267 0 92 145 1 93 311 1 94 146 1 95 89 14 96 266 14 97 88 14 98 88 1 99 560 1 100 90 1 101 352 15 102 228 15 103 353 15 104 87 16 105 279 16 106 107 16 107 521 1 108 78 1 109 81 1 110 58 6 111 59 6 112 77 6 113 86 18 117 264 18 118 87 18 119 255 0 123 86 0 124 84 0 125 46 0 126 221 0 127 227 0 128 142 21 141 306 21 142 140 21 143 139 2 144 396 2 145 141 2 146 108 6 147 110 6 148 112 6 149 408 1 153 116 1 154 115 1 155 41 23 159 224 23 160 383 23 161 41 24 162 221 24 163 40 24 164 139 0 168 306 0 169 307 0 170 524 1 171 417 1 172 130 1 173 131 2 174 422 2 175 133 2 176 77 26 177 262 26 178 79 26 179 138 10 180 423 10 181 136 10 182 39 1 183 222 1 184 151 1 185 129 10 186 413 10 187 522 10 188 133 1 189 421 1 190 134 1 191 80 0 192 262 0 193 261 0 194 37 27 195 219 27 196 38 27 197 136 28 198 302 28 199 134 28 200 38 29 201 218 29 202 36 29 203 77 1 204 259 1 205 260 1 206 133 30 207 305 30 208 135 30 209 36 31 210 217 31 211 35 31 212 37 32 213 217 32 214 216 32 215 33 34 219 215 34 220 75 34 221 133 0 222 302 0 223 303 0 224 132 35 228 298 35 229 130 35 230 524 36 231 301 36 232 131 36 233 131 1 234 300 1 235 132 1 236 378 37 237 379 37 238 377 37 239 391 2 240 176 2 241 175 2 242 33 0 243 212 0 244 213 0 245 398 37 246 399 37 247 397 37 248 524 0 249 298 0 250 299 0 251 188 0 252 349 0 253 401 0 254 195 6 255 193 6 256 194 6 257 196 6 258 475 6 259 476 6 260 477 6 261 478 6 262 479 6 263 480 38 264 198 38 265 481 38 266 201 6 267 200 6 268 198 6 269 201 6 270 410 6 271 199 6 272 203 6 273 205 6 274 204 6 275 193 39 276 206 39 277 482 39 278 483 40 279 208 40 280 484 40 281 207 6 282 210 6 283 208 6 284 210 6 285 211 6 286 208 6 287 212 6 288 215 6 289 213 6 290 217 41 291 219 41 292 216 41 293 383 42 294 220 42 295 221 42 296 220 6 297 226 6 298 221 6 299 221 43 300 370 43 301 227 43 302 228 44 303 372 44 304 229 44 305 230 6 306 232 6 307 231 6 308 233 6 309 237 6 310 232 6 311 234 6 312 236 6 313 237 6 314 236 6 315 239 6 316 237 6 317 238 6 318 240 6 319 239 6 320 252 45 321 241 45 322 251 45 323 242 6 324 244 6 325 241 6 326 248 6 327 246 6 328 247 6 329 243 6 330 247 6 331 244 6 332 248 6 333 250 6 334 245 6 335 316 6 336 252 6 337 251 6 338 252 6 339 552 6 340 253 6 341 239 46 342 260 46 343 223 46 344 258 6 345 255 6 346 256 6 347 265 47 348 264 47 349 257 47 350 259 6 351 262 6 352 260 6 353 255 6 354 254 6 355 256 6 356 261 6 357 254 6 358 263 6 359 267 6 360 560 6 361 266 6 362 561 48 363 269 48 364 562 48 365 268 6 366 271 6 367 269 6 368 270 6 369 273 6 370 271 6 371 273 6 372 532 6 373 271 6 374 533 6 375 276 6 376 531 6 377 265 6 378 278 6 379 279 6 380 278 6 381 281 6 382 279 6 383 280 6 384 283 6 385 281 6 386 282 6 387 411 6 388 284 6 389 412 6 390 287 6 391 285 6 392 286 6 393 289 6 394 287 6 395 286 6 396 291 6 397 288 6 398 290 6 399 293 6 400 291 6 401 293 6 402 295 6 403 291 6 404 450 6 405 297 6 406 545 6 407 298 6 408 301 6 409 299 6 410 302 6 411 305 6 412 303 6 413 306 49 414 396 49 415 307 49 416 310 50 417 311 50 418 268 50 419 275 6 420 313 6 421 276 6 422 312 51 423 538 51 424 539 51 425 313 6 426 315 6 427 276 6 428 260 6 429 222 6 430 223 6 431 222 52 432 318 52 433 316 52 434 317 6 435 320 6 436 318 6 437 319 6 438 322 6 439 320 6 440 321 53 441 540 53 442 323 53 443 322 6 444 325 6 445 320 6 446 324 6 447 327 6 448 325 6 449 327 6 450 328 6 451 325 6 452 329 6 453 332 6 454 330 6 455 331 6 456 334 6 457 332 6 458 331 6 459 336 6 460 333 6 461 337 6 462 340 6 463 338 6 464 341 6 465 343 6 466 554 6 467 342 6 468 345 6 469 343 6 470 345 6 471 347 6 472 343 6 473 401 54 474 350 54 475 348 54 476 96 0 477 272 0 478 270 0 479 99 1 480 274 1 481 100 1 482 0 1 483 193 1 484 1 1 485 152 0 486 318 0 487 317 0 488 95 55 489 532 55 490 99 55 491 3 56 495 194 56 496 0 56 497 154 1 498 251 1 499 71 1 500 100 57 501 273 57 502 97 57 503 54 0 504 232 0 505 237 0 506 3 1 507 196 1 508 2 1 509 101 0 510 533 0 511 531 0 512 101 60 522 276 60 523 103 60 524 5 0 525 475 0 526 4 0 527 156 61 528 318 61 529 320 61 530 104 62 531 533 62 532 102 62 533 155 63 537 317 63 538 152 63 539 4 64 543 195 64 544 3 64 545 157 0 546 322 0 547 321 0 548 54 65 549 239 65 550 56 65 551 279 67 555 106 67 556 107 67 557 59 0 558 240 0 559 259 0 560 7 1 561 477 1 562 6 1 563 157 0 564 323 0 565 160 0 566 159 1 570 319 1 571 155 1 572 60 69 573 241 69 574 253 69 575 107 1 576 281 1 577 108 1 578 56 1 579 223 1 580 39 1 581 9 0 582 478 0 583 8 0 584 156 70 585 325 70 586 161 70 587 72 0 591 253 0 592 252 0 593 158 0 597 324 0 598 322 0 599 110 72 600 282 72 601 111 72 602 61 1 603 244 1 604 63 1 605 7 73 606 478 73 607 197 73 608 163 74 609 326 74 610 164 74 611 108 1 612 283 1 613 110 1 614 62 75 615 241 75 616 61 75 617 62 0 618 243 0 619 242 0 620 162 0 621 326 0 622 324 0 623 243 76 624 63 76 625 64 76 626 165 1 627 393 1 628 166 1 629 10 1 630 481 1 631 11 1 632 161 77 633 328 77 634 165 77 635 166 78 636 327 78 637 163 78 638 167 0 639 329 0 640 330 0 641 65 79 642 245 79 643 66 79 644 63 1 645 247 1 646 67 1 647 12 2 654 480 2 655 10 2 656 111 81 657 284 81 658 114 81 659 67 1 660 246 1 661 65 1 662 167 82 666 332 82 667 169 82 668 64 0 672 248 0 673 243 0 674 170 85 678 329 85 679 168 85 680 115 1 681 285 1 682 116 1 683 15 86 684 201 86 685 12 86 686 171 1 687 333 1 688 172 1 689 70 0 690 250 0 691 249 0 692 169 87 693 334 87 694 171 87 695 66 88 696 250 88 697 69 88 698 70 89 699 248 89 700 68 89 701 174 90 702 335 90 703 173 90 704 116 91 705 287 91 706 118 91 707 71 1 708 241 1 709 61 1 710 17 92 711 202 92 712 16 92 713 172 1 714 336 1 715 174 1 716 153 0 720 252 0 721 318 0 722 170 0 726 335 0 727 331 0 728 119 0 729 289 0 730 288 0 731 16 1 732 201 1 733 12 1 734 118 10 735 289 10 736 120 10 737 178 90 738 339 90 739 177 90 740 122 0 741 288 0 742 291 0 743 74 0 744 552 0 745 553 0 746 18 93 747 204 93 748 19 93 749 176 1 750 340 1 751 178 1 752 60 94 756 552 94 757 73 94 758 175 0 762 339 0 763 337 0 764 74 96 768 252 96 769 72 96 770 180 1 774 554 1 775 179 1 776 18 97 777 294 97 778 203 97 779 22 98 783 482 98 784 206 98 785 1 1 786 482 1 787 21 1 788 179 99 792 343 99 793 181 99 794 24 2 795 484 2 796 23 2 797 182 100 798 341 100 799 180 100 800 184 0 804 345 0 805 344 0 806 122 101 807 295 101 808 125 101 809 77 0 810 240 0 811 58 0 812 184 103 816 342 103 817 182 103 818 254 104 819 83 104 820 81 104 821 23 1 822 208 1 823 25 1 824 185 105 825 346 105 826 186 105 827 181 1 831 347 1 832 185 1 833 545 107 834 127 107 835 450 107 836 183 0 840 346 0 841 345 0 842 128 1 843 296 1 844 522 1 845 188 103 846 348 103 847 187 103 848 449 109 849 297 109 850 128 109 851 522 110 855 450 110 856 127 110 857 30 111 858 211 111 859 381 111 860 25 112 861 211 112 862 29 112 863 189 105 864 349 105 865 190 105 866 510 0 867 84 0 868 83 0 869 187 1 873 350 1 874 189 1 875 47 0 879 361 0 880 49 0 881 48 10 885 359 10 886 47 10 887 46 0 888 357 0 889 353 0 890 351 10 891 355 10 892 46 10 893 227 115 909 371 115 910 228 115 911 229 6 912 230 6 913 231 6 914 369 0 915 229 0 916 231 0 917 366 116 918 229 116 919 367 116 920 365 0 921 227 0 922 228 0 923 375 0 939 31 0 940 32 0 941 379 1 942 76 1 943 75 1 944 374 1 945 30 1 946 29 1 947 381 120 948 382 120 949 211 120 950 383 121 951 384 121 952 224 121 953 376 122 957 211 122 958 382 122 959 379 2 963 383 2 964 377 2 965 379 123 966 384 123 967 215 123 968 386 125 972 330 125 973 388 125 974 390 10 975 173 10 976 174 10 977 373 37 978 376 37 979 375 37 980 390 37 981 391 37 982 389 37 983 387 0 984 167 0 985 168 0 986 386 1 987 166 1 988 165 1 989 386 37 990 387 37 991 385 37 992 328 6 993 329 6 994 330 6 995 335 6 996 338 6 997 336 6 998 390 1 999 338 1 1000 392 1 1001 387 10 1002 393 10 1003 385 10 1004 386 0 1005 393 0 1006 328 0 1007 389 0 1008 337 0 1009 335 0 1010 389 126 1011 336 126 1012 390 126 1013 392 127 1014 337 127 1015 391 127 1016 367 37 1020 368 37 1021 366 37 1022 354 6 1023 357 6 1024 355 6 1025 358 6 1026 361 6 1027 359 6 1028 394 10 1029 91 10 1030 90 10 1031 491 37 1032 489 37 1033 490 37 1034 398 1 1035 348 1 1036 400 1 1037 346 6 1038 348 6 1039 347 6 1040 397 128 1041 347 128 1042 398 128 1043 397 0 1044 401 0 1045 346 0 1046 400 10 1047 401 10 1048 399 10 1049 404 10 1056 19 10 1057 18 10 1058 407 37 1059 408 37 1060 406 37 1061 403 37 1062 404 37 1063 402 37 1064 202 6 1065 204 6 1066 410 6 1067 411 6 1068 285 6 1069 284 6 1070 404 1 1071 202 1 1072 402 1 1073 407 130 1077 285 130 1078 409 130 1079 406 1 1080 284 1 1081 407 1 1082 402 10 1086 410 10 1087 403 10 1088 134 10 1089 419 10 1090 132 10 1091 523 2 1092 418 2 1093 524 2 1094 137 2 1095 428 2 1096 139 2 1097 522 0 1098 414 0 1099 128 0 1100 136 0 1101 424 0 1102 135 0 1103 130 10 1104 415 10 1105 129 10 1106 140 10 1107 425 10 1108 138 10 1109 132 0 1110 420 0 1111 131 0 1112 128 2 1113 416 2 1114 523 2 1115 135 2 1116 426 2 1117 137 2 1118 436 0 1119 300 0 1120 301 0 1121 441 131 1122 304 131 1123 439 131 1124 431 132 1125 298 132 1126 445 132 1127 442 133 1128 305 133 1129 448 133 1130 432 134 1131 299 134 1132 434 134 1133 433 0 1134 418 0 1135 417 0 1136 296 135 1137 446 135 1138 297 135 1139 446 136 1140 298 136 1141 299 136 1142 300 6 1143 303 6 1144 301 6 1145 304 137 1146 448 137 1147 305 137 1148 448 138 1149 306 138 1150 307 138 1151 430 0 1152 296 0 1153 297 0 1154 438 1 1155 302 1 1156 437 1 1157 442 139 1158 307 139 1159 444 139 1160 436 140 1161 303 140 1162 438 140 1163 432 141 1164 297 141 1165 446 141 1166 441 142 1167 306 142 1168 447 142 1169 437 143 1170 300 143 1171 435 143 1172 431 144 1173 296 144 1174 429 144 1175 440 0 1176 304 0 1177 305 0 1178 434 1 1179 298 1 1180 433 1 1181 425 6 1182 428 6 1183 426 6 1184 423 6 1185 426 6 1186 424 6 1187 419 6 1188 422 6 1189 420 6 1190 415 6 1191 418 6 1192 416 6 1193 416 6 1194 413 6 1195 415 6 1196 436 37 1197 437 37 1198 435 37 1199 432 37 1200 433 37 1201 431 37 1202 431 37 1203 430 37 1204 432 37 1205 442 37 1206 443 37 1207 441 37 1208 440 37 1209 441 37 1210 439 37 1211 468 37 1212 469 37 1213 467 37 1214 23 10 1215 461 10 1216 24 10 1217 22 2 1221 460 2 1222 21 2 1223 21 1 1227 487 1 1228 485 1 1229 7 2 1230 451 2 1231 4 2 1232 8 1 1233 456 1 1234 9 1 1235 467 1 1245 479 1 1246 468 1 1247 469 2 1248 478 2 1249 467 2 1250 455 6 1251 458 6 1252 456 6 1253 451 6 1254 454 6 1255 452 6 1256 464 37 1257 465 37 1258 463 37 1259 473 37 1260 472 37 1261 474 37 1262 464 0 1263 451 0 1264 452 0 1265 460 6 1266 488 6 1267 487 6 1268 475 6 1269 477 6 1270 476 6 1271 478 6 1272 481 6 1273 479 6 1274 482 6 1275 483 6 1276 484 6 1277 465 146 1278 477 146 1279 197 146 1280 471 2 1281 482 2 1282 472 2 1283 474 10 1290 483 10 1291 473 10 1292 465 2 1296 475 2 1297 463 2 1298 472 1 1299 484 1 1300 474 1 1301 20 37 1305 18 37 1306 19 37 1307 38 147 1308 35 147 1309 37 147 1310 32 148 1311 75 148 1312 34 148 1313 40 37 1314 43 37 1315 41 37 1316 49 37 1317 51 37 1318 50 37 1319 47 37 1320 50 37 1321 48 37 1322 353 37 1323 48 37 1324 352 37 1325 46 37 1326 352 37 1327 351 37 1328 40 37 1329 351 37 1330 44 37 1331 42 37 1332 44 37 1333 45 37 1334 52 37 1335 53 37 1336 51 37 1337 54 149 1338 520 149 1339 53 149 1340 54 37 1341 57 37 1342 55 37 1343 152 37 1344 39 37 1345 151 37 1346 154 37 1347 72 37 1348 153 37 1349 64 37 1350 61 37 1351 63 37 1352 69 37 1353 67 37 1354 65 37 1355 73 37 1356 72 37 1357 60 37 1358 60 150 1359 71 150 1360 61 150 1361 153 37 1362 151 37 1363 154 37 1364 152 37 1365 156 37 1366 155 37 1367 80 37 1368 59 37 1369 58 37 1370 56 151 1371 39 151 1372 77 151 1373 521 152 1374 83 152 1375 84 152 1376 521 153 1377 86 153 1378 85 153 1379 107 154 1380 86 154 1381 87 154 1382 88 37 1383 91 37 1384 89 37 1385 93 155 1386 94 155 1387 145 155 1388 143 37 1389 146 37 1390 144 37 1391 95 156 1392 145 156 1393 94 156 1394 95 37 1395 100 37 1396 97 37 1397 96 37 1398 97 37 1399 98 37 1400 147 37 1401 149 37 1402 150 37 1403 101 37 1404 104 37 1405 102 37 1406 104 37 1407 147 37 1408 148 37 1409 192 157 1410 148 157 1411 191 157 1412 161 37 1413 158 37 1414 156 37 1415 155 37 1416 158 37 1417 157 37 1418 159 37 1419 157 37 1420 160 37 1421 161 37 1422 166 37 1423 163 37 1424 162 37 1425 163 37 1426 164 37 1427 167 37 1428 170 37 1429 168 37 1430 176 37 1431 177 37 1432 175 37 1433 181 37 1434 186 37 1435 183 37 1436 181 37 1437 180 37 1438 179 37 1439 182 37 1440 183 37 1441 184 37 1442 187 37 1443 190 37 1444 188 37 1445 2 37 1446 4 37 1447 3 37 1448 1 37 1449 22 37 1450 2 37 1451 0 37 1452 2 37 1453 3 37 1454 486 37 1455 21 37 1456 485 37 1457 23 37 1458 26 37 1459 24 37 1460 26 37 1461 27 37 1462 28 37 1463 27 37 1464 29 37 1465 30 37 1466 106 37 1467 108 37 1468 109 37 1469 111 37 1470 113 37 1471 109 37 1472 108 37 1473 111 37 1474 109 37 1475 123 37 1476 125 37 1477 126 37 1478 116 37 1479 117 37 1480 115 37 1481 117 37 1482 120 37 1483 119 37 1484 122 37 1485 124 37 1486 121 37 1487 15 37 1488 16 37 1489 12 37 1490 11 37 1491 12 37 1492 10 37 1493 13 37 1494 15 37 1495 12 37 1496 24 37 1497 485 37 1498 23 37 1499 487 6 1500 461 6 1501 462 6 1502 485 1 1506 462 1 1507 23 1 1508 496 0 1509 512 0 1510 498 0 1511 493 37 1512 492 37 1513 496 37 1514 494 37 1515 493 37 1516 497 37 1517 512 0 1518 500 0 1519 498 0 1520 498 2 1521 509 2 1522 497 2 1523 513 1 1524 497 1 1525 499 1 1526 503 6 1527 501 6 1528 502 6 1529 508 6 1530 512 6 1531 507 6 1532 508 6 1533 511 6 1534 509 6 1535 513 6 1536 512 6 1537 509 6 1538 502 1 1539 490 1 1540 489 1 1541 492 10 1542 506 10 1543 495 10 1544 494 158 1545 510 158 1546 83 158 1547 503 2 1548 489 2 1549 515 2 1550 497 2 1551 511 2 1552 494 2 1553 504 0 1554 515 0 1555 491 0 1556 493 10 1557 510 10 1558 508 10 1559 501 10 1560 491 10 1561 490 10 1562 495 0 1563 507 0 1564 496 0 1565 514 2 1566 499 2 1567 500 2 1568 493 1 1569 505 1 1570 492 1 1571 503 0 1572 519 0 1573 517 0 1574 515 2 1575 516 2 1576 489 2 1577 516 37 1578 519 37 1579 518 37 1580 492 10 1581 519 10 1582 495 10 1583 502 6 1584 506 6 1585 503 6 1586 502 10 1587 517 10 1588 516 10 1589 505 1 1590 516 1 1591 518 1 1592 506 2 1593 518 2 1594 519 2 1595 539 159 1599 323 159 1600 540 159 1601 539 2 1602 544 2 1603 538 2 1604 9 37 1605 10 37 1606 8 37 1607 8 37 1608 6 37 1609 9 37 1610 5 37 1611 7 37 1612 4 37 1613 130 37 1614 523 37 1615 524 37 1616 129 37 1617 128 37 1618 523 37 1619 449 37 1620 522 37 1621 127 37 1622 524 37 1623 132 37 1624 130 37 1625 131 37 1626 134 37 1627 132 37 1628 133 37 1629 136 37 1630 134 37 1631 135 37 1632 138 37 1633 136 37 1634 137 37 1635 140 37 1636 138 37 1637 139 37 1638 142 37 1639 140 37 1640 500 37 1641 497 37 1642 498 37 1643 106 37 1647 525 37 1648 107 37 1649 263 161 1650 81 161 1651 526 161 1652 526 162 1653 521 162 1654 80 162 1655 135 1 1656 304 1 1657 136 1 1658 396 1 1659 142 1 1660 141 1 1661 530 0 1662 396 0 1663 529 0 1664 143 0 1665 309 0 1666 310 0 1667 396 163 1668 309 163 1669 310 163 1670 528 1 1671 309 1 1672 527 1 1673 527 164 1674 308 164 1675 530 164 1676 528 165 1677 396 165 1678 310 165 1679 528 37 1680 530 37 1681 529 37 1682 532 6 1683 533 6 1684 531 6 1685 532 0 1686 537 0 1687 274 0 1688 534 37 1689 536 37 1690 535 37 1691 533 1 1692 535 1 1693 531 1 1694 274 10 1695 534 10 1696 533 10 1697 531 2 1698 536 2 1699 532 2 1700 541 37 1701 544 37 1702 542 37 1703 323 0 1704 544 0 1705 543 0 1706 540 1 1707 542 1 1708 539 1 1709 323 166 1710 541 166 1711 540 166 1712 545 167 1713 283 167 1714 547 167 1715 548 37 1716 550 37 1717 549 37 1718 283 0 1719 550 0 1720 551 0 1721 547 1 1722 549 1 1723 545 1 1724 283 168 1725 548 168 1726 547 168 1727 545 2 1728 550 2 1729 546 2 1730 341 6 1731 552 6 1732 553 6 1733 341 0 1734 558 0 1735 554 0 1736 555 37 1737 557 37 1738 556 37 1739 552 1 1740 556 1 1741 553 1 1742 554 10 1743 555 10 1744 552 10 1745 553 2 1746 557 2 1747 341 2 1748 561 169 1749 563 169 1750 565 169 1751 566 170 1752 563 170 1753 564 170 1754 561 10 1755 566 10 1756 562 10 1757 562 171 1758 564 171 1759 560 171 1760 560 2 1761 563 2 1762 559 2 1763 561 172 1764 560 172 1765 559 172 1766 170 37 1767 171 37 1768 172 37 1769 170 37 1770 174 37 1771 173 37 1772 152 0 1773 317 0 1774 260 0 1775 151 1 1776 222 1 1777 316 1 1778 10 2 1779 457 2 1780 455 2 1781 97 173 1782 273 173 1783 272 173 1784 4 1 1785 451 1 1786 452 1 1787 150 1 1788 314 1 1789 313 1 1790 145 0 1794 96 0 1795 270 0 1796 149 0 1797 103 0 1798 276 0 1799 52 0 1800 49 0 1801 231 0 1802 6 0 1803 454 0 1804 453 0 1805 94 1 1806 269 1 1807 271 1 1808 149 174 1809 315 174 1810 314 174 1811 52 175 1812 232 175 1813 233 175 1814 378 0 1815 377 0 1816 41 0 1817 104 176 1818 192 176 1819 538 176 1820 50 177 1821 230 177 1822 231 177 1823 93 0 1824 145 0 1825 268 0 1826 148 178 1827 312 178 1828 539 178 1829 92 179 1830 562 179 1831 269 179 1832 191 10 1833 539 10 1834 538 10 1835 147 1 1836 313 1 1837 312 1 1838 93 2 1842 561 2 1843 562 2 1844 146 180 1845 311 180 1846 309 180 1847 47 0 1848 353 0 1849 228 0 1850 90 181 1851 560 181 1852 559 181 1853 145 182 1854 143 182 1855 310 182 1856 47 183 1857 229 183 1858 372 183 1859 89 0 1860 91 0 1861 559 0 1862 145 184 1863 268 184 1864 311 184 1865 89 185 1866 267 185 1867 266 185 1868 88 1 1869 266 1 1870 560 1 1871 352 186 1872 371 186 1873 228 186 1874 87 187 1875 264 187 1876 279 187 1877 521 1 1878 82 1 1879 78 1 1880 86 1 1884 257 1 1885 264 1 1886 255 0 1890 257 0 1891 86 0 1892 46 0 1893 40 0 1894 221 0 1895 142 191 1908 308 191 1909 306 191 1910 139 192 1911 307 192 1912 396 192 1913 408 1 1917 409 1 1918 116 1 1919 41 0 1923 43 0 1924 224 0 1925 41 194 1926 383 194 1927 221 194 1928 139 0 1932 140 0 1933 306 0 1934 524 1 1935 418 1 1936 417 1 1937 131 2 1938 420 2 1939 422 2 1940 77 196 1941 260 196 1942 262 196 1943 138 10 1944 425 10 1945 423 10 1946 39 1 1947 223 1 1948 222 1 1949 129 10 1950 415 10 1951 413 10 1952 133 1 1953 422 1 1954 421 1 1955 80 0 1956 79 0 1957 262 0 1958 37 197 1959 216 197 1960 219 197 1961 136 198 1962 304 198 1963 302 198 1964 38 199 1965 219 199 1966 218 199 1967 77 1 1968 59 1 1969 259 1 1970 133 200 1971 303 200 1972 305 200 1973 36 201 1974 218 201 1975 217 201 1976 37 202 1977 35 202 1978 217 202 1979 33 204 1983 213 204 1984 215 204 1985 133 0 1986 134 0 1987 302 0 1988 132 206 1992 300 206 1993 298 206 1994 524 207 1995 299 207 1996 301 207 1997 131 1 1998 301 1 1999 300 1 2000 378 37 2001 380 37 2002 379 37 2003 391 2 2004 392 2 2005 176 2 2006 33 0 2007 32 0 2008 212 0 2009 398 37 2010 400 37 2011 399 37 2012 524 0 2013 130 0 2014 298 0 2015 188 0 2016 190 0 2017 349 0 2018 195 6 2019 196 6 2020 193 6 2021 196 208 2022 195 208 2023 475 208 2024 477 209 2025 197 209 2026 478 209 2027 480 210 2028 201 210 2029 198 210 2030 201 6 2031 199 6 2032 200 6 2033 201 211 2034 202 211 2035 410 211 2036 203 212 2037 294 212 2038 205 212 2039 193 6 2040 196 6 2041 206 6 2042 483 40 2043 207 40 2044 208 40 2045 207 6 2046 209 6 2047 210 6 2048 210 213 2049 381 213 2050 211 213 2051 212 6 2052 214 6 2053 215 6 2054 217 214 2055 218 214 2056 219 214 2057 383 215 2058 224 215 2059 220 215 2060 220 6 2061 225 6 2062 226 6 2063 221 6 2064 226 6 2065 370 6 2066 228 6 2067 371 6 2068 372 6 2069 230 6 2070 233 6 2071 232 6 2072 233 6 2073 234 6 2074 237 6 2075 234 6 2076 235 6 2077 236 6 2078 236 6 2079 238 6 2080 239 6 2081 238 6 2082 259 6 2083 240 6 2084 252 216 2085 253 216 2086 241 216 2087 242 6 2088 243 6 2089 244 6 2090 248 6 2091 245 6 2092 246 6 2093 243 6 2094 248 6 2095 247 6 2096 248 6 2097 249 6 2098 250 6 2099 316 6 2100 318 6 2101 252 6 2102 252 6 2103 553 6 2104 552 6 2105 239 6 2106 240 6 2107 260 6 2108 258 6 2109 257 6 2110 255 6 2111 265 6 2112 279 6 2113 264 6 2114 259 6 2115 261 6 2116 262 6 2117 255 217 2118 510 217 2119 254 217 2120 261 6 2121 256 6 2122 254 6 2123 267 6 2124 559 6 2125 560 6 2126 561 218 2127 268 218 2128 269 218 2129 268 6 2130 270 6 2131 271 6 2132 270 6 2133 272 6 2134 273 6 2135 273 6 2136 274 6 2137 532 6 2138 533 6 2139 275 6 2140 276 6 2141 265 6 2142 277 6 2143 278 6 2144 278 6 2145 280 6 2146 281 6 2147 280 6 2148 282 6 2149 283 6 2150 282 219 2151 280 219 2152 411 219 2153 412 6 2154 286 6 2155 287 6 2156 286 6 2157 288 6 2158 289 6 2159 286 6 2160 290 6 2161 291 6 2162 290 6 2163 292 6 2164 293 6 2165 293 6 2166 294 6 2167 295 6 2168 450 220 2169 296 220 2170 297 220 2171 298 6 2172 300 6 2173 301 6 2174 302 6 2175 304 6 2176 305 6 2177 306 221 2178 308 221 2179 396 221 2180 310 6 2181 309 6 2182 311 6 2183 275 6 2184 312 6 2185 313 6 2186 312 222 2187 275 222 2188 538 222 2189 313 6 2190 314 6 2191 315 6 2192 260 223 2193 317 223 2194 222 223 2195 222 6 2196 317 6 2197 318 6 2198 317 6 2199 319 6 2200 320 6 2201 319 6 2202 321 6 2203 322 6 2204 321 6 2205 319 6 2206 540 6 2207 322 6 2208 324 6 2209 325 6 2210 324 6 2211 326 6 2212 327 6 2213 327 6 2214 393 6 2215 328 6 2216 329 6 2217 331 6 2218 332 6 2219 331 6 2220 333 6 2221 334 6 2222 331 6 2223 335 6 2224 336 6 2225 337 6 2226 339 6 2227 340 6 2228 341 6 2229 342 6 2230 343 6 2231 342 6 2232 344 6 2233 345 6 2234 345 6 2235 346 6 2236 347 6 2237 401 6 2238 349 6 2239 350 6 2240 96 0 2241 98 0 2242 272 0 2243 99 1 2244 532 1 2245 274 1 2246 0 1 2247 194 1 2248 193 1 2249 152 0 2250 153 0 2251 318 0 2252 95 224 2253 271 224 2254 532 224 2255 3 225 2259 195 225 2260 194 225 2261 154 1 2262 316 1 2263 251 1 2264 100 226 2265 274 226 2266 273 226 2267 54 0 2268 52 0 2269 232 0 2270 3 1 2271 195 1 2272 196 1 2273 101 0 2274 102 0 2275 533 0 2276 101 60 2286 531 60 2287 276 60 2288 5 0 2289 476 0 2290 475 0 2291 156 228 2292 153 228 2293 318 228 2294 104 62 2295 275 62 2296 533 62 2297 155 230 2301 319 230 2302 317 230 2303 4 231 2307 475 231 2308 195 231 2309 157 0 2310 158 0 2311 322 0 2312 54 232 2313 237 232 2314 239 232 2315 279 234 2319 278 234 2320 106 234 2321 59 0 2322 58 0 2323 240 0 2324 7 235 2325 197 235 2326 477 235 2327 157 0 2328 321 0 2329 323 0 2330 159 1 2334 540 1 2335 319 1 2336 60 237 2337 61 237 2338 241 237 2339 107 1 2340 279 1 2341 281 1 2342 56 1 2343 239 1 2344 223 1 2345 9 0 2346 479 0 2347 478 0 2348 156 238 2349 320 238 2350 325 238 2351 72 0 2355 60 0 2356 253 0 2357 158 0 2361 162 0 2362 324 0 2363 110 240 2364 283 240 2365 282 240 2366 61 1 2367 241 1 2368 244 1 2369 7 2 2370 8 2 2371 478 2 2372 163 241 2373 327 241 2374 326 241 2375 108 1 2376 281 1 2377 283 1 2378 62 76 2379 242 76 2380 241 76 2381 62 0 2382 64 0 2383 243 0 2384 162 0 2385 164 0 2386 326 0 2387 243 242 2388 244 242 2389 63 242 2390 165 1 2391 328 1 2392 393 1 2393 10 1 2394 480 1 2395 481 1 2396 161 243 2397 325 243 2398 328 243 2399 166 244 2400 393 244 2401 327 244 2402 167 0 2403 168 0 2404 329 0 2405 65 245 2406 246 245 2407 245 245 2408 63 1 2409 244 1 2410 247 1 2411 12 246 2418 201 246 2419 480 246 2420 111 247 2421 282 247 2422 284 247 2423 67 1 2424 247 1 2425 246 1 2426 167 248 2430 330 248 2431 332 248 2432 64 0 2436 68 0 2437 248 0 2438 170 250 2442 331 250 2443 329 250 2444 115 1 2445 412 1 2446 285 1 2447 15 86 2448 199 86 2449 201 86 2450 171 1 2451 334 1 2452 333 1 2453 70 0 2454 69 0 2455 250 0 2456 169 4 2457 332 4 2458 334 4 2459 66 251 2460 245 251 2461 250 251 2462 70 252 2463 249 252 2464 248 252 2465 174 253 2466 336 253 2467 335 253 2468 116 254 2469 285 254 2470 287 254 2471 71 255 2472 251 255 2473 241 255 2474 17 256 2475 410 256 2476 202 256 2477 172 1 2478 333 1 2479 336 1 2480 153 0 2484 72 0 2485 252 0 2486 170 0 2490 173 0 2491 335 0 2492 119 0 2493 120 0 2494 289 0 2495 16 1 2496 202 1 2497 201 1 2498 118 258 2499 287 258 2500 289 258 2501 178 253 2502 340 253 2503 339 253 2504 122 0 2505 119 0 2506 288 0 2507 74 0 2508 73 0 2509 552 0 2510 18 259 2511 203 259 2512 204 259 2513 176 1 2514 338 1 2515 340 1 2516 60 260 2520 253 260 2521 552 260 2522 175 0 2526 177 0 2527 339 0 2528 74 263 2532 553 263 2533 252 263 2534 180 1 2538 341 1 2539 554 1 2540 18 264 2541 126 264 2542 294 264 2543 22 10 2547 21 10 2548 482 10 2549 1 265 2550 193 265 2551 482 265 2552 179 266 2556 554 266 2557 343 266 2558 24 2 2559 483 2 2560 484 2 2561 182 267 2562 342 267 2563 341 267 2564 184 0 2568 183 0 2569 345 0 2570 122 268 2571 291 268 2572 295 268 2573 77 0 2574 260 0 2575 240 0 2576 184 103 2580 344 103 2581 342 103 2582 254 270 2583 510 270 2584 83 270 2585 23 271 2586 484 271 2587 208 271 2588 185 272 2589 347 272 2590 346 272 2591 181 1 2595 343 1 2596 347 1 2597 545 273 2598 449 273 2599 127 273 2600 183 0 2604 186 0 2605 346 0 2606 128 1 2607 297 1 2608 296 1 2609 188 275 2610 401 275 2611 348 275 2612 449 276 2613 545 276 2614 297 276 2615 522 277 2619 296 277 2620 450 277 2621 30 1 2622 29 1 2623 211 1 2624 25 278 2625 208 278 2626 211 278 2627 189 272 2628 350 272 2629 349 272 2630 510 0 2631 255 0 2632 84 0 2633 187 1 2637 348 1 2638 350 1 2639 47 0 2643 359 0 2644 361 0 2645 48 10 2649 358 10 2650 359 10 2651 46 0 2652 355 0 2653 357 0 2654 351 10 2655 354 10 2656 355 10 2657 227 6 2673 370 6 2674 371 6 2675 229 282 2676 372 282 2677 230 282 2678 369 0 2679 367 0 2680 229 0 2681 366 283 2682 372 283 2683 229 283 2684 365 0 2685 363 0 2686 227 0 2687 375 0 2703 376 0 2704 31 0 2705 379 1 2706 380 1 2707 76 1 2708 374 1 2709 373 1 2710 30 1 2711 381 288 2712 212 288 2713 382 288 2714 383 289 2715 215 289 2716 384 289 2717 376 291 2721 374 291 2722 211 291 2723 379 293 2727 215 293 2728 383 293 2729 379 0 2730 380 0 2731 384 0 2732 386 295 2736 328 295 2737 330 295 2738 390 10 2739 389 10 2740 173 10 2741 373 37 2742 374 37 2743 376 37 2744 390 37 2745 392 37 2746 391 37 2747 387 0 2748 388 0 2749 167 0 2750 386 1 2751 385 1 2752 166 1 2753 386 37 2754 388 37 2755 387 37 2756 328 296 2757 393 296 2758 329 296 2759 335 6 2760 337 6 2761 338 6 2762 390 1 2763 336 1 2764 338 1 2765 387 297 2766 329 297 2767 393 297 2768 386 0 2769 385 0 2770 393 0 2771 389 0 2772 391 0 2773 337 0 2774 389 298 2775 335 298 2776 336 298 2777 392 299 2778 338 299 2779 337 299 2780 367 37 2784 369 37 2785 368 37 2786 354 6 2787 356 6 2788 357 6 2789 358 6 2790 360 6 2791 361 6 2792 394 10 2793 395 10 2794 91 10 2795 491 37 2796 515 37 2797 489 37 2798 398 1 2799 347 1 2800 348 1 2801 346 300 2802 401 300 2803 348 300 2804 397 301 2805 346 301 2806 347 301 2807 397 0 2808 399 0 2809 401 0 2810 400 302 2811 348 302 2812 401 302 2813 404 10 2820 405 10 2821 19 10 2822 407 37 2823 409 37 2824 408 37 2825 403 37 2826 405 37 2827 404 37 2828 202 6 2829 203 6 2830 204 6 2831 411 6 2832 412 6 2833 285 6 2834 404 1 2835 203 1 2836 202 1 2837 407 304 2841 284 304 2842 285 304 2843 406 1 2844 411 1 2845 284 1 2846 402 305 2850 202 305 2851 410 305 2852 134 10 2853 421 10 2854 419 10 2855 523 2 2856 416 2 2857 418 2 2858 137 2 2859 426 2 2860 428 2 2861 522 0 2862 413 0 2863 414 0 2864 136 0 2865 423 0 2866 424 0 2867 130 10 2868 417 10 2869 415 10 2870 140 10 2871 427 10 2872 425 10 2873 132 0 2874 419 0 2875 420 0 2876 128 2 2877 414 2 2878 416 2 2879 135 2 2880 424 2 2881 426 2 2882 436 0 2883 435 0 2884 300 0 2885 441 306 2886 447 306 2887 304 306 2888 431 307 2889 433 307 2890 298 307 2891 442 308 2892 440 308 2893 305 308 2894 432 309 2895 446 309 2896 299 309 2897 433 0 2898 434 0 2899 418 0 2900 296 6 2901 445 6 2902 446 6 2903 446 310 2904 445 310 2905 298 310 2906 300 6 2907 302 6 2908 303 6 2909 304 6 2910 447 6 2911 448 6 2912 448 311 2913 447 311 2914 306 311 2915 430 0 2916 429 0 2917 296 0 2918 438 1 2919 303 1 2920 302 1 2921 442 312 2922 448 312 2923 307 312 2924 436 313 2925 301 313 2926 303 313 2927 432 314 2928 430 314 2929 297 314 2930 441 315 2931 443 315 2932 306 315 2933 437 316 2934 302 316 2935 300 316 2936 431 317 2937 445 317 2938 296 317 2939 440 0 2940 439 0 2941 304 0 2942 434 1 2943 299 1 2944 298 1 2945 425 6 2946 427 6 2947 428 6 2948 423 6 2949 425 6 2950 426 6 2951 419 6 2952 421 6 2953 422 6 2954 415 6 2955 417 6 2956 418 6 2957 416 6 2958 414 6 2959 413 6 2960 436 37 2961 438 37 2962 437 37 2963 432 37 2964 434 37 2965 433 37 2966 431 37 2967 429 37 2968 430 37 2969 442 37 2970 444 37 2971 443 37 2972 440 37 2973 442 37 2974 441 37 2975 468 37 2976 470 37 2977 469 37 2978 23 10 2979 462 10 2980 461 10 2981 22 2 2985 459 2 2986 460 2 2987 21 1 2991 460 1 2992 487 1 2993 7 2 2994 453 2 2995 451 2 2996 8 1 2997 455 1 2998 456 1 2999 467 1 3009 478 1 3010 479 1 3011 469 2 3012 480 2 3013 478 2 3014 455 6 3015 457 6 3016 458 6 3017 451 6 3018 453 6 3019 454 6 3020 464 37 3021 466 37 3022 465 37 3023 473 37 3024 471 37 3025 472 37 3026 464 0 3027 463 0 3028 451 0 3029 460 6 3030 459 6 3031 488 6 3032 475 318 3033 197 318 3034 477 318 3035 478 6 3036 480 6 3037 481 6 3038 482 319 3039 206 319 3040 483 319 3041 465 0 3042 466 0 3043 477 0 3044 471 320 3045 206 320 3046 482 320 3047 474 10 3054 484 10 3055 483 10 3056 465 321 3060 197 321 3061 475 321 3062 472 1 3063 482 1 3064 484 1 3065 20 322 3069 126 322 3070 18 322 3071 38 323 3072 36 323 3073 35 323 3074 32 324 3075 33 324 3076 75 324 3077 40 37 3078 42 37 3079 43 37 3080 49 37 3081 52 37 3082 51 37 3083 47 37 3084 49 37 3085 50 37 3086 353 37 3087 47 37 3088 48 37 3089 46 37 3090 353 37 3091 352 37 3092 40 37 3093 46 37 3094 351 37 3095 42 37 3096 40 37 3097 44 37 3098 52 37 3099 54 37 3100 53 37 3101 54 325 3102 55 325 3103 520 325 3104 54 37 3105 56 37 3106 57 37 3107 152 326 3108 77 326 3109 39 326 3110 154 37 3111 71 37 3112 72 37 3113 67 37 3114 68 37 3115 64 37 3116 64 37 3117 62 37 3118 61 37 3119 63 37 3120 67 37 3121 64 37 3122 69 37 3123 70 37 3124 67 37 3125 73 37 3126 74 37 3127 72 37 3128 60 37 3129 72 37 3130 71 37 3131 153 37 3132 152 37 3133 151 37 3134 152 327 3135 153 327 3136 156 327 3137 77 37 3138 79 37 3139 58 37 3140 79 37 3141 80 37 3142 58 37 3143 77 37 3144 59 37 3145 56 37 3146 59 37 3147 57 37 3148 56 37 3149 521 328 3150 81 328 3151 83 328 3152 521 329 3153 84 329 3154 86 329 3155 107 330 3156 525 330 3157 86 330 3158 88 37 3159 90 37 3160 91 37 3161 93 37 3162 92 37 3163 94 37 3164 143 37 3165 145 37 3166 146 37 3167 95 331 3168 96 331 3169 145 331 3170 95 37 3171 99 37 3172 100 37 3173 96 37 3174 95 37 3175 97 37 3176 147 37 3177 103 37 3178 149 37 3179 101 37 3180 103 37 3181 104 37 3182 104 37 3183 103 37 3184 147 37 3185 192 332 3186 104 332 3187 148 332 3188 161 37 3189 162 37 3190 158 37 3191 155 37 3192 156 37 3193 158 37 3194 159 37 3195 155 37 3196 157 37 3197 161 37 3198 165 37 3199 166 37 3200 162 37 3201 161 37 3202 163 37 3203 167 37 3204 169 37 3205 170 37 3206 176 37 3207 178 37 3208 177 37 3209 181 37 3210 185 37 3211 186 37 3212 181 37 3213 182 37 3214 180 37 3215 182 37 3216 181 37 3217 183 37 3218 187 37 3219 189 37 3220 190 37 3221 2 37 3222 5 37 3223 4 37 3224 1 37 3225 21 37 3226 22 37 3227 0 37 3228 1 37 3229 2 37 3230 486 37 3231 22 37 3232 21 37 3233 23 37 3234 25 37 3235 26 37 3236 26 37 3237 25 37 3238 27 37 3239 27 37 3240 25 37 3241 29 37 3242 106 37 3243 107 37 3244 108 37 3245 111 37 3246 114 37 3247 113 37 3248 108 37 3249 110 37 3250 111 37 3251 123 37 3252 122 37 3253 125 37 3254 116 37 3255 118 37 3256 117 37 3257 117 37 3258 118 37 3259 120 37 3260 121 37 3261 117 37 3262 119 37 3263 122 37 3264 123 37 3265 124 37 3266 121 37 3267 119 37 3268 122 37 3269 15 37 3270 17 37 3271 16 37 3272 11 37 3273 13 37 3274 12 37 3275 13 37 3276 14 37 3277 15 37 3278 24 37 3279 486 37 3280 485 37 3281 487 6 3282 488 6 3283 461 6 3284 485 1 3288 487 1 3289 462 1 3290 496 0 3291 507 0 3292 512 0 3293 492 37 3294 495 37 3295 496 37 3296 496 37 3297 498 37 3298 493 37 3299 498 37 3300 497 37 3301 493 37 3302 494 333 3303 83 333 3304 493 333 3305 512 0 3306 514 0 3307 500 0 3308 498 2 3309 512 2 3310 509 2 3311 513 1 3312 509 1 3313 497 1 3314 503 6 3315 504 6 3316 501 6 3317 507 6 3318 506 6 3319 505 6 3320 508 6 3321 509 6 3322 512 6 3323 507 6 3324 505 6 3325 508 6 3326 508 6 3327 510 6 3328 511 6 3329 513 6 3330 514 6 3331 512 6 3332 502 1 3333 501 1 3334 490 1 3335 492 10 3336 505 10 3337 506 10 3338 494 1 3339 511 1 3340 510 1 3341 503 2 3342 502 2 3343 489 2 3344 497 2 3345 509 2 3346 511 2 3347 504 0 3348 503 0 3349 515 0 3350 493 334 3351 83 334 3352 510 334 3353 501 10 3354 504 10 3355 491 10 3356 495 0 3357 506 0 3358 507 0 3359 514 2 3360 513 2 3361 499 2 3362 493 1 3363 508 1 3364 505 1 3365 503 0 3366 506 0 3367 519 0 3368 515 2 3369 517 2 3370 516 2 3371 516 37 3372 517 37 3373 519 37 3374 492 10 3375 518 10 3376 519 10 3377 502 6 3378 505 6 3379 506 6 3380 502 10 3381 503 10 3382 517 10 3383 505 1 3384 502 1 3385 516 1 3386 506 2 3387 505 2 3388 518 2 3389 539 6 3393 538 6 3394 323 6 3395 539 2 3396 542 2 3397 544 2 3398 9 37 3399 11 37 3400 10 37 3401 8 37 3402 7 37 3403 6 37 3404 5 37 3405 6 37 3406 7 37 3407 130 37 3408 129 37 3409 523 37 3410 129 37 3411 522 37 3412 128 37 3413 449 37 3414 128 37 3415 522 37 3416 524 37 3417 131 37 3418 132 37 3419 131 37 3420 133 37 3421 134 37 3422 133 37 3423 135 37 3424 136 37 3425 135 37 3426 137 37 3427 138 37 3428 137 37 3429 139 37 3430 140 37 3431 139 37 3432 141 37 3433 142 37 3434 500 37 3435 499 37 3436 497 37 3437 106 37 3441 105 37 3442 525 37 3443 263 337 3444 254 337 3445 81 337 3446 526 338 3447 81 338 3448 521 338 3449 135 1 3450 305 1 3451 304 1 3452 396 1 3453 308 1 3454 142 1 3455 530 339 3456 308 339 3457 396 339 3458 143 0 3459 144 0 3460 309 0 3461 396 340 3462 308 340 3463 309 340 3464 528 1 3465 310 1 3466 309 1 3467 527 164 3468 309 164 3469 308 164 3470 528 2 3471 529 2 3472 396 2 3473 528 37 3474 527 37 3475 530 37 3476 532 6 3477 274 6 3478 533 6 3479 532 0 3480 536 0 3481 537 0 3482 534 37 3483 537 37 3484 536 37 3485 533 1 3486 534 1 3487 535 1 3488 274 10 3489 537 10 3490 534 10 3491 531 2 3492 535 2 3493 536 2 3494 541 37 3495 543 37 3496 544 37 3497 323 0 3498 538 0 3499 544 0 3500 540 1 3501 541 1 3502 542 1 3503 323 341 3504 543 341 3505 541 341 3506 545 6 3507 546 6 3508 283 6 3509 548 37 3510 551 37 3511 550 37 3512 283 0 3513 546 0 3514 550 0 3515 547 1 3516 548 1 3517 549 1 3518 283 342 3519 551 342 3520 548 342 3521 545 2 3522 549 2 3523 550 2 3524 341 6 3525 554 6 3526 552 6 3527 341 0 3528 557 0 3529 558 0 3530 555 37 3531 558 37 3532 557 37 3533 552 1 3534 555 1 3535 556 1 3536 554 10 3537 558 10 3538 555 10 3539 553 2 3540 556 2 3541 557 2 3542 561 0 3543 559 0 3544 563 0 3545 566 343 3546 565 343 3547 563 343 3548 561 10 3549 565 10 3550 566 10 3551 562 344 3552 566 344 3553 564 344 3554 560 2 3555 564 2 3556 563 2 3557 561 345 3558 562 345 3559 560 345 3560 170 37 3561 169 37 3562 171 37 3563 170 37 3564 172 37 3565 174 37 3566</p>
        </triangles>
      </mesh>
    </geometry>
    <geometry id="Window_006-mesh" name="Window.006">
      <mesh>
        <source id="Window_006-mesh-positions">
          <float_array id="Window_006-mesh-positions-array" count="192">-1.39 -0.02499997 0 -1.39 0.02499997 0 -1.34 -0.02499997 0.04999995 -1.34 0.02499997 0.04999995 1.34 -0.02499997 0.04999995 1.34 0.02499997 0.04999995 1.39 -0.02499997 0 1.39 0.02499997 0 -1.39 -0.02499997 1.53 -1.39 0.02499997 1.53 -1.34 -0.02499997 1.48 -1.34 0.02499997 1.48 1.34 -0.02499997 1.48 1.34 0.02499997 1.48 1.39 -0.02499997 1.53 1.39 0.02499997 1.53 -1.34 0.01499998 0.04999995 -1.29 0.01499998 0.1 -1.29 0.06499999 0.1 -1.34 0.06499999 0.04999995 -1.34 0.01499998 1.48 -1.29 0.01499998 1.43 -1.29 0.06499999 1.43 -1.34 0.06499999 1.48 1.34 0.01499998 1.48 1.29 0.01499998 1.43 1.29 0.06499999 1.43 1.34 0.06499999 1.48 1.34 0.01499998 0.04999995 1.29 0.01499998 0.1 1.29 0.06499999 0.1 1.34 0.06499999 0.04999995 -1.29 0.02999997 0.1 -1.27 0.02999997 0.12 -1.27 0.04999995 0.12 -1.29 0.04999995 0.1 -1.29 0.02999997 1.43 -1.27 0.02999997 1.41 -1.27 0.04999995 1.41 -1.29 0.04999995 1.43 1.29 0.02999997 1.43 1.27 0.02999997 1.41 1.27 0.04999995 1.41 1.29 0.04999995 1.43 1.29 0.02999997 0.1 1.27 0.02999997 0.12 1.27 0.04999995 0.12 1.29 0.04999995 0.1 -1.27 0.03499996 0.12 -1.27 0.03499996 1.41 1.27 0.03499996 1.41 1.27 0.03499996 0.12 -1.27 0.04499995 0.12 -1.27 0.04499995 1.41 1.27 0.04499995 1.41 1.27 0.04499995 0.12 -1.39 0.105 0 1.39 0.105 0 -1.39 -0.105 0 1.39 -0.105 0 -1.39 0.105 -0.00999999 1.39 0.105 -0.00999999 -1.39 -0.105 -0.00999999 1.39 -0.105 -0.00999999</float_array>
          <technique_common>
            <accessor source="#Window_006-mesh-positions-array" count="64" stride="3">
              <param name="X" type="float"/>
              <param name="Y" type="float"/>
              <param name="Z" type="float"/>
            </accessor>
          </technique_common>
        </source>
        <source id="Window_006-mesh-normals">
          <float_array id="Window_006-mesh-normals-array" count="312">0 0 -1 0 0 1 0 -1 0 0 1 0 -1 0 0 0 1 0 1 0 0 0 -1 0 -1 0 0 0 1 0 1 0 0 0 -1 0 0 -1 0 1 0 0 0 1 0 -1 0 0 0 -1 0 0 0 -1 0 1 0 0 0 1 0 -1 0 -1 0 0 0 1 0 1 0 0 0 -1 0 0 0 1 0 1 0 0 0 -1 0 -1 0 1 0 0 0 1 0 0 -1 0 0 0 -1 0 1 0 0 -1 0 -1 0 0 0 1 0 0 -1 0 0 0 1 0 1 0 0 -1 0 0 1 0 0 0 1 0 0 -1 0 -1 0 0 1 0 0 0 -1 0 1 0 0 0 1 0 -1 0 -1 0 0 1 0 0 0 0 -1 0 0 1 0 -1 0 0 1 0 -1 0 0 0 1 0 1 0 0 0 -1 0 -1 0 0 0 1 0 1 0 0 0 -1 0 0 -1 0 1 0 0 0 1 0 -1 0 0 0 -1 0 0 0 -1 0 1 0 0 0 1 0 -1 0 -1 0 0 0 1 0 1 0 0 0 -1 0 0 0 1 0 1 0 0 0 -1 0 -1 0 1 0 0 0 1 0 0 -1 0 0 0 -1 0 1 0 0 -1 0 -1 0 0 0 1 0 0 -1 0 0 0 1 0 1 0 0 -1 0 0 1 0 0 0 1 0 0 -1 0 -1 0 0 1 0 0 0 -1 0 1 0 0 0 1 0 -1 0 -1 0 0 1 0 0</float_array>
          <technique_common>
            <accessor source="#Window_006-mesh-normals-array" count="104" stride="3">
              <param name="X" type="float"/>
              <param name="Y" type="float"/>
              <param name="Z" type="float"/>
            </accessor>
          </technique_common>
        </source>
        <vertices id="Window_006-mesh-vertices">
          <input semantic="POSITION" source="#Window_006-mesh-positions"/>
        </vertices>
        <triangles material="Plastic-material" count="64">
          <input semantic="VERTEX" source="#Window_006-mesh-vertices" offset="0"/>
          <input semantic="NORMAL" source="#Window_006-mesh-normals" offset="1"/>
          <p>1 0 6 0 0 0 2 1 5 1 3 1 4 2 0 2 6 2 3 3 7 3 1 3 0 4 9 4 1 4 1 5 11 5 3 5 3 6 10 6 2 6 2 7 8 7 0 7 4 8 13 8 5 8 5 9 15 9 7 9 7 10 14 10 6 10 6 11 12 11 4 11 17 12 20 12 16 12 18 13 21 13 17 13 19 14 22 14 18 14 16 15 23 15 19 15 21 16 24 16 20 16 22 17 25 17 21 17 23 18 26 18 22 18 20 19 27 19 23 19 25 20 28 20 24 20 26 21 29 21 25 21 27 22 30 22 26 22 24 23 31 23 27 23 29 24 16 24 28 24 30 25 17 25 29 25 31 26 18 26 30 26 28 27 19 27 31 27 8 42 15 42 9 42 11 43 12 43 10 43 10 44 14 44 8 44 13 45 9 45 15 45 1 52 7 52 6 52 2 53 4 53 5 53 4 54 2 54 0 54 3 55 5 55 7 55 0 56 8 56 9 56 1 57 9 57 11 57 3 58 11 58 10 58 2 59 10 59 8 59 4 60 12 60 13 60 5 61 13 61 15 61 7 62 15 62 14 62 6 63 14 63 12 63 17 64 21 64 20 64 18 65 22 65 21 65 19 66 23 66 22 66 16 67 20 67 23 67 21 68 25 68 24 68 22 69 26 69 25 69 23 70 27 70 26 70 20 71 24 71 27 71 25 72 29 72 28 72 26 73 30 73 29 73 27 74 31 74 30 74 24 75 28 75 31 75 29 76 17 76 16 76 30 77 18 77 17 77 31 78 19 78 18 78 28 79 16 79 19 79 8 94 14 94 15 94 11 95 13 95 12 95 10 96 12 96 14 96 13 97 11 97 9 97</p>
        </triangles>
        <triangles material="Plastic-material" count="24">
          <input semantic="VERTEX" source="#Window_006-mesh-vertices" offset="0"/>
          <input semantic="NORMAL" source="#Window_006-mesh-normals" offset="1"/>
          <p>33 28 36 28 32 28 34 29 37 29 33 29 35 30 38 30 34 30 37 31 40 31 36 31 38 32 41 32 37 32 39 33 42 33 38 33 41 34 44 34 40 34 42 35 45 35 41 35 43 36 46 36 42 36 45 37 32 37 44 37 46 38 33 38 45 38 47 39 34 39 46 39 33 80 37 80 36 80 34 81 38 81 37 81 35 82 39 82 38 82 37 83 41 83 40 83 38 84 42 84 41 84 39 85 43 85 42 85 41 86 45 86 44 86 42 87 46 87 45 87 43 88 47 88 46 88 45 89 33 89 32 89 46 90 34 90 33 90 47 91 35 91 34 91</p>
        </triangles>
        <triangles material="Glass-material" count="4">
          <input semantic="VERTEX" source="#Window_006-mesh-vertices" offset="0"/>
          <input semantic="NORMAL" source="#Window_006-mesh-normals" offset="1"/>
          <p>48 40 50 40 49 40 53 41 55 41 52 41 48 92 51 92 50 92 53 93 54 93 55 93</p>
        </triangles>
        <triangles material="Marble-material" count="12">
          <input semantic="VERTEX" source="#Window_006-mesh-vertices" offset="0"/>
          <input semantic="NORMAL" source="#Window_006-mesh-normals" offset="1"/>
          <p>62 46 61 46 63 46 60 47 57 47 61 47 59 48 56 48 58 48 63 49 58 49 62 49 62 50 56 50 60 50 63 51 57 51 59 51 62 98 60 98 61 98 60 99 56 99 57 99 59 100 57 100 56 100 63 101 59 101 58 101 62 102 58 102 56 102 63 103 61 103 57 103</p>
        </triangles>
      </mesh>
    </geometry>
    <geometry id="Window_001-mesh" name="Window.001">
      <mesh>
        <source id="Window_001-mesh-positions">
          <float_array id="Window_001-mesh-positions-array" count="192">-1.38 -0.02499997 0 -1.38 0.02499997 0 -1.33 -0.02499997 0.04999995 -1.33 0.02499997 0.04999995 1.33 -0.02499997 0.04999995 1.33 0.02499997 0.04999995 1.38 -0.02499997 0 1.38 0.02499997 0 -1.38 -0.02499997 1.51 -1.38 0.02499997 1.51 -1.33 -0.02499997 1.46 -1.33 0.02499997 1.46 1.33 -0.02499997 1.46 1.33 0.02499997 1.46 1.38 -0.02499997 1.51 1.38 0.02499997 1.51 -1.33 0.01499998 0.04999995 -1.28 0.01499998 0.1 -1.28 0.06499999 0.1 -1.33 0.06499999 0.04999995 -1.33 0.01499998 1.46 -1.28 0.01499998 1.41 -1.28 0.06499999 1.41 -1.33 0.06499999 1.46 1.33 0.01499998 1.46 1.28 0.01499998 1.41 1.28 0.06499999 1.41 1.33 0.06499999 1.46 1.33 0.01499998 0.04999995 1.28 0.01499998 0.1 1.28 0.06499999 0.1 1.33 0.06499999 0.04999995 -1.28 0.02999997 0.1 -1.26 0.02999997 0.12 -1.26 0.04999995 0.12 -1.28 0.04999995 0.1 -1.28 0.02999997 1.41 -1.26 0.02999997 1.39 -1.26 0.04999995 1.39 -1.28 0.04999995 1.41 1.28 0.02999997 1.41 1.26 0.02999997 1.39 1.26 0.04999995 1.39 1.28 0.04999995 1.41 1.28 0.02999997 0.1 1.26 0.02999997 0.12 1.26 0.04999995 0.12 1.28 0.04999995 0.1 -1.26 0.03499996 0.12 -1.26 0.03499996 1.39 1.26 0.03499996 1.39 1.26 0.03499996 0.12 -1.26 0.04499995 0.12 -1.26 0.04499995 1.39 1.26 0.04499995 1.39 1.26 0.04499995 0.12 -1.38 0.105 0 1.38 0.105 0 -1.38 -0.105 0 1.38 -0.105 0 -1.38 0.105 -0.00999999 1.38 0.105 -0.00999999 -1.38 -0.105 -0.00999999 1.38 -0.105 -0.00999999</float_array>
          <technique_common>
            <accessor source="#Window_001-mesh-positions-array" count="64" stride="3">
              <param name="X" type="float"/>
              <param name="Y" type="float"/>
              <param name="Z" type="float"/>
            </accessor>
          </technique_common>
        </source>
        <source id="Window_001-mesh-normals">
          <float_array id="Window_001-mesh-normals-array" count="312">0 0 -1 0 0 1 0 -1 0 0 1 0 -1 0 0 0 1 0 1 0 0 0 -1 0 -1 0 0 0 1 0 1 0 0 0 -1 0 0 -1 0 1 0 0 0 1 0 -1 0 0 0 -1 0 0 0 -1 0 1 0 0 0 1 0 -1 0 -1 0 0 0 1 0 1 0 0 0 -1 0 0 0 1 0 1 0 0 0 -1 0 -1 0 1 0 0 0 1 0 0 -1 0 0 0 -1 0 1 0 0 -1 0 -1 0 0 0 1 0 0 -1 0 0 0 1 0 1 0 0 -1 0 0 1 0 0 0 1 0 0 -1 0 -1 0 0 1 0 0 0 -1 0 1 0 0 0 1 0 -1 0 -1 0 0 1 0 0 0 0 -1 0 0 1 0 -1 0 0 1 0 -1 0 0 0 1 0 1 0 0 0 -1 0 -1 0 0 0 1 0 1 0 0 0 -1 0 0 -1 0 1 0 0 0 1 0 -1 0 0 0 -1 0 0 0 -1 0 1 0 0 0 1 0 -1 0 -1 0 0 0 1 0 1 0 0 0 -1 0 0 0 1 0 1 0 0 0 -1 0 -1 0 1 0 0 0 1 0 0 -1 0 0 0 -1 0 1 0 0 -1 0 -1 0 0 0 1 0 0 -1 0 0 0 1 0 1 0 0 -1 0 0 1 0 0 0 1 0 0 -1 0 -1 0 0 1 0 0 0 -1 0 1 0 0 0 1 0 -1 0 -1 0 0 1 0 0</float_array>
          <technique_common>
            <accessor source="#Window_001-mesh-normals-array" count="104" stride="3">
              <param name="X" type="float"/>
              <param name="Y" type="float"/>
              <param name="Z" type="float"/>
            </accessor>
          </technique_common>
        </source>
        <vertices id="Window_001-mesh-vertices">
          <input semantic="POSITION" source="#Window_001-mesh-positions"/>
        </vertices>
        <triangles material="Plastic-material" count="64">
          <input semantic="VERTEX" source="#Window_001-mesh-vertices" offset="0"/>
          <input semantic="NORMAL" source="#Window_001-mesh-normals" offset="1"/>
          <p>1 0 6 0 0 0 2 1 5 1 3 1 4 2 0 2 6 2 3 3 7 3 1 3 0 4 9 4 1 4 1 5 11 5 3 5 3 6 10 6 2 6 2 7 8 7 0 7 4 8 13 8 5 8 5 9 15 9 7 9 7 10 14 10 6 10 6 11 12 11 4 11 17 12 20 12 16 12 18 13 21 13 17 13 19 14 22 14 18 14 16 15 23 15 19 15 21 16 24 16 20 16 22 17 25 17 21 17 23 18 26 18 22 18 20 19 27 19 23 19 25 20 28 20 24 20 26 21 29 21 25 21 27 22 30 22 26 22 24 23 31 23 27 23 29 24 16 24 28 24 30 25 17 25 29 25 31 26 18 26 30 26 28 27 19 27 31 27 8 42 15 42 9 42 11 43 12 43 10 43 10 44 14 44 8 44 13 45 9 45 15 45 1 52 7 52 6 52 2 53 4 53 5 53 4 54 2 54 0 54 3 55 5 55 7 55 0 56 8 56 9 56 1 57 9 57 11 57 3 58 11 58 10 58 2 59 10 59 8 59 4 60 12 60 13 60 5 61 13 61 15 61 7 62 15 62 14 62 6 63 14 63 12 63 17 64 21 64 20 64 18 65 22 65 21 65 19 66 23 66 22 66 16 67 20 67 23 67 21 68 25 68 24 68 22 69 26 69 25 69 23 70 27 70 26 70 20 71 24 71 27 71 25 72 29 72 28 72 26 73 30 73 29 73 27 74 31 74 30 74 24 75 28 75 31 75 29 76 17 76 16 76 30 77 18 77 17 77 31 78 19 78 18 78 28 79 16 79 19 79 8 94 14 94 15 94 11 95 13 95 12 95 10 96 12 96 14 96 13 97 11 97 9 97</p>
        </triangles>
        <triangles material="Plastic-material" count="24">
          <input semantic="VERTEX" source="#Window_001-mesh-vertices" offset="0"/>
          <input semantic="NORMAL" source="#Window_001-mesh-normals" offset="1"/>
          <p>33 28 36 28 32 28 34 29 37 29 33 29 35 30 38 30 34 30 37 31 40 31 36 31 38 32 41 32 37 32 39 33 42 33 38 33 41 34 44 34 40 34 42 35 45 35 41 35 43 36 46 36 42 36 45 37 32 37 44 37 46 38 33 38 45 38 47 39 34 39 46 39 33 80 37 80 36 80 34 81 38 81 37 81 35 82 39 82 38 82 37 83 41 83 40 83 38 84 42 84 41 84 39 85 43 85 42 85 41 86 45 86 44 86 42 87 46 87 45 87 43 88 47 88 46 88 45 89 33 89 32 89 46 90 34 90 33 90 47 91 35 91 34 91</p>
        </triangles>
        <triangles material="Glass-material" count="4">
          <input semantic="VERTEX" source="#Window_001-mesh-vertices" offset="0"/>
          <input semantic="NORMAL" source="#Window_001-mesh-normals" offset="1"/>
          <p>48 40 50 40 49 40 53 41 55 41 52 41 48 92 51 92 50 92 53 93 54 93 55 93</p>
        </triangles>
        <triangles material="Marble-material" count="12">
          <input semantic="VERTEX" source="#Window_001-mesh-vertices" offset="0"/>
          <input semantic="NORMAL" source="#Window_001-mesh-normals" offset="1"/>
          <p>62 46 61 46 63 46 60 47 57 47 61 47 59 48 56 48 58 48 63 49 58 49 62 49 62 50 56 50 60 50 63 51 57 51 59 51 62 98 60 98 61 98 60 99 56 99 57 99 59 100 57 100 56 100 63 101 59 101 58 101 62 102 58 102 56 102 63 103 61 103 57 103</p>
        </triangles>
      </mesh>
    </geometry>
    <geometry id="Window_021-mesh" name="Window.021">
      <mesh>
        <source id="Window_021-mesh-positions">
          <float_array id="Window_021-mesh-positions-array" count="192">26.68731 -18.74675 0.9143628 26.68731 -18.68675 0.9143628 26.74731 -18.74675 0.9743627 26.74731 -18.68675 0.9743627 27.84731 -18.74675 0.9743627 27.84731 -18.68675 0.9743627 27.90731 -18.74675 0.9143628 27.90731 -18.68675 0.9143628 26.68731 -18.74675 2.134363 26.68731 -18.68675 2.134363 26.74731 -18.74675 2.074363 26.74731 -18.68675 2.074363 27.84731 -18.74675 2.074363 27.84731 -18.68675 2.074363 27.90731 -18.74675 2.134363 27.90731 -18.68675 2.134363 26.74731 -18.69675 0.9743627 26.78731 -18.69675 1.014363 26.78731 -18.65675 1.014363 26.74731 -18.65675 0.9743627 26.74731 -18.69675 2.074363 26.78731 -18.69675 2.034363 26.78731 -18.65675 2.034363 26.74731 -18.65675 2.074363 27.84731 -18.69675 2.074363 27.80731 -18.69675 2.034363 27.80731 -18.65675 2.034363 27.84731 -18.65675 2.074363 27.84731 -18.69675 0.9743627 27.80731 -18.69675 1.014363 27.80731 -18.65675 1.014363 27.84731 -18.65675 0.9743627 26.78731 -18.68175 1.014363 26.79731 -18.68175 1.024363 26.79731 -18.67175 1.024363 26.78731 -18.67175 1.014363 26.78731 -18.68175 2.034363 26.79731 -18.68175 2.024363 26.79731 -18.67175 2.024363 26.78731 -18.67175 2.034363 27.80731 -18.68175 2.034363 27.79731 -18.68175 2.024363 27.79731 -18.67175 2.024363 27.80731 -18.67175 2.034363 27.80731 -18.68175 1.014363 27.79731 -18.68175 1.024363 27.79731 -18.67175 1.024363 27.80731 -18.67175 1.014363 26.79731 -18.68175 1.024363 26.79731 -18.68175 2.024363 27.79731 -18.68175 2.024363 27.79731 -18.68175 1.024363 26.79731 -18.67175 1.024363 26.79731 -18.67175 2.024363 27.79731 -18.67175 2.024363 27.79731 -18.67175 1.024363 26.68731 -18.66175 0.9143628 27.90731 -18.66175 0.9143628 26.68731 -18.77175 0.9143628 27.90731 -18.77175 0.9143628 26.68731 -18.66175 0.9043628 27.90731 -18.66175 0.9043628 26.68731 -18.77175 0.9043628 27.90731 -18.77175 0.9043628</float_array>
          <technique_common>
            <accessor source="#Window_021-mesh-positions-array" count="64" stride="3">
              <param name="X" type="float"/>
              <param name="Y" type="float"/>
              <param name="Z" type="float"/>
            </accessor>
          </technique_common>
        </source>
        <source id="Window_021-mesh-normals">
          <float_array id="Window_021-mesh-normals-array" count="312">0 0 -1 0 0 1 0 -1 0 0 1 0 -1 0 0 0 1 0 1 0 0 0 -1 0 -1 0 0 0 1 0 1 0 0 0 -1 0 0 -1 0 1 0 0 0 1 0 -1 0 0 0 -1 0 0 0 -1 0 1 0 0 0 1 0 -1 0 -1 0 0 0 1 0 1 0 0 0 -1 0 0 0 1 0 1 0 0 0 -1 0 -1 0 1 0 0 0 1 0 0 -1 0 0 0 -1 0 1 0 0 -1 0 -1 0 0 0 1 0 0 -1 0 0 0 1 0 1 0 0 -1 0 0 1 0 0 0 1 0 0 -1 0 -1 0 0 1 0 0 0 -1 0 1 0 0 0 1 0 -1 0 -1 0 0 1 0 0 0 0 -1 0 0 1 0 -1 0 0 1 0 -1 0 0 0 1 0 1 0 0 0 -1 0 -1 0 0 0 1 0 1 0 0 0 -1 0 0 -1 0 1 0 0 0 1 0 -1 0 0 0 -1 0 0 0 -1 0 1 0 0 0 1 0 -1 0 -1 0 0 0 1 0 1 0 0 0 -1 0 0 0 1 0 1 0 0 0 -1 0 -1 0 1 0 0 0 1 0 0 -1 0 0 0 -1 0 1 0 0 -1 0 -1 0 0 0 1 0 0 -1 0 0 0 1 0 1 0 0 -1 0 0 1 0 0 0 1 0 0 -1 0 -1 0 0 1 0 0 0 -1 0 1 0 0 0 1 0 -1 0 -1 0 0 1 0 0</float_array>
          <technique_common>
            <accessor source="#Window_021-mesh-normals-array" count="104" stride="3">
              <param name="X" type="float"/>
              <param name="Y" type="float"/>
              <param name="Z" type="float"/>
            </accessor>
          </technique_common>
        </source>
        <vertices id="Window_021-mesh-vertices">
          <input semantic="POSITION" source="#Window_021-mesh-positions"/>
        </vertices>
        <triangles material="Plastic-material" count="64">
          <input semantic="VERTEX" source="#Window_021-mesh-vertices" offset="0"/>
          <input semantic="NORMAL" source="#Window_021-mesh-normals" offset="1"/>
          <p>1 0 6 0 0 0 2 1 5 1 3 1 4 2 0 2 6 2 3 3 7 3 1 3 0 4 9 4 1 4 1 5 11 5 3 5 3 6 10 6 2 6 2 7 8 7 0 7 4 8 13 8 5 8 5 9 15 9 7 9 7 10 14 10 6 10 6 11 12 11 4 11 17 12 20 12 16 12 18 13 21 13 17 13 18 14 23 14 22 14 16 15 23 15 19 15 21 16 24 16 20 16 22 17 25 17 21 17 23 18 26 18 22 18 20 19 27 19 23 19 24 20 29 20 28 20 26 21 29 21 25 21 27 22 30 22 26 22 24 23 31 23 27 23 29 24 16 24 28 24 30 25 17 25 29 25 31 26 18 26 30 26 28 27 19 27 31 27 8 42 15 42 9 42 11 43 12 43 10 43 10 44 14 44 8 44 13 45 9 45 15 45 1 52 7 52 6 52 2 53 4 53 5 53 4 54 2 54 0 54 3 55 5 55 7 55 0 56 8 56 9 56 1 57 9 57 11 57 3 58 11 58 10 58 2 59 10 59 8 59 4 60 12 60 13 60 5 61 13 61 15 61 7 62 15 62 14 62 6 63 14 63 12 63 17 64 21 64 20 64 18 65 22 65 21 65 18 66 19 66 23 66 16 67 20 67 23 67 21 68 25 68 24 68 22 69 26 69 25 69 23 70 27 70 26 70 20 71 24 71 27 71 24 72 25 72 29 72 26 73 30 73 29 73 27 74 31 74 30 74 24 75 28 75 31 75 29 76 17 76 16 76 30 77 18 77 17 77 31 78 19 78 18 78 28 79 16 79 19 79 8 94 14 94 15 94 11 95 13 95 12 95 10 96 12 96 14 96 13 97 11 97 9 97</p>
        </triangles>
        <triangles material="Plastic-material" count="24">
          <input semantic="VERTEX" source="#Window_021-mesh-vertices" offset="0"/>
          <input semantic="NORMAL" source="#Window_021-mesh-normals" offset="1"/>
          <p>32 28 37 28 36 28 34 29 37 29 33 29 35 30 38 30 34 30 37 31 40 31 36 31 38 32 41 32 37 32 39 33 42 33 38 33 41 34 44 34 40 34 42 35 45 35 41 35 42 36 47 36 46 36 45 37 32 37 44 37 46 38 33 38 45 38 47 39 34 39 46 39 32 80 33 80 37 80 34 81 38 81 37 81 35 82 39 82 38 82 37 83 41 83 40 83 38 84 42 84 41 84 39 85 43 85 42 85 41 86 45 86 44 86 42 87 46 87 45 87 42 88 43 88 47 88 45 89 33 89 32 89 46 90 34 90 33 90 47 91 35 91 34 91</p>
        </triangles>
        <triangles material="Glass-material" count="4">
          <input semantic="VERTEX" source="#Window_021-mesh-vertices" offset="0"/>
          <input semantic="NORMAL" source="#Window_021-mesh-normals" offset="1"/>
          <p>48 40 50 40 49 40 53 41 55 41 52 41 48 92 51 92 50 92 53 93 54 93 55 93</p>
        </triangles>
        <triangles material="Marble-material" count="12">
          <input semantic="VERTEX" source="#Window_021-mesh-vertices" offset="0"/>
          <input semantic="NORMAL" source="#Window_021-mesh-normals" offset="1"/>
          <p>62 46 61 46 63 46 60 47 57 47 61 47 59 48 56 48 58 48 63 49 58 49 62 49 62 50 56 50 60 50 63 51 57 51 59 51 62 98 60 98 61 98 60 99 56 99 57 99 59 100 57 100 56 100 63 101 59 101 58 101 62 102 58 102 56 102 63 103 61 103 57 103</p>
        </triangles>
      </mesh>
    </geometry>
    <geometry id="Window_020-mesh" name="Window.020">
      <mesh>
        <source id="Window_020-mesh-positions">
          <float_array id="Window_020-mesh-positions-array" count="192">-2.211084 -9.11667 1.269963 -2.271084 -9.11667 1.269963 -2.211084 -9.056671 1.329962 -2.271084 -9.056671 1.329962 -2.211084 -8.52667 1.329962 -2.271084 -8.52667 1.329962 -2.211084 -8.46667 1.269963 -2.271084 -8.46667 1.269963 -2.211084 -9.11667 3.689962 -2.271084 -9.11667 3.689962 -2.211084 -9.056671 3.629962 -2.271084 -9.056671 3.629962 -2.211084 -8.52667 3.629962 -2.271084 -8.52667 3.629962 -2.211084 -8.46667 3.689962 -2.271084 -8.46667 3.689962 -2.261084 -9.056671 1.329962 -2.261084 -9.016671 1.369963 -2.301084 -9.016671 1.369963 -2.301084 -9.056671 1.329962 -2.261084 -9.056671 3.629962 -2.261084 -9.016671 3.589962 -2.301084 -9.016671 3.589962 -2.301084 -9.056671 3.629962 -2.261084 -8.52667 3.629962 -2.261084 -8.56667 3.589962 -2.301084 -8.56667 3.589962 -2.301084 -8.52667 3.629962 -2.261084 -8.52667 1.329962 -2.261084 -8.56667 1.369963 -2.301084 -8.56667 1.369963 -2.301084 -8.52667 1.329962 -2.276084 -9.016671 1.369963 -2.276084 -9.00667 1.379963 -2.286084 -9.00667 1.379963 -2.286084 -9.016671 1.369963 -2.276084 -9.016671 3.589962 -2.276084 -9.00667 3.579962 -2.286084 -9.00667 3.579962 -2.286084 -9.016671 3.589962 -2.276084 -8.56667 3.589962 -2.276084 -8.57667 3.579962 -2.286084 -8.57667 3.579962 -2.286084 -8.56667 3.589962 -2.276084 -8.56667 1.369963 -2.276084 -8.57667 1.379963 -2.286084 -8.57667 1.379963 -2.286084 -8.56667 1.369963 -2.276084 -9.00667 1.379963 -2.276084 -9.00667 3.579962 -2.276084 -8.57667 3.579962 -2.276084 -8.57667 1.379963 -2.286084 -9.00667 1.379963 -2.286084 -9.00667 3.579962 -2.286084 -8.57667 3.579962 -2.286084 -8.57667 1.379963 -2.356084 -9.11667 1.269963 -2.356084 -8.46667 1.269963 -2.126084 -9.11667 1.269963 -2.126084 -8.46667 1.269963 -2.356084 -9.11667 1.259963 -2.356084 -8.46667 1.259963 -2.126084 -9.11667 1.259963 -2.126084 -8.46667 1.259963</float_array>
          <technique_common>
            <accessor source="#Window_020-mesh-positions-array" count="64" stride="3">
              <param name="X" type="float"/>
              <param name="Y" type="float"/>
              <param name="Z" type="float"/>
            </accessor>
          </technique_common>
        </source>
        <source id="Window_020-mesh-normals">
          <float_array id="Window_020-mesh-normals-array" count="312">0 0 -1 0 0 1 1 0 0 -1 0 0 0 -1 0 -1 0 0 0 1 0 1 0 0 0 -1 0 -1 0 0 0 1 0 1 0 0 1 0 0 0 1 0 -1 0 0 0 -1 0 1 0 0 0 0 -1 -1 0 0 0 0 1 1 0 0 0 -1 0 -1 0 0 0 1 0 1 0 0 0 0 1 -1 0 0 0 0 -1 1 0 0 0 1 0 -1 0 0 1 0 0 0 0 -1 -1 0 0 1 0 0 0 -1 0 -1 0 0 1 0 0 0 0 1 -1 0 0 1 0 0 -1 0 0 0 0 1 0 0 -1 1 0 0 -1 0 0 0 0 -1 -1 0 0 0 0 1 1 0 0 0 -1 0 0 1 0 0 0 -1 0 0 1 1 0 0 -1 0 0 0 -1 0 -1 0 0 0 1 0 1 0 0 0 -1 0 -1 0 0 0 1 0 1 0 0 1 0 0 0 1 0 -1 0 0 0 -1 0 1 0 0 0 0 -1 -1 0 0 0 0 1 1 0 0 0 -1 0 -1 0 0 0 1 0 1 0 0 0 0 1 -1 0 0 0 0 -1 1 0 0 0 1 0 -1 0 0 1 0 0 0 0 -1 -1 0 0 1 0 0 0 -1 0 -1 0 0 1 0 0 0 0 1 -1 0 0 1 0 0 -1 0 0 0 0 1 0 0 -1 1 0 0 -1 0 0 0 0 -1 -1 0 0 0 0 1 1 0 0 0 -1 0 0 1 0</float_array>
          <technique_common>
            <accessor source="#Window_020-mesh-normals-array" count="104" stride="3">
              <param name="X" type="float"/>
              <param name="Y" type="float"/>
              <param name="Z" type="float"/>
            </accessor>
          </technique_common>
        </source>
        <vertices id="Window_020-mesh-vertices">
          <input semantic="POSITION" source="#Window_020-mesh-positions"/>
        </vertices>
        <triangles material="Plastic-material" count="64">
          <input semantic="VERTEX" source="#Window_020-mesh-vertices" offset="0"/>
          <input semantic="NORMAL" source="#Window_020-mesh-normals" offset="1"/>
          <p>1 0 6 0 0 0 2 1 5 1 3 1 4 2 0 2 6 2 3 3 7 3 1 3 0 4 9 4 1 4 1 5 11 5 3 5 3 6 10 6 2 6 2 7 8 7 0 7 4 8 13 8 5 8 5 9 15 9 7 9 7 10 14 10 6 10 6 11 12 11 4 11 17 12 20 12 16 12 18 13 21 13 17 13 18 14 23 14 22 14 16 15 23 15 19 15 21 16 24 16 20 16 22 17 25 17 21 17 23 18 26 18 22 18 20 19 27 19 23 19 24 20 29 20 28 20 26 21 29 21 25 21 27 22 30 22 26 22 24 23 31 23 27 23 29 24 16 24 28 24 30 25 17 25 29 25 31 26 18 26 30 26 28 27 19 27 31 27 8 42 15 42 9 42 11 43 12 43 10 43 10 44 14 44 8 44 13 45 9 45 15 45 1 52 7 52 6 52 2 53 4 53 5 53 4 54 2 54 0 54 3 55 5 55 7 55 0 56 8 56 9 56 1 57 9 57 11 57 3 58 11 58 10 58 2 59 10 59 8 59 4 60 12 60 13 60 5 61 13 61 15 61 7 62 15 62 14 62 6 63 14 63 12 63 17 64 21 64 20 64 18 65 22 65 21 65 18 66 19 66 23 66 16 67 20 67 23 67 21 68 25 68 24 68 22 69 26 69 25 69 23 70 27 70 26 70 20 71 24 71 27 71 24 72 25 72 29 72 26 73 30 73 29 73 27 74 31 74 30 74 24 75 28 75 31 75 29 76 17 76 16 76 30 77 18 77 17 77 31 78 19 78 18 78 28 79 16 79 19 79 8 94 14 94 15 94 11 95 13 95 12 95 10 96 12 96 14 96 13 97 11 97 9 97</p>
        </triangles>
        <triangles material="Plastic-material" count="24">
          <input semantic="VERTEX" source="#Window_020-mesh-vertices" offset="0"/>
          <input semantic="NORMAL" source="#Window_020-mesh-normals" offset="1"/>
          <p>32 28 37 28 36 28 34 29 37 29 33 29 35 30 38 30 34 30 37 31 40 31 36 31 38 32 41 32 37 32 39 33 42 33 38 33 41 34 44 34 40 34 42 35 45 35 41 35 42 36 47 36 46 36 45 37 32 37 44 37 46 38 33 38 45 38 47 39 34 39 46 39 32 80 33 80 37 80 34 81 38 81 37 81 35 82 39 82 38 82 37 83 41 83 40 83 38 84 42 84 41 84 39 85 43 85 42 85 41 86 45 86 44 86 42 87 46 87 45 87 42 88 43 88 47 88 45 89 33 89 32 89 46 90 34 90 33 90 47 91 35 91 34 91</p>
        </triangles>
        <triangles material="Glass-material" count="4">
          <input semantic="VERTEX" source="#Window_020-mesh-vertices" offset="0"/>
          <input semantic="NORMAL" source="#Window_020-mesh-normals" offset="1"/>
          <p>48 40 50 40 49 40 53 41 55 41 52 41 48 92 51 92 50 92 53 93 54 93 55 93</p>
        </triangles>
        <triangles material="Marble-material" count="12">
          <input semantic="VERTEX" source="#Window_020-mesh-vertices" offset="0"/>
          <input semantic="NORMAL" source="#Window_020-mesh-normals" offset="1"/>
          <p>62 46 61 46 63 46 60 47 57 47 61 47 59 48 56 48 58 48 63 49 58 49 62 49 62 50 56 50 60 50 63 51 57 51 59 51 62 98 60 98 61 98 60 99 56 99 57 99 59 100 57 100 56 100 63 101 59 101 58 101 62 102 58 102 56 102 63 103 61 103 57 103</p>
        </triangles>
      </mesh>
    </geometry>
    <geometry id="Window_018-mesh" name="Window.018">
      <mesh>
        <source id="Window_018-mesh-positions">
          <float_array id="Window_018-mesh-positions-array" count="192">-2.211084 -5.962747 1.269963 -2.271084 -5.962747 1.269963 -2.211084 -5.902747 1.329962 -2.271084 -5.902747 1.329962 -2.211084 -5.372747 1.329962 -2.271084 -5.372747 1.329962 -2.211084 -5.312747 1.269963 -2.271084 -5.312747 1.269963 -2.211084 -5.962747 3.689962 -2.271084 -5.962747 3.689962 -2.211084 -5.902747 3.629962 -2.271084 -5.902747 3.629962 -2.211084 -5.372747 3.629962 -2.271084 -5.372747 3.629962 -2.211084 -5.312747 3.689962 -2.271084 -5.312747 3.689962 -2.261084 -5.902747 1.329962 -2.261084 -5.862747 1.369963 -2.301084 -5.862747 1.369963 -2.301084 -5.902747 1.329962 -2.261084 -5.902747 3.629962 -2.261084 -5.862747 3.589962 -2.301084 -5.862747 3.589962 -2.301084 -5.902747 3.629962 -2.261084 -5.372747 3.629962 -2.261084 -5.412747 3.589962 -2.301084 -5.412747 3.589962 -2.301084 -5.372747 3.629962 -2.261084 -5.372747 1.329962 -2.261084 -5.412747 1.369963 -2.301084 -5.412747 1.369963 -2.301084 -5.372747 1.329962 -2.276084 -5.862747 1.369963 -2.276084 -5.852747 1.379963 -2.286084 -5.852747 1.379963 -2.286084 -5.862747 1.369963 -2.276084 -5.862747 3.589962 -2.276084 -5.852747 3.579962 -2.286084 -5.852747 3.579962 -2.286084 -5.862747 3.589962 -2.276084 -5.412747 3.589962 -2.276084 -5.422747 3.579962 -2.286084 -5.422747 3.579962 -2.286084 -5.412747 3.589962 -2.276084 -5.412747 1.369963 -2.276084 -5.422747 1.379963 -2.286084 -5.422747 1.379963 -2.286084 -5.412747 1.369963 -2.276084 -5.852747 1.379963 -2.276084 -5.852747 3.579962 -2.276084 -5.422747 3.579962 -2.276084 -5.422747 1.379963 -2.286084 -5.852747 1.379963 -2.286084 -5.852747 3.579962 -2.286084 -5.422747 3.579962 -2.286084 -5.422747 1.379963 -2.356084 -5.962747 1.269963 -2.356084 -5.312747 1.269963 -2.126084 -5.962747 1.269963 -2.126084 -5.312747 1.269963 -2.356084 -5.962747 1.259963 -2.356084 -5.312747 1.259963 -2.126084 -5.962747 1.259963 -2.126084 -5.312747 1.259963</float_array>
          <technique_common>
            <accessor source="#Window_018-mesh-positions-array" count="64" stride="3">
              <param name="X" type="float"/>
              <param name="Y" type="float"/>
              <param name="Z" type="float"/>
            </accessor>
          </technique_common>
        </source>
        <source id="Window_018-mesh-normals">
          <float_array id="Window_018-mesh-normals-array" count="312">0 0 -1 0 0 1 1 0 0 -1 0 0 0 -1 0 -1 0 0 0 1 0 1 0 0 0 -1 0 -1 0 0 0 1 0 1 0 0 1 0 0 0 1 0 -1 0 0 0 -1 0 1 0 0 0 0 -1 -1 0 0 0 0 1 1 0 0 0 -1 0 -1 0 0 0 1 0 1 0 0 0 0 1 -1 0 0 0 0 -1 1 0 0 0 1 0 -1 0 0 1 0 0 0 0 -1 -1 0 0 1 0 0 0 -1 0 -1 0 0 1 0 0 0 0 1 -1 0 0 1 0 0 -1 0 0 0 0 1 0 0 -1 1 0 0 -1 0 0 0 0 -1 -1 0 0 0 0 1 1 0 0 0 -1 0 0 1 0 0 0 -1 0 0 1 1 0 0 -1 0 0 0 -1 0 -1 0 0 0 1 0 1 0 0 0 -1 0 -1 0 0 0 1 0 1 0 0 1 0 0 0 1 0 -1 0 0 0 -1 0 1 0 0 0 0 -1 -1 0 0 0 0 1 1 0 0 0 -1 0 -1 0 0 0 1 0 1 0 0 0 0 1 -1 0 0 0 0 -1 1 0 0 0 1 0 -1 0 0 1 0 0 0 0 -1 -1 0 0 1 0 0 0 -1 0 -1 0 0 1 0 0 0 0 1 -1 0 0 1 0 0 -1 0 0 0 0 1 0 0 -1 1 0 0 -1 0 0 0 0 -1 -1 0 0 0 0 1 1 0 0 0 -1 0 0 1 0</float_array>
          <technique_common>
            <accessor source="#Window_018-mesh-normals-array" count="104" stride="3">
              <param name="X" type="float"/>
              <param name="Y" type="float"/>
              <param name="Z" type="float"/>
            </accessor>
          </technique_common>
        </source>
        <vertices id="Window_018-mesh-vertices">
          <input semantic="POSITION" source="#Window_018-mesh-positions"/>
        </vertices>
        <triangles material="Plastic-material" count="64">
          <input semantic="VERTEX" source="#Window_018-mesh-vertices" offset="0"/>
          <input semantic="NORMAL" source="#Window_018-mesh-normals" offset="1"/>
          <p>1 0 6 0 0 0 2 1 5 1 3 1 4 2 0 2 6 2 3 3 7 3 1 3 0 4 9 4 1 4 1 5 11 5 3 5 3 6 10 6 2 6 2 7 8 7 0 7 4 8 13 8 5 8 5 9 15 9 7 9 7 10 14 10 6 10 6 11 12 11 4 11 17 12 20 12 16 12 18 13 21 13 17 13 18 14 23 14 22 14 16 15 23 15 19 15 21 16 24 16 20 16 22 17 25 17 21 17 23 18 26 18 22 18 20 19 27 19 23 19 24 20 29 20 28 20 26 21 29 21 25 21 27 22 30 22 26 22 24 23 31 23 27 23 29 24 16 24 28 24 30 25 17 25 29 25 31 26 18 26 30 26 28 27 19 27 31 27 8 42 15 42 9 42 11 43 12 43 10 43 10 44 14 44 8 44 13 45 9 45 15 45 1 52 7 52 6 52 2 53 4 53 5 53 4 54 2 54 0 54 3 55 5 55 7 55 0 56 8 56 9 56 1 57 9 57 11 57 3 58 11 58 10 58 2 59 10 59 8 59 4 60 12 60 13 60 5 61 13 61 15 61 7 62 15 62 14 62 6 63 14 63 12 63 17 64 21 64 20 64 18 65 22 65 21 65 18 66 19 66 23 66 16 67 20 67 23 67 21 68 25 68 24 68 22 69 26 69 25 69 23 70 27 70 26 70 20 71 24 71 27 71 24 72 25 72 29 72 26 73 30 73 29 73 27 74 31 74 30 74 24 75 28 75 31 75 29 76 17 76 16 76 30 77 18 77 17 77 31 78 19 78 18 78 28 79 16 79 19 79 8 94 14 94 15 94 11 95 13 95 12 95 10 96 12 96 14 96 13 97 11 97 9 97</p>
        </triangles>
        <triangles material="Plastic-material" count="24">
          <input semantic="VERTEX" source="#Window_018-mesh-vertices" offset="0"/>
          <input semantic="NORMAL" source="#Window_018-mesh-normals" offset="1"/>
          <p>32 28 37 28 36 28 34 29 37 29 33 29 35 30 38 30 34 30 37 31 40 31 36 31 38 32 41 32 37 32 39 33 42 33 38 33 41 34 44 34 40 34 42 35 45 35 41 35 42 36 47 36 46 36 45 37 32 37 44 37 46 38 33 38 45 38 47 39 34 39 46 39 32 80 33 80 37 80 34 81 38 81 37 81 35 82 39 82 38 82 37 83 41 83 40 83 38 84 42 84 41 84 39 85 43 85 42 85 41 86 45 86 44 86 42 87 46 87 45 87 42 88 43 88 47 88 45 89 33 89 32 89 46 90 34 90 33 90 47 91 35 91 34 91</p>
        </triangles>
        <triangles material="Glass-material" count="4">
          <input semantic="VERTEX" source="#Window_018-mesh-vertices" offset="0"/>
          <input semantic="NORMAL" source="#Window_018-mesh-normals" offset="1"/>
          <p>48 40 50 40 49 40 53 41 55 41 52 41 48 92 51 92 50 92 53 93 54 93 55 93</p>
        </triangles>
        <triangles material="Marble-material" count="12">
          <input semantic="VERTEX" source="#Window_018-mesh-vertices" offset="0"/>
          <input semantic="NORMAL" source="#Window_018-mesh-normals" offset="1"/>
          <p>62 46 61 46 63 46 60 47 57 47 61 47 59 48 56 48 58 48 63 49 58 49 62 49 62 50 56 50 60 50 63 51 57 51 59 51 62 98 60 98 61 98 60 99 56 99 57 99 59 100 57 100 56 100 63 101 59 101 58 101 62 102 58 102 56 102 63 103 61 103 57 103</p>
        </triangles>
      </mesh>
    </geometry>
    <geometry id="Window_017-mesh" name="Window.017">
      <mesh>
        <source id="Window_017-mesh-positions">
          <float_array id="Window_017-mesh-positions-array" count="192">17.17148 -8.038856 0.9144 17.11148 -8.038856 0.9144 17.17148 -7.978856 0.9743999 17.11148 -7.978856 0.9743999 17.17148 -5.948856 0.9743999 17.11148 -5.948856 0.9743999 17.17148 -5.888856 0.9144 17.11148 -5.888856 0.9144 17.17148 -8.038856 2.4444 17.11148 -8.038856 2.4444 17.17148 -7.978856 2.3844 17.11148 -7.978856 2.3844 17.17148 -5.948856 2.3844 17.11148 -5.948856 2.3844 17.17148 -5.888856 2.4444 17.11148 -5.888856 2.4444 17.12148 -7.978856 0.9743999 17.12148 -7.938856 1.0144 17.08148 -7.938856 1.0144 17.08148 -7.978856 0.9743999 17.12148 -7.978856 2.3844 17.12148 -7.938856 2.3444 17.08148 -7.938856 2.3444 17.08148 -7.978856 2.3844 17.12148 -5.948856 2.3844 17.12148 -5.988856 2.3444 17.08148 -5.988856 2.3444 17.08148 -5.948856 2.3844 17.12148 -5.948856 0.9743999 17.12148 -5.988856 1.0144 17.08148 -5.988856 1.0144 17.08148 -5.948856 0.9743999 17.10648 -7.938856 1.0144 17.10648 -7.928856 1.0244 17.09648 -7.928856 1.0244 17.09648 -7.938856 1.0144 17.10648 -7.938856 2.3444 17.10648 -7.928856 2.3344 17.09648 -7.928856 2.3344 17.09648 -7.938856 2.3444 17.10648 -5.988856 2.3444 17.10648 -5.998856 2.3344 17.09648 -5.998856 2.3344 17.09648 -5.988856 2.3444 17.10648 -5.988856 1.0144 17.10648 -5.998856 1.0244 17.09648 -5.998856 1.0244 17.09648 -5.988856 1.0144 17.10648 -7.928856 1.0244 17.10648 -7.928856 2.3344 17.10648 -5.998856 2.3344 17.10648 -5.998856 1.0244 17.09648 -7.928856 1.0244 17.09648 -7.928856 2.3344 17.09648 -5.998856 2.3344 17.09648 -5.998856 1.0244 17.02648 -8.038856 0.9144 17.02648 -5.888856 0.9144 17.25648 -8.038856 0.9144 17.25648 -5.888856 0.9144 17.02648 -8.038856 0.9044 17.02648 -5.888856 0.9044 17.25648 -8.038856 0.9044 17.25648 -5.888856 0.9044</float_array>
          <technique_common>
            <accessor source="#Window_017-mesh-positions-array" count="64" stride="3">
              <param name="X" type="float"/>
              <param name="Y" type="float"/>
              <param name="Z" type="float"/>
            </accessor>
          </technique_common>
        </source>
        <source id="Window_017-mesh-normals">
          <float_array id="Window_017-mesh-normals-array" count="312">0 0 -1 0 0 1 1 0 0 -1 0 0 0 -1 0 -1 0 0 0 1 0 1 0 0 0 -1 0 -1 0 0 0 1 0 1 0 0 1 0 0 0 1 0 -1 0 0 0 -1 0 1 0 0 0 0 -1 -1 0 0 0 0 1 1 0 0 0 -1 0 -1 0 0 0 1 0 1 0 0 0 0 1 -1 0 0 0 0 -1 1 0 0 0 1 0 -1 0 0 1 0 0 0 0 -1 -1 0 0 1 0 0 0 -1 0 -1 0 0 1 0 0 0 0 1 -1 0 0 1 0 0 -1 0 0 0 0 1 0 0 -1 1 0 0 -1 0 0 0 0 -1 -1 0 0 0 0 1 1 0 0 0 -1 0 0 1 0 0 0 -1 0 0 1 1 0 0 -1 0 0 0 -1 0 -1 0 0 0 1 0 1 0 0 0 -1 0 -1 0 0 0 1 0 1 0 0 1 0 0 0 1 0 -1 0 0 0 -1 0 1 0 0 0 0 -1 -1 0 0 0 0 1 1 0 0 0 -1 0 -1 0 0 0 1 0 1 0 0 0 0 1 -1 0 0 0 0 -1 1 0 0 0 1 0 -1 0 0 1 0 0 0 0 -1 -1 0 0 1 0 0 0 -1 0 -1 0 0 1 0 0 0 0 1 -1 0 0 1 0 0 -1 0 0 0 0 1 0 0 -1 1 0 0 -1 0 0 0 0 -1 -1 0 0 0 0 1 1 0 0 0 -1 0 0 1 0</float_array>
          <technique_common>
            <accessor source="#Window_017-mesh-normals-array" count="104" stride="3">
              <param name="X" type="float"/>
              <param name="Y" type="float"/>
              <param name="Z" type="float"/>
            </accessor>
          </technique_common>
        </source>
        <vertices id="Window_017-mesh-vertices">
          <input semantic="POSITION" source="#Window_017-mesh-positions"/>
        </vertices>
        <triangles material="Plastic-material" count="64">
          <input semantic="VERTEX" source="#Window_017-mesh-vertices" offset="0"/>
          <input semantic="NORMAL" source="#Window_017-mesh-normals" offset="1"/>
          <p>1 0 6 0 0 0 2 1 5 1 3 1 4 2 0 2 6 2 3 3 7 3 1 3 0 4 9 4 1 4 1 5 11 5 3 5 3 6 10 6 2 6 2 7 8 7 0 7 4 8 13 8 5 8 5 9 15 9 7 9 7 10 14 10 6 10 6 11 12 11 4 11 17 12 20 12 16 12 18 13 21 13 17 13 18 14 23 14 22 14 16 15 23 15 19 15 21 16 24 16 20 16 22 17 25 17 21 17 23 18 26 18 22 18 20 19 27 19 23 19 24 20 29 20 28 20 26 21 29 21 25 21 27 22 30 22 26 22 24 23 31 23 27 23 29 24 16 24 28 24 30 25 17 25 29 25 31 26 18 26 30 26 28 27 19 27 31 27 8 42 15 42 9 42 11 43 12 43 10 43 10 44 14 44 8 44 13 45 9 45 15 45 1 52 7 52 6 52 2 53 4 53 5 53 4 54 2 54 0 54 3 55 5 55 7 55 0 56 8 56 9 56 1 57 9 57 11 57 3 58 11 58 10 58 2 59 10 59 8 59 4 60 12 60 13 60 5 61 13 61 15 61 7 62 15 62 14 62 6 63 14 63 12 63 17 64 21 64 20 64 18 65 22 65 21 65 18 66 19 66 23 66 16 67 20 67 23 67 21 68 25 68 24 68 22 69 26 69 25 69 23 70 27 70 26 70 20 71 24 71 27 71 24 72 25 72 29 72 26 73 30 73 29 73 27 74 31 74 30 74 24 75 28 75 31 75 29 76 17 76 16 76 30 77 18 77 17 77 31 78 19 78 18 78 28 79 16 79 19 79 8 94 14 94 15 94 11 95 13 95 12 95 10 96 12 96 14 96 13 97 11 97 9 97</p>
        </triangles>
        <triangles material="Plastic-material" count="24">
          <input semantic="VERTEX" source="#Window_017-mesh-vertices" offset="0"/>
          <input semantic="NORMAL" source="#Window_017-mesh-normals" offset="1"/>
          <p>32 28 37 28 36 28 34 29 37 29 33 29 35 30 38 30 34 30 37 31 40 31 36 31 38 32 41 32 37 32 39 33 42 33 38 33 41 34 44 34 40 34 42 35 45 35 41 35 42 36 47 36 46 36 45 37 32 37 44 37 46 38 33 38 45 38 47 39 34 39 46 39 32 80 33 80 37 80 34 81 38 81 37 81 35 82 39 82 38 82 37 83 41 83 40 83 38 84 42 84 41 84 39 85 43 85 42 85 41 86 45 86 44 86 42 87 46 87 45 87 42 88 43 88 47 88 45 89 33 89 32 89 46 90 34 90 33 90 47 91 35 91 34 91</p>
        </triangles>
        <triangles material="Glass-material" count="4">
          <input semantic="VERTEX" source="#Window_017-mesh-vertices" offset="0"/>
          <input semantic="NORMAL" source="#Window_017-mesh-normals" offset="1"/>
          <p>48 40 50 40 49 40 53 41 55 41 52 41 48 92 51 92 50 92 53 93 54 93 55 93</p>
        </triangles>
        <triangles material="Marble-material" count="12">
          <input semantic="VERTEX" source="#Window_017-mesh-vertices" offset="0"/>
          <input semantic="NORMAL" source="#Window_017-mesh-normals" offset="1"/>
          <p>62 46 61 46 63 46 60 47 57 47 61 47 59 48 56 48 58 48 63 49 58 49 62 49 62 50 56 50 60 50 63 51 57 51 59 51 62 98 60 98 61 98 60 99 56 99 57 99 59 100 57 100 56 100 63 101 59 101 58 101 62 102 58 102 56 102 63 103 61 103 57 103</p>
        </triangles>
      </mesh>
    </geometry>
    <geometry id="Window_005-mesh" name="Window.005">
      <mesh>
        <source id="Window_005-mesh-positions">
          <float_array id="Window_005-mesh-positions-array" count="288">28.24905 -18.81317 0.9143628 28.24905 -18.75317 0.9143628 28.30905 -18.81317 0.9743627 28.30905 -18.75317 0.9743627 29.47905 -18.81317 0.9743627 29.47905 -18.75317 0.9743627 29.51905 -18.81317 0.9743627 29.51905 -18.75317 0.9743627 30.68905 -18.81317 0.9743627 30.68905 -18.75317 0.9743627 30.74905 -18.81317 0.9143628 30.74905 -18.75317 0.9143628 28.24905 -18.81317 2.134363 28.24905 -18.75317 2.134363 28.30905 -18.81317 2.074363 28.30905 -18.75317 2.074363 29.47905 -18.81317 2.074363 29.47905 -18.75317 2.074363 29.51905 -18.81317 2.074363 29.51905 -18.75317 2.074363 30.68905 -18.81317 2.074363 30.68905 -18.75317 2.074363 30.74905 -18.81317 2.134363 30.74905 -18.75317 2.134363 28.30905 -18.76317 0.9743627 28.34905 -18.76317 1.014363 28.34905 -18.72317 1.014363 28.30905 -18.72317 0.9743627 28.30905 -18.76317 2.074363 28.34905 -18.76317 2.034363 28.34905 -18.72317 2.034363 28.30905 -18.72317 2.074363 29.47905 -18.76317 2.074363 29.43905 -18.76317 2.034363 29.43905 -18.72317 2.034363 29.47905 -18.72317 2.074363 29.47905 -18.76317 0.9743627 29.43905 -18.76317 1.014363 29.43905 -18.72317 1.014363 29.47905 -18.72317 0.9743627 28.34905 -18.74817 1.014363 28.35905 -18.74817 1.024363 28.35905 -18.73817 1.024363 28.34905 -18.73817 1.014363 28.34905 -18.74817 2.034363 28.35905 -18.74817 2.024363 28.35905 -18.73817 2.024363 28.34905 -18.73817 2.034363 29.43905 -18.74817 2.034363 29.42905 -18.74817 2.024363 29.42905 -18.73817 2.024363 29.43905 -18.73817 2.034363 29.43905 -18.74817 1.014363 29.42905 -18.74817 1.024363 29.42905 -18.73817 1.024363 29.43905 -18.73817 1.014363 28.35905 -18.74817 1.024363 28.35905 -18.74817 2.024363 29.42905 -18.74817 2.024363 29.42905 -18.74817 1.024363 28.35905 -18.73817 1.024363 28.35905 -18.73817 2.024363 29.42905 -18.73817 2.024363 29.42905 -18.73817 1.024363 29.51905 -18.78816 0.9743627 29.52905 -18.78816 0.9843627 29.52905 -18.77817 0.9843627 29.51905 -18.77817 0.9743627 29.51905 -18.78816 2.074363 29.52905 -18.78816 2.064363 29.52905 -18.77817 2.064363 29.51905 -18.77817 2.074363 30.68905 -18.78816 2.074363 30.67905 -18.78816 2.064363 30.67905 -18.77817 2.064363 30.68905 -18.77817 2.074363 30.68905 -18.78816 0.9743627 30.67905 -18.78816 0.9843627 30.67905 -18.77817 0.9843627 30.68905 -18.77817 0.9743627 29.52905 -18.78816 0.9843627 29.52905 -18.78816 2.064363 30.67905 -18.78816 2.064363 30.67905 -18.78816 0.9843627 29.52905 -18.77817 0.9843627 29.52905 -18.77817 2.064363 30.67905 -18.77817 2.064363 30.67905 -18.77817 0.9843627 28.24905 -18.72817 0.9143628 30.74905 -18.72817 0.9143628 28.24905 -18.83817 0.9143628 30.74905 -18.83817 0.9143628 28.24905 -18.72817 0.9043628 30.74905 -18.72817 0.9043628 28.24905 -18.83817 0.9043628 30.74905 -18.83817 0.9043628</float_array>
          <technique_common>
            <accessor source="#Window_005-mesh-positions-array" count="96" stride="3">
              <param name="X" type="float"/>
              <param name="Y" type="float"/>
              <param name="Z" type="float"/>
            </accessor>
          </technique_common>
        </source>
        <source id="Window_005-mesh-normals">
          <float_array id="Window_005-mesh-normals-array" count="456">0 0 -1 0 0 1 0 0 1 0 -1 0 0 1 0 -1 0 0 0 1 0 1 0 0 0 -1 0 -1 0 0 0 1 0 1 0 0 0 -1 0 -1 0 0 0 1 0 1 0 0 0 -1 0 0 -1 0 1 0 0 0 1 0 -1 0 0 0 -1 0 0 0 -1 0 1 0 0 0 1 0 -1 0 -1 0 0 0 1 0 1 0 0 0 -1 0 0 0 1 0 1 0 0 0 -1 0 -1 0 1 0 0 0 1 0 0 -1 0 0 0 -1 0 1 0 0 -1 0 -1 0 0 0 1 0 0 -1 0 0 0 1 0 1 0 0 -1 0 0 1 0 0 -1 0 1 0 0 0 1 0 0 -1 0 0 0 -1 0 1 0 0 -1 0 -1 0 0 0 1 0 0 -1 0 0 0 1 0 1 0 0 -1 0 0 1 0 0 0 1 0 0 -1 0 0 -1 0 -1 0 0 1 0 0 0 -1 0 1 0 0 0 1 0 -1 0 -1 0 0 1 0 0 0 0 -1 0 0 1 0 0 1 0 -1 0 0 -1 0 0 -1 0 0 1 0 0 1 0 0 1 0 -1 0 0 0 1 0 1 0 0 0 -1 0 -1 0 0 0 1 0 1 0 0 0 -1 0 -1 0 0 0 1 0 1 0 0 0 -1 0 0 -1 0 1 0 0 0 1 0 -1 0 0 0 -1 0 0 0 -1 0 1 0 0 0 1 0 -1 0 -1 0 0 0 1 0 1 0 0 0 -1 0 0 0 1 0 1 0 0 0 -1 0 -1 0 1 0 0 0 1 0 0 -1 0 0 0 -1 0 1 0 0 -1 0 -1 0 0 0 1 0 0 -1 0 0 0 1 0 1 0 0 -1 0 0 1 0 0 -1 0 1 0 0 0 1 0 0 -1 0 0 0 -1 0 1 0 0 -1 0 -1 0 0 0 1 0 0 -1 0 0 0 1 0 1 0 0 -1 0 0 1 0 0 0 1 0 0 -1 0 0 -1 0 -1 0 0 -1 0 0 -1 0 0 1 0 0 1 0 0 1 0 0 0 -1 0 1 0 0 0 1 0 -1 0 -1 0 0 1 0 0</float_array>
          <technique_common>
            <accessor source="#Window_005-mesh-normals-array" count="152" stride="3">
              <param name="X" type="float"/>
              <param name="Y" type="float"/>
              <param name="Z" type="float"/>
            </accessor>
          </technique_common>
        </source>
        <vertices id="Window_005-mesh-vertices">
          <input semantic="POSITION" source="#Window_005-mesh-positions"/>
        </vertices>
        <triangles material="Plastic-material" count="84">
          <input semantic="VERTEX" source="#Window_005-mesh-vertices" offset="0"/>
          <input semantic="NORMAL" source="#Window_005-mesh-normals" offset="1"/>
          <p>1 0 10 0 0 0 2 1 5 1 3 1 6 2 9 2 7 2 6 3 4 3 0 3 5 4 7 4 11 4 0 5 13 5 1 5 1 6 15 6 3 6 3 7 14 7 2 7 2 8 12 8 0 8 4 9 17 9 5 9 5 10 19 10 7 10 7 11 18 11 6 11 6 12 16 12 4 12 8 13 21 13 9 13 9 14 23 14 11 14 11 15 22 15 10 15 10 16 20 16 8 16 25 17 28 17 24 17 26 18 29 18 25 18 26 19 31 19 30 19 24 20 31 20 27 20 29 21 32 21 28 21 30 22 33 22 29 22 30 23 35 23 34 23 28 24 35 24 31 24 32 25 37 25 36 25 34 26 37 26 33 26 35 27 38 27 34 27 32 28 39 28 35 28 36 29 25 29 24 29 38 30 25 30 37 30 39 31 26 31 38 31 36 32 27 32 39 32 12 61 23 61 13 61 15 62 16 62 14 62 19 63 20 63 18 63 16 64 18 64 22 64 19 65 17 65 13 65 1 72 11 72 10 72 2 73 4 73 5 73 6 74 8 74 9 74 0 75 10 75 6 75 10 76 8 76 6 76 4 77 2 77 0 77 11 78 1 78 5 78 1 79 3 79 5 79 7 80 9 80 11 80 0 81 12 81 13 81 1 82 13 82 15 82 3 83 15 83 14 83 2 84 14 84 12 84 4 85 16 85 17 85 5 86 17 86 19 86 7 87 19 87 18 87 6 88 18 88 16 88 8 89 20 89 21 89 9 90 21 90 23 90 11 91 23 91 22 91 10 92 22 92 20 92 25 93 29 93 28 93 26 94 30 94 29 94 26 95 27 95 31 95 24 96 28 96 31 96 29 97 33 97 32 97 30 98 34 98 33 98 30 99 31 99 35 99 28 100 32 100 35 100 32 101 33 101 37 101 34 102 38 102 37 102 35 103 39 103 38 103 32 104 36 104 39 104 36 105 37 105 25 105 38 106 26 106 25 106 39 107 27 107 26 107 36 108 24 108 27 108 12 137 22 137 23 137 15 138 17 138 16 138 19 139 21 139 20 139 22 140 12 140 16 140 12 141 14 141 16 141 18 142 20 142 22 142 13 143 23 143 19 143 23 144 21 144 19 144 17 145 15 145 13 145</p>
        </triangles>
        <triangles material="Plastic-material" count="48">
          <input semantic="VERTEX" source="#Window_005-mesh-vertices" offset="0"/>
          <input semantic="NORMAL" source="#Window_005-mesh-normals" offset="1"/>
          <p>40 33 45 33 44 33 42 34 45 34 41 34 43 35 46 35 42 35 45 36 48 36 44 36 46 37 49 37 45 37 47 38 50 38 46 38 49 39 52 39 48 39 50 40 53 40 49 40 50 41 55 41 54 41 53 42 40 42 52 42 54 43 41 43 53 43 55 44 42 44 54 44 64 47 69 47 68 47 66 48 69 48 65 48 67 49 70 49 66 49 69 50 72 50 68 50 70 51 73 51 69 51 70 52 75 52 74 52 73 53 76 53 72 53 74 54 77 54 73 54 74 55 79 55 78 55 76 56 65 56 64 56 78 57 65 57 77 57 79 58 66 58 78 58 40 109 41 109 45 109 42 110 46 110 45 110 43 111 47 111 46 111 45 112 49 112 48 112 46 113 50 113 49 113 47 114 51 114 50 114 49 115 53 115 52 115 50 116 54 116 53 116 50 117 51 117 55 117 53 118 41 118 40 118 54 119 42 119 41 119 55 120 43 120 42 120 64 123 65 123 69 123 66 124 70 124 69 124 67 125 71 125 70 125 69 126 73 126 72 126 70 127 74 127 73 127 70 128 71 128 75 128 73 129 77 129 76 129 74 130 78 130 77 130 74 131 75 131 79 131 76 132 77 132 65 132 78 133 66 133 65 133 79 134 67 134 66 134</p>
        </triangles>
        <triangles material="Glass-material" count="8">
          <input semantic="VERTEX" source="#Window_005-mesh-vertices" offset="0"/>
          <input semantic="NORMAL" source="#Window_005-mesh-normals" offset="1"/>
          <p>56 45 58 45 57 45 61 46 63 46 60 46 80 59 82 59 81 59 85 60 87 60 84 60 56 121 59 121 58 121 61 122 62 122 63 122 80 135 83 135 82 135 85 136 86 136 87 136</p>
        </triangles>
        <triangles material="Marble-material" count="12">
          <input semantic="VERTEX" source="#Window_005-mesh-vertices" offset="0"/>
          <input semantic="NORMAL" source="#Window_005-mesh-normals" offset="1"/>
          <p>94 66 93 66 95 66 92 67 89 67 93 67 91 68 88 68 90 68 95 69 90 69 94 69 94 70 88 70 92 70 95 71 89 71 91 71 94 146 92 146 93 146 92 147 88 147 89 147 91 148 89 148 88 148 95 149 91 149 90 149 94 150 90 150 88 150 95 151 93 151 89 151</p>
        </triangles>
      </mesh>
    </geometry>
    <geometry id="Window_004-mesh" name="Window.004">
      <mesh>
        <source id="Window_004-mesh-positions">
          <float_array id="Window_004-mesh-positions-array" count="288">23.86174 -18.81317 0.9143628 23.86174 -18.75317 0.9143628 23.92174 -18.81317 0.9743627 23.92174 -18.75317 0.9743627 25.08174 -18.81317 0.9743627 25.08174 -18.75317 0.9743627 25.12174 -18.81317 0.9743627 25.12174 -18.75317 0.9743627 26.28174 -18.81317 0.9743627 26.28174 -18.75317 0.9743627 26.34174 -18.81317 0.9143628 26.34174 -18.75317 0.9143628 23.86174 -18.81317 2.134363 23.86174 -18.75317 2.134363 23.92174 -18.81317 2.074363 23.92174 -18.75317 2.074363 25.08174 -18.81317 2.074363 25.08174 -18.75317 2.074363 25.12174 -18.81317 2.074363 25.12174 -18.75317 2.074363 26.28174 -18.81317 2.074363 26.28174 -18.75317 2.074363 26.34174 -18.81317 2.134363 26.34174 -18.75317 2.134363 23.92174 -18.76317 0.9743627 23.96174 -18.76317 1.014363 23.96174 -18.72317 1.014363 23.92174 -18.72317 0.9743627 23.92174 -18.76317 2.074363 23.96174 -18.76317 2.034363 23.96174 -18.72317 2.034363 23.92174 -18.72317 2.074363 25.08174 -18.76317 2.074363 25.04174 -18.76317 2.034363 25.04174 -18.72317 2.034363 25.08174 -18.72317 2.074363 25.08174 -18.76317 0.9743627 25.04174 -18.76317 1.014363 25.04174 -18.72317 1.014363 25.08174 -18.72317 0.9743627 23.96174 -18.74817 1.014363 23.97174 -18.74817 1.024363 23.97174 -18.73817 1.024363 23.96174 -18.73817 1.014363 23.96174 -18.74817 2.034363 23.97174 -18.74817 2.024363 23.97174 -18.73817 2.024363 23.96174 -18.73817 2.034363 25.04174 -18.74817 2.034363 25.03174 -18.74817 2.024363 25.03174 -18.73817 2.024363 25.04174 -18.73817 2.034363 25.04174 -18.74817 1.014363 25.03174 -18.74817 1.024363 25.03174 -18.73817 1.024363 25.04174 -18.73817 1.014363 23.97174 -18.74817 1.024363 23.97174 -18.74817 2.024363 25.03174 -18.74817 2.024363 25.03174 -18.74817 1.024363 23.97174 -18.73817 1.024363 23.97174 -18.73817 2.024363 25.03174 -18.73817 2.024363 25.03174 -18.73817 1.024363 25.12174 -18.78816 0.9743627 25.13174 -18.78816 0.9843627 25.13174 -18.77817 0.9843627 25.12174 -18.77817 0.9743627 25.12174 -18.78816 2.074363 25.13174 -18.78816 2.064363 25.13174 -18.77817 2.064363 25.12174 -18.77817 2.074363 26.28174 -18.78816 2.074363 26.27174 -18.78816 2.064363 26.27174 -18.77817 2.064363 26.28174 -18.77817 2.074363 26.28174 -18.78816 0.9743627 26.27174 -18.78816 0.9843627 26.27174 -18.77817 0.9843627 26.28174 -18.77817 0.9743627 25.13174 -18.78816 0.9843627 25.13174 -18.78816 2.064363 26.27174 -18.78816 2.064363 26.27174 -18.78816 0.9843627 25.13174 -18.77817 0.9843627 25.13174 -18.77817 2.064363 26.27174 -18.77817 2.064363 26.27174 -18.77817 0.9843627 23.86174 -18.72817 0.9143628 26.34174 -18.72817 0.9143628 23.86174 -18.83817 0.9143628 26.34174 -18.83817 0.9143628 23.86174 -18.72817 0.9043628 26.34174 -18.72817 0.9043628 23.86174 -18.83817 0.9043628 26.34174 -18.83817 0.9043628</float_array>
          <technique_common>
            <accessor source="#Window_004-mesh-positions-array" count="96" stride="3">
              <param name="X" type="float"/>
              <param name="Y" type="float"/>
              <param name="Z" type="float"/>
            </accessor>
          </technique_common>
        </source>
        <source id="Window_004-mesh-normals">
          <float_array id="Window_004-mesh-normals-array" count="456">0 0 -1 0 0 1 0 0 1 0 -1 0 0 1 0 -1 0 0 0 1 0 1 0 0 0 -1 0 -1 0 0 0 1 0 1 0 0 0 -1 0 -1 0 0 0 1 0 1 0 0 0 -1 0 0 -1 0 1 0 0 0 1 0 -1 0 0 0 -1 0 0 0 -1 0 1 0 0 0 1 0 -1 0 -1 0 0 0 1 0 1 0 0 0 -1 0 0 0 1 0 1 0 0 0 -1 0 -1 0 1 0 0 0 1 0 0 -1 0 0 0 -1 0 1 0 0 -1 0 -1 0 0 0 1 0 0 -1 0 0 0 1 0 1 0 0 -1 0 0 1 0 0 -1 0 1 0 0 0 1 0 0 -1 0 0 0 -1 0 1 0 0 -1 0 -1 0 0 0 1 0 0 -1 0 0 0 1 0 1 0 0 -1 0 0 1 0 0 0 1 0 0 -1 0 0 -1 0 -1 0 0 1 0 0 0 -1 0 1 0 0 0 1 0 -1 0 -1 0 0 1 0 0 0 0 -1 0 0 1 0 0 1 0 -1 0 0 -1 0 0 -1 0 0 1 0 0 1 0 0 1 0 -1 0 0 0 1 0 1 0 0 0 -1 0 -1 0 0 0 1 0 1 0 0 0 -1 0 -1 0 0 0 1 0 1 0 0 0 -1 0 0 -1 0 1 0 0 0 1 0 -1 0 0 0 -1 0 0 0 -1 0 1 0 0 0 1 0 -1 0 -1 0 0 0 1 0 1 0 0 0 -1 0 0 0 1 0 1 0 0 0 -1 0 -1 0 1 0 0 0 1 0 0 -1 0 0 0 -1 0 1 0 0 -1 0 -1 0 0 0 1 0 0 -1 0 0 0 1 0 1 0 0 -1 0 0 1 0 0 -1 0 1 0 0 0 1 0 0 -1 0 0 0 -1 0 1 0 0 -1 0 -1 0 0 0 1 0 0 -1 0 0 0 1 0 1 0 0 -1 0 0 1 0 0 0 1 0 0 -1 0 0 -1 0 -1 0 0 -1 0 0 -1 0 0 1 0 0 1 0 0 1 0 0 0 -1 0 1 0 0 0 1 0 -1 0 -1 0 0 1 0 0</float_array>
          <technique_common>
            <accessor source="#Window_004-mesh-normals-array" count="152" stride="3">
              <param name="X" type="float"/>
              <param name="Y" type="float"/>
              <param name="Z" type="float"/>
            </accessor>
          </technique_common>
        </source>
        <vertices id="Window_004-mesh-vertices">
          <input semantic="POSITION" source="#Window_004-mesh-positions"/>
        </vertices>
        <triangles material="Plastic-material" count="132">
          <input semantic="VERTEX" source="#Window_004-mesh-vertices" offset="0"/>
          <input semantic="NORMAL" source="#Window_004-mesh-normals" offset="1"/>
          <p>1 0 10 0 0 0 2 1 5 1 3 1 6 2 9 2 7 2 6 3 4 3 0 3 5 4 7 4 11 4 0 5 13 5 1 5 1 6 15 6 3 6 3 7 14 7 2 7 2 8 12 8 0 8 4 9 17 9 5 9 5 10 19 10 7 10 7 11 18 11 6 11 6 12 16 12 4 12 8 13 21 13 9 13 9 14 23 14 11 14 11 15 22 15 10 15 10 16 20 16 8 16 25 17 28 17 24 17 26 18 29 18 25 18 26 19 31 19 30 19 24 20 31 20 27 20 29 21 32 21 28 21 30 22 33 22 29 22 30 23 35 23 34 23 28 24 35 24 31 24 32 25 37 25 36 25 34 26 37 26 33 26 35 27 38 27 34 27 32 28 39 28 35 28 36 29 25 29 24 29 38 30 25 30 37 30 39 31 26 31 38 31 36 32 27 32 39 32 40 33 45 33 44 33 42 34 45 34 41 34 43 35 46 35 42 35 45 36 48 36 44 36 46 37 49 37 45 37 47 38 50 38 46 38 49 39 52 39 48 39 50 40 53 40 49 40 50 41 55 41 54 41 53 42 40 42 52 42 54 43 41 43 53 43 55 44 42 44 54 44 64 47 69 47 68 47 66 48 69 48 65 48 67 49 70 49 66 49 69 50 72 50 68 50 70 51 73 51 69 51 71 52 74 52 70 52 73 53 76 53 72 53 74 54 77 54 73 54 74 55 79 55 78 55 77 56 64 56 76 56 78 57 65 57 77 57 79 58 66 58 78 58 12 61 23 61 13 61 15 62 16 62 14 62 19 63 20 63 18 63 16 64 18 64 22 64 19 65 17 65 13 65 1 72 11 72 10 72 2 73 4 73 5 73 6 74 8 74 9 74 0 75 10 75 6 75 10 76 8 76 6 76 4 77 2 77 0 77 11 78 1 78 5 78 1 79 3 79 5 79 7 80 9 80 11 80 0 81 12 81 13 81 1 82 13 82 15 82 3 83 15 83 14 83 2 84 14 84 12 84 4 85 16 85 17 85 5 86 17 86 19 86 7 87 19 87 18 87 6 88 18 88 16 88 8 89 20 89 21 89 9 90 21 90 23 90 11 91 23 91 22 91 10 92 22 92 20 92 25 93 29 93 28 93 26 94 30 94 29 94 26 95 27 95 31 95 24 96 28 96 31 96 29 97 33 97 32 97 30 98 34 98 33 98 30 99 31 99 35 99 28 100 32 100 35 100 32 101 33 101 37 101 34 102 38 102 37 102 35 103 39 103 38 103 32 104 36 104 39 104 36 105 37 105 25 105 38 106 26 106 25 106 39 107 27 107 26 107 36 108 24 108 27 108 40 109 41 109 45 109 42 110 46 110 45 110 43 111 47 111 46 111 45 112 49 112 48 112 46 113 50 113 49 113 47 114 51 114 50 114 49 115 53 115 52 115 50 116 54 116 53 116 50 117 51 117 55 117 53 118 41 118 40 118 54 119 42 119 41 119 55 120 43 120 42 120 64 123 65 123 69 123 66 124 70 124 69 124 67 125 71 125 70 125 69 126 73 126 72 126 70 127 74 127 73 127 71 128 75 128 74 128 73 129 77 129 76 129 74 130 78 130 77 130 74 131 75 131 79 131 77 132 65 132 64 132 78 133 66 133 65 133 79 134 67 134 66 134 12 137 22 137 23 137 15 138 17 138 16 138 19 139 21 139 20 139 22 140 12 140 16 140 12 141 14 141 16 141 18 142 20 142 22 142 13 143 23 143 19 143 23 144 21 144 19 144 17 145 15 145 13 145</p>
        </triangles>
        <triangles material="Glass-material" count="20">
          <input semantic="VERTEX" source="#Window_004-mesh-vertices" offset="0"/>
          <input semantic="NORMAL" source="#Window_004-mesh-normals" offset="1"/>
          <p>56 45 58 45 57 45 61 46 63 46 60 46 80 59 82 59 81 59 85 60 87 60 84 60 94 66 93 66 95 66 92 67 89 67 93 67 91 68 88 68 90 68 95 69 90 69 94 69 94 70 88 70 92 70 95 71 89 71 91 71 56 121 59 121 58 121 61 122 62 122 63 122 80 135 83 135 82 135 85 136 86 136 87 136 94 146 92 146 93 146 92 147 88 147 89 147 91 148 89 148 88 148 95 149 91 149 90 149 94 150 90 150 88 150 95 151 93 151 89 151</p>
        </triangles>
      </mesh>
    </geometry>
    <geometry id="Handle_Back_021-mesh" name="Handle_Back.021">
      <mesh>
        <source id="Handle_Back_021-mesh-positions">
          <float_array id="Handle_Back_021-mesh-positions-array" count="438">-0.03019267 -0.002780556 -0.03281581 -0.04254585 -0.002942085 -0.01331907 -0.04349547 -0.003071784 0.009742319 -0.03278702 -0.003134846 0.03018921 -0.01328992 -0.003114402 0.04254281 0.009771585 -0.003015935 0.04349297 0.0302183 -0.00286585 0.03278511 0.04257148 -0.002704322 0.01328843 0.0435211 -0.002574622 -0.009772956 0.03281271 -0.00251156 -0.03021985 0.01331561 -0.002532005 -0.04257351 -0.009745895 -0.002630472 -0.04352366 -0.02902269 -0.01958918 -0.03171879 -0.0409283 -0.01974487 -0.01292848 -0.04184353 -0.01986986 0.009297311 -0.03152316 -0.01993066 0.02900338 -0.0127325 -0.01991099 0.0409094 0.00949347 -0.01981604 0.04182523 0.02919942 -0.01967138 0.03150534 0.04110503 -0.01951569 0.01271504 0.04202026 -0.0193907 -0.009510755 0.03169989 -0.0193299 -0.02921688 0.01290923 -0.01934963 -0.04112291 -0.009316742 -0.01944452 -0.04203867 1.28343e-5 -0.002823233 -1.53401e-5 -0.0144611 -0.01961213 -0.01590621 -0.02041143 -0.01968991 -0.006514966 -0.02086883 -0.01975238 0.004593312 -0.01571083 -0.01978278 0.01444226 -0.006319344 -0.01977294 0.02039283 0.004788994 -0.0197255 0.02085053 0.01463782 -0.0196532 0.01569271 0.02058821 -0.01957541 0.006301462 0.02104562 -0.01951295 -0.004806816 0.01588755 -0.01948255 -0.01465576 0.006496131 -0.01949238 -0.02060627 -0.004612207 -0.01953983 -0.02106404 -0.01440769 -0.03150087 -0.01597088 -0.02035802 -0.03157871 -0.006579577 -0.02081543 -0.03164118 0.004528701 -0.01565736 -0.03167152 0.01437765 -0.006265938 -0.03166168 0.02032816 0.0048424 -0.03161424 0.02078586 0.01469129 -0.03154194 0.01562809 0.02064162 -0.03146415 0.006236851 0.02109903 -0.03140169 -0.004871428 0.01594102 -0.03137129 -0.01472038 0.006549537 -0.03138113 -0.02067095 -0.004558801 -0.03142857 -0.02112865 -0.01445657 -0.02062267 -0.01591169 -0.0204069 -0.02070051 -0.00652045 -0.0208643 -0.02076297 0.004587829 -0.01570624 -0.02079331 0.01443678 -0.006314814 -0.02078348 0.02038735 0.004793524 -0.02073603 0.02084499 0.01464235 -0.02066373 0.01568722 0.02059274 -0.02058595 0.006295979 0.02105015 -0.02052348 -0.0048123 0.01589208 -0.02049309 -0.01466125 0.006500661 -0.02050292 -0.02061182 -0.004607677 -0.02055037 -0.02106952 -0.01216179 -0.03150403 -0.01353198 -0.01719361 -0.03156983 -0.005590379 -0.01758038 -0.03162264 0.003803133 -0.01321858 -0.03164833 0.01213181 -0.005276799 -0.03164005 0.01716381 0.004116773 -0.03159993 0.01755082 0.01244539 -0.03153878 0.01318919 0.01747721 -0.03147298 0.005247652 0.01786404 -0.03142017 -0.00414592 0.01350218 -0.03139448 -0.01247459 0.005560457 -0.03140282 -0.01750659 -0.003833174 -0.03144288 -0.01789361 -0.01852178 -0.009611725 -0.005855321 -0.0131331 -0.009541213 -0.01436018 -0.01893603 -0.00966829 0.004204452 -0.01426482 -0.009695768 0.01312381 -0.005759835 -0.009686887 0.01851272 0.004300057 -0.009643912 0.01892721 0.01321929 -0.009578406 0.01425623 0.01860803 -0.009507954 0.00575143 0.01902228 -0.009451389 -0.004308402 0.01435106 -0.009423911 -0.01322776 0.005846083 -0.009432792 -0.01861667 -0.004213809 -0.009475767 -0.01903116 -0.01205104 -0.02431207 -0.01333743 -0.01702433 -0.0243771 -0.005488216 -0.01740664 -0.02442932 0.003795981 -0.01309555 -0.02445471 0.01202768 -0.005246222 -0.02444648 0.01700115 0.004038035 -0.02440685 0.01738369 0.01226967 -0.02434641 0.01307284 0.01724296 -0.02428138 0.005223631 0.01762527 -0.02422916 -0.004060566 0.01331418 -0.02420377 -0.01229226 0.005464911 -0.024212 -0.01726573 -0.003819406 -0.02425163 -0.01764827 -0.01189309 -0.0594598 -0.01352852 -0.01686638 -0.05952483 -0.005679368 -0.01724869 -0.05957704 0.003604829 -0.0129376 -0.05960243 0.01183658 -0.005088269 -0.05959421 0.01680999 0.004195988 -0.05955457 0.01719254 0.01242762 -0.05949413 0.01288169 0.01740092 -0.0594291 0.005032539 0.01778322 -0.05937689 -0.004251718 0.01347213 -0.0593515 -0.01248341 0.005622863 -0.05935972 -0.01745688 -0.003661453 -0.05939936 -0.01783943 -0.01183503 -0.0723738 -0.01359879 -0.01680833 -0.07243883 -0.005749583 -0.01719063 -0.07249104 0.003534615 -0.01287955 -0.07251644 0.01176631 -0.005030274 -0.07250821 0.01673978 0.004254043 -0.07246857 0.01712232 0.01248568 -0.07240813 0.01281148 0.01745897 -0.07234311 0.004962265 0.01784127 -0.07229089 -0.004321932 0.01353019 -0.0722655 -0.01255363 0.005680859 -0.07227373 -0.0175271 -0.003603398 -0.07231336 -0.01790964 0.1257352 -0.06936496 -0.006631195 0.1268824 -0.06874352 -0.003520727 0.1273995 -0.06840461 0.001801967 0.127148 -0.06843894 0.007910847 0.1261951 -0.0688374 0.01316899 0.1247963 -0.06949311 0.0161674 0.1241861 -0.06165295 -0.006511032 0.1253334 -0.06103152 -0.003400564 0.1258505 -0.0606926 0.00192219 0.1255989 -0.06072694 0.00803107 0.1246461 -0.06112539 0.01328915 0.1232473 -0.06178116 0.01628756 0.1369404 -0.0198214 -0.006400227 0.1345047 -0.01898777 -0.006495833 0.1376608 -0.01831007 -0.003302335 0.1379315 -0.0174573 0.002013087 0.1376799 -0.01749163 0.008121967 0.1369736 -0.01840388 0.01338738 0.1360016 -0.01994961 0.01639837 0.1335659 -0.01911598 0.01630276 0.1352251 -0.01747643 -0.003397941 0.1354959 -0.01662367 0.001917481 0.1352443 -0.016658 0.008026361 0.1345379 -0.01757025 0.01329177 3.25309e-4 -0.07239097 -3.93676e-4</float_array>
          <technique_common>
            <accessor source="#Handle_Back_021-mesh-positions-array" count="146" stride="3">
              <param name="X" type="float"/>
              <param name="Y" type="float"/>
              <param name="Z" type="float"/>
            </accessor>
          </technique_common>
        </source>
        <source id="Handle_Back_021-mesh-normals">
          <float_array id="Handle_Back_021-mesh-normals-array" count="438">-0.004493653 0.9999752 0.005438029 -0.5358362 0.6178019 -0.5755001 -0.7538419 0.6149512 -0.2314248 -0.7705995 0.6126626 0.1755594 -0.5816184 0.6115495 0.5364022 -0.2375364 0.6119102 0.7544153 0.1694505 0.6136481 0.7711825 0.5302903 0.6162973 0.5822113 0.7482958 0.6191483 0.2381361 0.7650539 0.6214362 -0.1688477 0.5760729 0.6225496 -0.5296905 0.2319911 0.6221889 -0.7477039 -0.1749963 0.620451 -0.7644716 -0.6892217 -0.6902905 -0.2201648 -0.7046692 -0.692403 0.1549823 -0.5304775 -0.6934257 0.4876009 -0.2133129 -0.6930935 0.6885631 0.1618375 -0.6914916 0.7040228 0.4944548 -0.6890464 0.5298392 0.6954089 -0.6864213 0.2126787 0.7108559 -0.6843157 -0.1624685 0.5366644 -0.6832863 -0.495087 0.2195001 -0.6836187 -0.6960497 -0.1556514 -0.6852172 -0.7115125 -0.4882664 -0.6876626 -0.5373233 -0.4285731 -0.7695947 -0.4733384 -0.6052575 -0.7719089 -0.1944735 -0.6188499 -0.7737557 0.1353774 -0.4656794 -0.7746641 0.4278297 -0.1868124 -0.7743698 0.6045267 0.1430408 -0.7729614 0.6181182 0.4354915 -0.7708169 0.4649609 0.612187 -0.7685012 0.1860996 0.6257663 -0.7666496 -0.1437532 0.4726051 -0.7657466 -0.4362071 0.1937355 -0.7660364 -0.6129069 -0.1361199 -0.7674494 -0.6264924 -0.9544485 -0.002669155 -0.298364 -0.5099913 -0.6524621 -0.5605374 -0.6774049 9.56125e-4 -0.7356098 -0.7197539 -0.6552125 -0.229458 -0.9757478 -0.005573868 0.2188274 -0.7355961 -0.006988823 0.6773844 -0.7358829 -0.6574072 0.1621487 -0.5540381 -0.6584822 0.5093556 -0.2983413 -0.006530523 0.954437 -0.2229545 -0.6581384 0.7191281 0.2188533 -0.004322171 0.9757482 0.1686549 -0.6564594 0.7352665 0.6774088 -9.56768e-4 0.7356062 0.7256242 -0.6511703 0.2223667 0.9544506 0.002667725 0.2983575 0.9757462 0.005574584 -0.2188344 0.741753 -0.6489685 -0.1692411 0.5599171 -0.6478972 -0.5164515 0.7355909 0.006990253 -0.6773899 0.2288375 -0.6482444 -0.7262318 0.2983362 0.006531596 -0.9544386 -0.2188545 0.004322946 -0.975748 -0.162779 -0.6499098 -0.7423747 0.6329113 -0.7498581 0.1927074 0.6469533 -0.7479459 -0.1484196 0.4885588 -0.7470094 -0.4508739 0.2001579 -0.7473092 -0.6336133 -0.1409747 -0.7487663 -0.647669 -0.4434196 -0.7509946 -0.4892712 0.5158495 -0.6539241 0.5534282 -0.626159 -0.7533739 -0.2008802 -0.6402001 -0.7552973 0.1402497 -0.4817996 -0.7562302 0.4427021 -0.1933969 -0.7559279 0.6254364 0.1477328 -0.7544682 0.6394943 0.4501734 -0.7522588 0.4810931 0.9525513 0.06121522 0.2981593 0.9738079 0.06411856 -0.2181445 0.7340633 0.06553035 -0.6759119 0.2975566 0.06507259 -0.952484 -0.2187433 0.06286799 -0.9737552 -0.6765089 0.05950707 -0.7340263 -0.9530749 0.05589061 -0.2975305 -0.9743377 0.05298751 0.218766 -0.7346003 0.0515756 0.6765371 -0.2980979 0.05203312 0.9531161 0.2182092 0.05423778 0.9743937 0.6759828 0.05759865 0.734663 -0.9544497 -0.002666532 -0.2983601 -0.6774061 9.56252e-4 -0.7356086 -0.9544496 -0.002666652 -0.2983604 -0.9757472 -0.005574882 0.2188296 -0.9757468 -0.005574762 0.2188313 -0.7355938 -0.0069893 0.6773868 -0.7355948 -0.006989359 0.6773858 -0.2983386 -0.006531059 0.9544378 -0.2983388 -0.006531 0.9544378 0.2188611 -0.004322707 0.9757465 0.1008464 0.07227748 0.9922732 0.677412 -9.56153e-4 0.7356032 0.4367092 0.7532469 0.4918376 0.9544495 0.002666592 0.298361 0.6131197 0.7645813 0.1987455 0.6270323 0.7664771 -0.1390804 0.9757483 0.005574822 -0.218825 0.4753537 0.7584528 -0.4458568 0.735594 0.006989359 -0.6773865 0.2983395 0.006531059 -0.9544375 0.1826435 0.08298206 -0.9796711 -0.2188556 0.004322767 -0.9757477 -0.2188554 0.004322767 -0.9757478 -0.6774125 9.56179e-4 -0.7356029 -0.7197524 -0.6552122 -0.2294635 -0.7358728 -0.6574198 0.1621435 -0.5540348 -0.6584906 0.5093484 -0.2229574 -0.658149 0.7191175 -0.006659984 -0.7057489 0.7084308 -0.1627769 -0.6499203 -0.7423661 0.05273288 -0.6974856 -0.7146559 -0.2039417 0.4512848 -0.8687635 0.4300538 -0.6933593 -0.5781926 0.01893401 -0.9995669 -0.02253139 0.6702392 -0.7386845 -0.07158648 0.0216701 -0.9997206 -0.009446561 0.6654317 -0.7464544 0.00256139 0.02128231 -0.9997735 -2.65826e-5 0.6641297 -0.7463003 0.0443592 0.6639046 -0.7381229 0.1200216 0.01747953 -0.9997655 0.01278877 0.3891373 -0.7036988 0.5944579 -0.2068582 0.4309756 0.8783335 -0.6487253 0.7583277 0.06398844 -0.6434587 0.7654705 -0.003979802 -0.6439545 0.7569173 -0.1113506 -0.6425779 0.7651132 -0.04117488 0.6624335 0.2422161 -0.7088817 0.8379032 0.4817417 -0.2565994 0.859215 0.5099207 -0.04160195 0.8525514 0.5092355 0.1176248 0.8133506 0.4792764 0.3297803 0.6063383 0.2433318 0.7570624 -0.5570853 0.5667764 0.6069766 -0.5042815 0.5655116 -0.6526079 -0.4445091 0.8675741 -0.2229951 -0.4619956 0.8859739 0.0401318 -0.4572607 0.8867515 -0.06770855 -0.4629358 0.864532 0.1956396 -0.5099768 -0.6524798 -0.56053 0.004493594 -0.9999752 -0.005437731</float_array>
          <technique_common>
            <accessor source="#Handle_Back_021-mesh-normals-array" count="146" stride="3">
              <param name="X" type="float"/>
              <param name="Y" type="float"/>
              <param name="Z" type="float"/>
            </accessor>
          </technique_common>
        </source>
        <vertices id="Handle_Back_021-mesh-vertices">
          <input semantic="POSITION" source="#Handle_Back_021-mesh-positions"/>
        </vertices>
        <triangles material="steel-material" count="264">
          <input semantic="VERTEX" source="#Handle_Back_021-mesh-vertices" offset="0"/>
          <input semantic="NORMAL" source="#Handle_Back_021-mesh-normals" offset="1"/>
          <p>24 0 0 1 1 2 24 0 1 2 2 3 24 0 2 3 3 4 24 0 3 4 4 5 24 0 4 5 5 6 24 0 5 6 6 7 24 0 6 7 7 8 24 0 7 8 8 9 24 0 8 9 9 10 24 0 9 10 10 11 24 0 10 11 11 12 11 12 0 1 24 0 0 1 13 13 1 2 1 2 14 14 2 3 2 3 15 15 3 4 3 4 16 16 4 5 4 5 17 17 5 6 5 6 18 18 6 7 6 7 19 19 7 8 7 8 20 20 8 9 8 9 21 21 9 10 9 10 22 22 10 11 10 11 23 23 11 12 12 24 11 12 23 23 13 13 25 25 26 26 14 14 26 26 27 27 14 14 28 28 15 15 15 15 29 29 16 16 16 16 30 30 17 17 17 17 31 31 18 18 19 19 31 31 32 32 20 20 32 32 33 33 20 20 34 34 21 21 21 21 35 35 22 22 22 22 36 36 23 23 12 24 36 36 25 25 25 25 50 37 26 26 37 38 50 37 49 39 50 37 27 27 26 26 38 40 51 41 50 37 27 27 52 42 28 28 39 43 52 42 51 41 52 42 29 29 28 28 40 44 53 45 52 42 53 45 30 30 29 29 41 46 54 47 53 45 54 47 31 31 30 30 42 48 55 49 54 47 55 49 32 32 31 31 55 49 44 50 56 51 32 32 57 52 33 33 56 51 45 53 57 52 57 52 34 34 33 33 57 52 46 54 58 55 58 55 35 35 34 34 58 55 47 56 59 57 35 35 60 58 36 36 59 57 48 59 60 58 36 36 49 39 25 25 48 59 49 39 60 58 37 38 62 60 38 40 39 43 62 60 63 61 39 43 64 62 40 44 40 44 65 63 41 46 42 48 65 63 66 64 42 48 67 65 43 66 43 66 68 67 44 50 44 50 69 68 45 53 45 53 70 69 46 54 46 54 71 70 47 56 47 56 72 71 48 59 37 38 72 71 61 72 61 72 73 73 62 60 62 60 75 74 63 61 63 61 76 75 64 62 64 62 77 76 65 63 65 63 78 77 66 64 67 65 78 77 79 78 67 65 80 79 68 67 69 68 80 79 81 80 70 69 81 80 82 81 71 70 82 81 83 82 72 71 83 82 84 83 61 72 84 83 74 84 86 85 97 86 98 87 86 85 99 88 87 89 88 90 99 88 100 91 88 90 101 92 89 93 90 94 101 92 102 95 91 96 102 95 103 97 92 98 103 97 104 99 92 98 105 100 93 101 93 101 106 102 94 103 95 104 106 102 107 105 95 104 108 106 96 107 85 108 108 106 97 86 97 86 110 109 98 87 99 88 110 109 111 110 100 91 111 110 112 111 101 92 112 111 113 112 101 92 114 113 102 95 107 105 120 114 108 106 120 114 97 86 108 106 119 115 127 116 121 117 118 118 121 117 122 119 117 120 122 119 123 121 116 122 123 121 124 123 116 122 125 124 115 125 115 125 126 126 114 113 114 113 132 127 102 95 106 102 127 116 107 105 105 100 128 128 106 102 104 99 129 129 105 100 104 99 131 130 130 131 103 97 132 127 131 130 127 116 133 132 121 117 122 119 133 132 135 133 123 121 135 133 136 134 123 121 137 135 124 123 124 123 138 136 125 124 125 124 139 137 126 126 132 127 139 137 140 138 128 128 134 139 127 116 129 129 141 140 128 128 129 129 143 141 142 142 130 131 144 143 143 141 131 130 140 138 144 143 144 143 139 137 138 136 143 141 138 136 137 135 142 142 137 135 136 134 135 133 142 142 136 134 133 132 141 140 135 133 110 109 109 144 145 145 111 110 110 109 145 145 112 111 111 110 145 145 113 112 112 111 145 145 114 113 113 112 145 145 115 125 114 113 145 145 116 122 115 125 145 145 117 120 116 122 145 145 118 118 117 120 145 145 119 115 118 118 145 145 120 114 119 115 145 145 109 144 120 114 145 145 0 1 12 24 13 13 1 2 13 13 14 14 2 3 14 14 15 15 3 4 15 15 16 16 4 5 16 16 17 17 5 6 17 17 18 18 6 7 18 18 19 19 7 8 19 19 20 20 8 9 20 20 21 21 9 10 21 21 22 22 10 11 22 22 23 23 12 24 0 1 11 12 13 13 12 24 25 25 14 14 13 13 26 26 14 14 27 27 28 28 15 15 28 28 29 29 16 16 29 29 30 30 17 17 30 30 31 31 19 19 18 18 31 31 20 20 19 19 32 32 20 20 33 33 34 34 21 21 34 34 35 35 22 22 35 35 36 36 12 24 23 23 36 36 25 25 49 39 50 37 37 38 38 40 50 37 50 37 51 41 27 27 38 40 39 43 51 41 27 27 51 41 52 42 39 43 40 44 52 42 52 42 53 45 29 29 40 44 41 46 53 45 53 45 54 47 30 30 41 46 42 48 54 47 54 47 55 49 31 31 42 48 43 66 55 49 55 49 56 51 32 32 55 49 43 66 44 50 32 32 56 51 57 52 56 51 44 50 45 53 57 52 58 55 34 34 57 52 45 53 46 54 58 55 59 57 35 35 58 55 46 54 47 56 35 35 59 57 60 58 59 57 47 56 48 59 36 36 60 58 49 39 48 59 37 38 49 39 37 38 61 72 62 60 39 43 38 40 62 60 39 43 63 61 64 62 40 44 64 62 65 63 42 48 41 46 65 63 42 48 66 64 67 65 43 66 67 65 68 67 44 50 68 67 69 68 45 53 69 68 70 69 46 54 70 69 71 70 47 56 71 70 72 71 37 38 48 59 72 71 61 72 74 84 73 73 62 60 73 73 75 74 63 61 75 74 76 75 64 62 76 75 77 76 65 63 77 76 78 77 67 65 66 64 78 77 67 65 79 78 80 79 69 68 68 67 80 79 70 69 69 68 81 80 71 70 70 69 82 81 72 71 71 70 83 82 61 72 72 71 84 83 86 85 85 108 97 86 86 85 98 87 99 88 88 90 87 89 99 88 88 90 100 91 101 92 90 94 89 93 101 92 91 96 90 94 102 95 92 98 91 96 103 97 92 98 104 99 105 100 93 101 105 100 106 102 95 104 94 103 106 102 95 104 107 105 108 106 85 108 96 107 108 106 97 86 109 144 110 109 99 88 98 87 110 109 100 91 99 88 111 110 101 92 100 91 112 111 101 92 113 112 114 113 107 105 119 115 120 114 120 114 109 144 97 86 119 115 107 105 127 116 118 118 119 115 121 117 117 120 118 118 122 119 116 122 117 120 123 121 116 122 124 123 125 124 115 125 125 124 126 126 114 113 126 126 132 127 106 102 128 128 127 116 105 100 129 129 128 128 104 99 130 131 129 129 104 99 103 97 131 130 103 97 102 95 132 127 127 116 134 139 133 132 122 119 121 117 133 132 123 121 122 119 135 133 123 121 136 134 137 135 124 123 137 135 138 136 125 124 138 136 139 137 132 127 126 126 139 137 128 128 141 140 134 139 129 129 142 142 141 140 129 129 130 131 143 141 130 131 131 130 144 143 131 130 132 127 140 138 144 143 140 138 139 137 143 141 144 143 138 136 142 142 143 141 137 135 135 133 141 140 142 142 133 132 134 139 141 140</p>
        </triangles>
      </mesh>
    </geometry>
    <geometry id="Handle_Front_021-mesh" name="Handle_Front.021">
      <mesh>
        <source id="Handle_Front_021-mesh-positions">
          <float_array id="Handle_Front_021-mesh-positions-array" count="438">-0.03019267 -0.002780556 -0.03281581 -0.04254585 -0.002942085 -0.01331907 -0.04349547 -0.003071784 0.009742319 -0.03278702 -0.003134846 0.03018921 -0.01328992 -0.003114402 0.04254281 0.009771585 -0.003015935 0.04349297 0.0302183 -0.00286585 0.03278511 0.04257148 -0.002704322 0.01328843 0.0435211 -0.002574622 -0.009772956 0.03281271 -0.00251156 -0.03021985 0.01331561 -0.002532005 -0.04257351 -0.009745895 -0.002630472 -0.04352366 -0.02902269 -0.01958918 -0.03171879 -0.0409283 -0.01974487 -0.01292848 -0.04184353 -0.01986986 0.009297311 -0.03152316 -0.01993066 0.02900338 -0.0127325 -0.01991099 0.0409094 0.00949347 -0.01981604 0.04182523 0.02919942 -0.01967138 0.03150534 0.04110503 -0.01951569 0.01271504 0.04202026 -0.0193907 -0.009510755 0.03169989 -0.0193299 -0.02921688 0.01290923 -0.01934963 -0.04112291 -0.009316742 -0.01944452 -0.04203867 1.28343e-5 -0.002823233 -1.53401e-5 -0.0144611 -0.01961213 -0.01590621 -0.02041143 -0.01968991 -0.006514966 -0.02086883 -0.01975238 0.004593312 -0.01571083 -0.01978278 0.01444226 -0.006319344 -0.01977294 0.02039283 0.004788994 -0.0197255 0.02085053 0.01463782 -0.0196532 0.01569271 0.02058821 -0.01957541 0.006301462 0.02104562 -0.01951295 -0.004806816 0.01588755 -0.01948255 -0.01465576 0.006496131 -0.01949238 -0.02060627 -0.004612207 -0.01953983 -0.02106404 -0.01440769 -0.03150087 -0.01597088 -0.02035802 -0.03157871 -0.006579577 -0.02081543 -0.03164118 0.004528701 -0.01565736 -0.03167152 0.01437765 -0.006265938 -0.03166168 0.02032816 0.0048424 -0.03161424 0.02078586 0.01469129 -0.03154194 0.01562809 0.02064162 -0.03146415 0.006236851 0.02109903 -0.03140169 -0.004871428 0.01594102 -0.03137129 -0.01472038 0.006549537 -0.03138113 -0.02067095 -0.004558801 -0.03142857 -0.02112865 -0.01445657 -0.02062267 -0.01591169 -0.0204069 -0.02070051 -0.00652045 -0.0208643 -0.02076297 0.004587829 -0.01570624 -0.02079331 0.01443678 -0.006314814 -0.02078348 0.02038735 0.004793524 -0.02073603 0.02084499 0.01464235 -0.02066373 0.01568722 0.02059274 -0.02058595 0.006295979 0.02105015 -0.02052348 -0.0048123 0.01589208 -0.02049309 -0.01466125 0.006500661 -0.02050292 -0.02061182 -0.004607677 -0.02055037 -0.02106952 -0.01216179 -0.03150403 -0.01353198 -0.01719361 -0.03156983 -0.005590379 -0.01758038 -0.03162264 0.003803133 -0.01321858 -0.03164833 0.01213181 -0.005276799 -0.03164005 0.01716381 0.004116773 -0.03159993 0.01755082 0.01244539 -0.03153878 0.01318919 0.01747721 -0.03147298 0.005247652 0.01786404 -0.03142017 -0.00414592 0.01350218 -0.03139448 -0.01247459 0.005560457 -0.03140282 -0.01750659 -0.003833174 -0.03144288 -0.01789361 -0.01852178 -0.009611725 -0.005855321 -0.0131331 -0.009541213 -0.01436018 -0.01893603 -0.00966829 0.004204452 -0.01426482 -0.009695768 0.01312381 -0.005759835 -0.009686887 0.01851272 0.004300057 -0.009643912 0.01892721 0.01321929 -0.009578406 0.01425623 0.01860803 -0.009507954 0.00575143 0.01902228 -0.009451389 -0.004308402 0.01435106 -0.009423911 -0.01322776 0.005846083 -0.009432792 -0.01861667 -0.004213809 -0.009475767 -0.01903116 -0.01205104 -0.02431207 -0.01333743 -0.01702433 -0.0243771 -0.005488216 -0.01740664 -0.02442932 0.003795981 -0.01309555 -0.02445471 0.01202768 -0.005246222 -0.02444648 0.01700115 0.004038035 -0.02440685 0.01738369 0.01226967 -0.02434641 0.01307284 0.01724296 -0.02428138 0.005223631 0.01762527 -0.02422916 -0.004060566 0.01331418 -0.02420377 -0.01229226 0.005464911 -0.024212 -0.01726573 -0.003819406 -0.02425163 -0.01764827 -0.01189309 -0.0594598 -0.01352852 -0.01686638 -0.05952483 -0.005679368 -0.01724869 -0.05957704 0.003604829 -0.0129376 -0.05960243 0.01183658 -0.005088269 -0.05959421 0.01680999 0.004195988 -0.05955457 0.01719254 0.01242762 -0.05949413 0.01288169 0.01740092 -0.0594291 0.005032539 0.01778322 -0.05937689 -0.004251718 0.01347213 -0.0593515 -0.01248341 0.005622863 -0.05935972 -0.01745688 -0.003661453 -0.05939936 -0.01783943 -0.01183503 -0.0723738 -0.01359879 -0.01680833 -0.07243883 -0.005749583 -0.01719063 -0.07249104 0.003534615 -0.01287955 -0.07251644 0.01176631 -0.005030274 -0.07250821 0.01673978 0.004254043 -0.07246857 0.01712232 0.01248568 -0.07240813 0.01281148 0.01745897 -0.07234311 0.004962265 0.01784127 -0.07229089 -0.004321932 0.01353019 -0.0722655 -0.01255363 0.005680859 -0.07227373 -0.0175271 -0.003603398 -0.07231336 -0.01790964 0.1257352 -0.06936496 -0.006631195 0.1268824 -0.06874352 -0.003520727 0.1273995 -0.06840461 0.001801967 0.127148 -0.06843894 0.007910847 0.1261951 -0.0688374 0.01316899 0.1247963 -0.06949311 0.0161674 0.1241861 -0.06165295 -0.006511032 0.1253334 -0.06103152 -0.003400564 0.1258505 -0.0606926 0.00192219 0.1255989 -0.06072694 0.00803107 0.1246461 -0.06112539 0.01328915 0.1232473 -0.06178116 0.01628756 0.1369404 -0.0198214 -0.006400227 0.1345047 -0.01898777 -0.006495833 0.1376608 -0.01831007 -0.003302335 0.1379315 -0.0174573 0.002013087 0.1376799 -0.01749163 0.008121967 0.1369736 -0.01840388 0.01338738 0.1360016 -0.01994961 0.01639837 0.1335659 -0.01911598 0.01630276 0.1352251 -0.01747643 -0.003397941 0.1354959 -0.01662367 0.001917481 0.1352443 -0.016658 0.008026361 0.1345379 -0.01757025 0.01329177 3.25309e-4 -0.07239097 -3.93676e-4</float_array>
          <technique_common>
            <accessor source="#Handle_Front_021-mesh-positions-array" count="146" stride="3">
              <param name="X" type="float"/>
              <param name="Y" type="float"/>
              <param name="Z" type="float"/>
            </accessor>
          </technique_common>
        </source>
        <source id="Handle_Front_021-mesh-normals">
          <float_array id="Handle_Front_021-mesh-normals-array" count="438">-0.004493653 0.9999752 0.005438029 -0.5358362 0.6178019 -0.5755001 -0.7538419 0.6149512 -0.2314248 -0.7705995 0.6126626 0.1755594 -0.5816184 0.6115495 0.5364022 -0.2375364 0.6119102 0.7544153 0.1694505 0.6136481 0.7711825 0.5302903 0.6162973 0.5822113 0.7482958 0.6191483 0.2381361 0.7650539 0.6214362 -0.1688477 0.5760729 0.6225496 -0.5296905 0.2319911 0.6221889 -0.7477039 -0.1749963 0.620451 -0.7644716 -0.6892217 -0.6902905 -0.2201648 -0.7046692 -0.692403 0.1549823 -0.5304775 -0.6934257 0.4876009 -0.2133129 -0.6930935 0.6885631 0.1618375 -0.6914916 0.7040228 0.4944548 -0.6890464 0.5298392 0.6954089 -0.6864213 0.2126787 0.7108559 -0.6843157 -0.1624685 0.5366644 -0.6832863 -0.495087 0.2195001 -0.6836187 -0.6960497 -0.1556514 -0.6852172 -0.7115125 -0.4882664 -0.6876626 -0.5373233 -0.4285731 -0.7695947 -0.4733384 -0.6052575 -0.7719089 -0.1944735 -0.6188499 -0.7737557 0.1353774 -0.4656794 -0.7746641 0.4278297 -0.1868124 -0.7743698 0.6045267 0.1430408 -0.7729614 0.6181182 0.4354915 -0.7708169 0.4649609 0.612187 -0.7685012 0.1860996 0.6257663 -0.7666496 -0.1437532 0.4726051 -0.7657466 -0.4362071 0.1937355 -0.7660364 -0.6129069 -0.1361199 -0.7674494 -0.6264924 -0.9544485 -0.002669155 -0.298364 -0.5099913 -0.6524621 -0.5605374 -0.6774049 9.56125e-4 -0.7356098 -0.7197539 -0.6552125 -0.229458 -0.9757478 -0.005573868 0.2188274 -0.7355961 -0.006988823 0.6773844 -0.7358829 -0.6574072 0.1621487 -0.5540381 -0.6584822 0.5093556 -0.2983413 -0.006530523 0.954437 -0.2229545 -0.6581384 0.7191281 0.2188533 -0.004322171 0.9757482 0.1686549 -0.6564594 0.7352665 0.6774088 -9.56768e-4 0.7356062 0.7256242 -0.6511703 0.2223667 0.9544506 0.002667725 0.2983575 0.9757462 0.005574584 -0.2188344 0.741753 -0.6489685 -0.1692411 0.5599171 -0.6478972 -0.5164515 0.7355909 0.006990253 -0.6773899 0.2288375 -0.6482444 -0.7262318 0.2983362 0.006531596 -0.9544386 -0.2188545 0.004322946 -0.975748 -0.162779 -0.6499098 -0.7423747 0.6329113 -0.7498581 0.1927074 0.6469533 -0.7479459 -0.1484196 0.4885588 -0.7470094 -0.4508739 0.2001579 -0.7473092 -0.6336133 -0.1409747 -0.7487663 -0.647669 -0.4434196 -0.7509946 -0.4892712 0.5158495 -0.6539241 0.5534282 -0.626159 -0.7533739 -0.2008802 -0.6402001 -0.7552973 0.1402497 -0.4817996 -0.7562302 0.4427021 -0.1933969 -0.7559279 0.6254364 0.1477328 -0.7544682 0.6394943 0.4501734 -0.7522588 0.4810931 0.9525513 0.06121522 0.2981593 0.9738079 0.06411856 -0.2181445 0.7340633 0.06553035 -0.6759119 0.2975566 0.06507259 -0.952484 -0.2187433 0.06286799 -0.9737552 -0.6765089 0.05950707 -0.7340263 -0.9530749 0.05589061 -0.2975305 -0.9743377 0.05298751 0.218766 -0.7346003 0.0515756 0.6765371 -0.2980979 0.05203312 0.9531161 0.2182092 0.05423778 0.9743937 0.6759828 0.05759865 0.734663 -0.9544497 -0.002666532 -0.2983601 -0.6774061 9.56252e-4 -0.7356086 -0.9544496 -0.002666652 -0.2983604 -0.9757472 -0.005574882 0.2188296 -0.9757468 -0.005574762 0.2188313 -0.7355938 -0.0069893 0.6773868 -0.7355948 -0.006989359 0.6773858 -0.2983386 -0.006531059 0.9544378 -0.2983388 -0.006531 0.9544378 0.2188611 -0.004322707 0.9757465 0.1008464 0.07227748 0.9922732 0.677412 -9.56153e-4 0.7356032 0.4367092 0.7532469 0.4918376 0.9544495 0.002666592 0.298361 0.6131197 0.7645813 0.1987455 0.6270323 0.7664771 -0.1390804 0.9757483 0.005574822 -0.218825 0.4753537 0.7584528 -0.4458568 0.735594 0.006989359 -0.6773865 0.2983395 0.006531059 -0.9544375 0.1826435 0.08298206 -0.9796711 -0.2188556 0.004322767 -0.9757477 -0.2188554 0.004322767 -0.9757478 -0.6774125 9.56179e-4 -0.7356029 -0.7197524 -0.6552122 -0.2294635 -0.7358728 -0.6574198 0.1621435 -0.5540348 -0.6584906 0.5093484 -0.2229574 -0.658149 0.7191175 -0.006659984 -0.7057489 0.7084308 -0.1627769 -0.6499203 -0.7423661 0.05273288 -0.6974856 -0.7146559 -0.2039417 0.4512848 -0.8687635 0.4300538 -0.6933593 -0.5781926 0.01893401 -0.9995669 -0.02253139 0.6702392 -0.7386845 -0.07158648 0.0216701 -0.9997206 -0.009446561 0.6654317 -0.7464544 0.00256139 0.02128231 -0.9997735 -2.65826e-5 0.6641297 -0.7463003 0.0443592 0.6639046 -0.7381229 0.1200216 0.01747953 -0.9997655 0.01278877 0.3891373 -0.7036988 0.5944579 -0.2068582 0.4309756 0.8783335 -0.6487253 0.7583277 0.06398844 -0.6434587 0.7654705 -0.003979802 -0.6439545 0.7569173 -0.1113506 -0.6425779 0.7651132 -0.04117488 0.6624335 0.2422161 -0.7088817 0.8379032 0.4817417 -0.2565994 0.859215 0.5099207 -0.04160195 0.8525514 0.5092355 0.1176248 0.8133506 0.4792764 0.3297803 0.6063383 0.2433318 0.7570624 -0.5570853 0.5667764 0.6069766 -0.5042815 0.5655116 -0.6526079 -0.4445091 0.8675741 -0.2229951 -0.4619956 0.8859739 0.0401318 -0.4572607 0.8867515 -0.06770855 -0.4629358 0.864532 0.1956396 -0.5099768 -0.6524798 -0.56053 0.004493594 -0.9999752 -0.005437731</float_array>
          <technique_common>
            <accessor source="#Handle_Front_021-mesh-normals-array" count="146" stride="3">
              <param name="X" type="float"/>
              <param name="Y" type="float"/>
              <param name="Z" type="float"/>
            </accessor>
          </technique_common>
        </source>
        <vertices id="Handle_Front_021-mesh-vertices">
          <input semantic="POSITION" source="#Handle_Front_021-mesh-positions"/>
        </vertices>
        <triangles material="steel-material" count="264">
          <input semantic="VERTEX" source="#Handle_Front_021-mesh-vertices" offset="0"/>
          <input semantic="NORMAL" source="#Handle_Front_021-mesh-normals" offset="1"/>
          <p>24 0 0 1 1 2 24 0 1 2 2 3 24 0 2 3 3 4 24 0 3 4 4 5 24 0 4 5 5 6 24 0 5 6 6 7 24 0 6 7 7 8 24 0 7 8 8 9 24 0 8 9 9 10 24 0 9 10 10 11 24 0 10 11 11 12 11 12 0 1 24 0 0 1 13 13 1 2 1 2 14 14 2 3 2 3 15 15 3 4 3 4 16 16 4 5 4 5 17 17 5 6 5 6 18 18 6 7 6 7 19 19 7 8 7 8 20 20 8 9 8 9 21 21 9 10 9 10 22 22 10 11 10 11 23 23 11 12 12 24 11 12 23 23 13 13 25 25 26 26 14 14 26 26 27 27 14 14 28 28 15 15 15 15 29 29 16 16 16 16 30 30 17 17 17 17 31 31 18 18 19 19 31 31 32 32 20 20 32 32 33 33 20 20 34 34 21 21 21 21 35 35 22 22 22 22 36 36 23 23 12 24 36 36 25 25 25 25 50 37 26 26 37 38 50 37 49 39 50 37 27 27 26 26 38 40 51 41 50 37 27 27 52 42 28 28 39 43 52 42 51 41 52 42 29 29 28 28 40 44 53 45 52 42 53 45 30 30 29 29 41 46 54 47 53 45 54 47 31 31 30 30 42 48 55 49 54 47 55 49 32 32 31 31 55 49 44 50 56 51 32 32 57 52 33 33 56 51 45 53 57 52 57 52 34 34 33 33 57 52 46 54 58 55 58 55 35 35 34 34 58 55 47 56 59 57 35 35 60 58 36 36 59 57 48 59 60 58 36 36 49 39 25 25 48 59 49 39 60 58 37 38 62 60 38 40 39 43 62 60 63 61 39 43 64 62 40 44 40 44 65 63 41 46 42 48 65 63 66 64 42 48 67 65 43 66 43 66 68 67 44 50 44 50 69 68 45 53 45 53 70 69 46 54 46 54 71 70 47 56 47 56 72 71 48 59 37 38 72 71 61 72 61 72 73 73 62 60 62 60 75 74 63 61 63 61 76 75 64 62 64 62 77 76 65 63 65 63 78 77 66 64 67 65 78 77 79 78 67 65 80 79 68 67 69 68 80 79 81 80 70 69 81 80 82 81 71 70 82 81 83 82 72 71 83 82 84 83 61 72 84 83 74 84 86 85 97 86 98 87 86 85 99 88 87 89 88 90 99 88 100 91 88 90 101 92 89 93 90 94 101 92 102 95 91 96 102 95 103 97 92 98 103 97 104 99 92 98 105 100 93 101 93 101 106 102 94 103 95 104 106 102 107 105 95 104 108 106 96 107 85 108 108 106 97 86 97 86 110 109 98 87 99 88 110 109 111 110 100 91 111 110 112 111 101 92 112 111 113 112 101 92 114 113 102 95 107 105 120 114 108 106 120 114 97 86 108 106 119 115 127 116 121 117 118 118 121 117 122 119 117 120 122 119 123 121 116 122 123 121 124 123 116 122 125 124 115 125 115 125 126 126 114 113 114 113 132 127 102 95 106 102 127 116 107 105 105 100 128 128 106 102 104 99 129 129 105 100 104 99 131 130 130 131 103 97 132 127 131 130 127 116 133 132 121 117 122 119 133 132 135 133 123 121 135 133 136 134 123 121 137 135 124 123 124 123 138 136 125 124 125 124 139 137 126 126 132 127 139 137 140 138 128 128 134 139 127 116 129 129 141 140 128 128 129 129 143 141 142 142 130 131 144 143 143 141 131 130 140 138 144 143 144 143 139 137 138 136 143 141 138 136 137 135 142 142 137 135 136 134 135 133 142 142 136 134 133 132 141 140 135 133 110 109 109 144 145 145 111 110 110 109 145 145 112 111 111 110 145 145 113 112 112 111 145 145 114 113 113 112 145 145 115 125 114 113 145 145 116 122 115 125 145 145 117 120 116 122 145 145 118 118 117 120 145 145 119 115 118 118 145 145 120 114 119 115 145 145 109 144 120 114 145 145 0 1 12 24 13 13 1 2 13 13 14 14 2 3 14 14 15 15 3 4 15 15 16 16 4 5 16 16 17 17 5 6 17 17 18 18 6 7 18 18 19 19 7 8 19 19 20 20 8 9 20 20 21 21 9 10 21 21 22 22 10 11 22 22 23 23 12 24 0 1 11 12 13 13 12 24 25 25 14 14 13 13 26 26 14 14 27 27 28 28 15 15 28 28 29 29 16 16 29 29 30 30 17 17 30 30 31 31 19 19 18 18 31 31 20 20 19 19 32 32 20 20 33 33 34 34 21 21 34 34 35 35 22 22 35 35 36 36 12 24 23 23 36 36 25 25 49 39 50 37 37 38 38 40 50 37 50 37 51 41 27 27 38 40 39 43 51 41 27 27 51 41 52 42 39 43 40 44 52 42 52 42 53 45 29 29 40 44 41 46 53 45 53 45 54 47 30 30 41 46 42 48 54 47 54 47 55 49 31 31 42 48 43 66 55 49 55 49 56 51 32 32 55 49 43 66 44 50 32 32 56 51 57 52 56 51 44 50 45 53 57 52 58 55 34 34 57 52 45 53 46 54 58 55 59 57 35 35 58 55 46 54 47 56 35 35 59 57 60 58 59 57 47 56 48 59 36 36 60 58 49 39 48 59 37 38 49 39 37 38 61 72 62 60 39 43 38 40 62 60 39 43 63 61 64 62 40 44 64 62 65 63 42 48 41 46 65 63 42 48 66 64 67 65 43 66 67 65 68 67 44 50 68 67 69 68 45 53 69 68 70 69 46 54 70 69 71 70 47 56 71 70 72 71 37 38 48 59 72 71 61 72 74 84 73 73 62 60 73 73 75 74 63 61 75 74 76 75 64 62 76 75 77 76 65 63 77 76 78 77 67 65 66 64 78 77 67 65 79 78 80 79 69 68 68 67 80 79 70 69 69 68 81 80 71 70 70 69 82 81 72 71 71 70 83 82 61 72 72 71 84 83 86 85 85 108 97 86 86 85 98 87 99 88 88 90 87 89 99 88 88 90 100 91 101 92 90 94 89 93 101 92 91 96 90 94 102 95 92 98 91 96 103 97 92 98 104 99 105 100 93 101 105 100 106 102 95 104 94 103 106 102 95 104 107 105 108 106 85 108 96 107 108 106 97 86 109 144 110 109 99 88 98 87 110 109 100 91 99 88 111 110 101 92 100 91 112 111 101 92 113 112 114 113 107 105 119 115 120 114 120 114 109 144 97 86 119 115 107 105 127 116 118 118 119 115 121 117 117 120 118 118 122 119 116 122 117 120 123 121 116 122 124 123 125 124 115 125 125 124 126 126 114 113 126 126 132 127 106 102 128 128 127 116 105 100 129 129 128 128 104 99 130 131 129 129 104 99 103 97 131 130 103 97 102 95 132 127 127 116 134 139 133 132 122 119 121 117 133 132 123 121 122 119 135 133 123 121 136 134 137 135 124 123 137 135 138 136 125 124 138 136 139 137 132 127 126 126 139 137 128 128 141 140 134 139 129 129 142 142 141 140 129 129 130 131 143 141 130 131 131 130 144 143 131 130 132 127 140 138 144 143 140 138 139 137 143 141 144 143 138 136 142 142 143 141 137 135 135 133 141 140 142 142 133 132 134 139 141 140</p>
        </triangles>
      </mesh>
    </geometry>
    <geometry id="Door_021-mesh" name="Door.021">
      <mesh>
        <source id="Door_021-mesh-positions">
          <float_array id="Door_021-mesh-positions-array" count="24">-0.776 0 -1.061 -0.776 0.04899996 -1.061 0 0.04899996 -1.061 0 0 -1.061 -0.776 0 0.9789999 -0.776 0.04899996 0.9789999 0 0.04899996 0.9789999 0 0 0.9789999</float_array>
          <technique_common>
            <accessor source="#Door_021-mesh-positions-array" count="8" stride="3">
              <param name="X" type="float"/>
              <param name="Y" type="float"/>
              <param name="Z" type="float"/>
            </accessor>
          </technique_common>
        </source>
        <source id="Door_021-mesh-normals">
          <float_array id="Door_021-mesh-normals-array" count="36">-1 0 0 0 1 0 1 0 0 0 -1 0 0 0 -1 0 0 1 -1 0 0 0 1 0 1 0 0 0 -1 0 0 0 -1 0 0 1</float_array>
          <technique_common>
            <accessor source="#Door_021-mesh-normals-array" count="12" stride="3">
              <param name="X" type="float"/>
              <param name="Y" type="float"/>
              <param name="Z" type="float"/>
            </accessor>
          </technique_common>
        </source>
        <vertices id="Door_021-mesh-vertices">
          <input semantic="POSITION" source="#Door_021-mesh-positions"/>
        </vertices>
        <triangles material="fine_grained_wood-material" count="12">
          <input semantic="VERTEX" source="#Door_021-mesh-vertices" offset="0"/>
          <input semantic="NORMAL" source="#Door_021-mesh-normals" offset="1"/>
          <p>5 0 0 0 4 0 6 1 1 1 5 1 7 2 2 2 6 2 4 3 3 3 7 3 1 4 3 4 0 4 6 5 4 5 7 5 5 6 1 6 0 6 6 7 2 7 1 7 7 8 3 8 2 8 4 9 0 9 3 9 1 10 2 10 3 10 6 11 5 11 4 11</p>
        </triangles>
      </mesh>
    </geometry>
    <geometry id="Handle_Back_020-mesh" name="Handle_Back.020">
      <mesh>
        <source id="Handle_Back_020-mesh-positions">
          <float_array id="Handle_Back_020-mesh-positions-array" count="438">-0.03019267 -0.002780556 -0.03281581 -0.04254585 -0.002942085 -0.01331907 -0.04349547 -0.003071784 0.009742319 -0.03278702 -0.003134846 0.03018921 -0.01328992 -0.003114402 0.04254281 0.009771585 -0.003015935 0.04349297 0.0302183 -0.00286585 0.03278511 0.04257148 -0.002704322 0.01328843 0.0435211 -0.002574622 -0.009772956 0.03281271 -0.00251156 -0.03021985 0.01331561 -0.002532005 -0.04257351 -0.009745895 -0.002630472 -0.04352366 -0.02902269 -0.01958918 -0.03171879 -0.0409283 -0.01974487 -0.01292848 -0.04184353 -0.01986986 0.009297311 -0.03152316 -0.01993066 0.02900338 -0.0127325 -0.01991099 0.0409094 0.00949347 -0.01981604 0.04182523 0.02919942 -0.01967138 0.03150534 0.04110503 -0.01951569 0.01271504 0.04202026 -0.0193907 -0.009510755 0.03169989 -0.0193299 -0.02921688 0.01290923 -0.01934963 -0.04112291 -0.009316742 -0.01944452 -0.04203867 1.28343e-5 -0.002823233 -1.53401e-5 -0.0144611 -0.01961213 -0.01590621 -0.02041143 -0.01968991 -0.006514966 -0.02086883 -0.01975238 0.004593312 -0.01571083 -0.01978278 0.01444226 -0.006319344 -0.01977294 0.02039283 0.004788994 -0.0197255 0.02085053 0.01463782 -0.0196532 0.01569271 0.02058821 -0.01957541 0.006301462 0.02104562 -0.01951295 -0.004806816 0.01588755 -0.01948255 -0.01465576 0.006496131 -0.01949238 -0.02060627 -0.004612207 -0.01953983 -0.02106404 -0.01440769 -0.03150087 -0.01597088 -0.02035802 -0.03157871 -0.006579577 -0.02081543 -0.03164118 0.004528701 -0.01565736 -0.03167152 0.01437765 -0.006265938 -0.03166168 0.02032816 0.0048424 -0.03161424 0.02078586 0.01469129 -0.03154194 0.01562809 0.02064162 -0.03146415 0.006236851 0.02109903 -0.03140169 -0.004871428 0.01594102 -0.03137129 -0.01472038 0.006549537 -0.03138113 -0.02067095 -0.004558801 -0.03142857 -0.02112865 -0.01445657 -0.02062267 -0.01591169 -0.0204069 -0.02070051 -0.00652045 -0.0208643 -0.02076297 0.004587829 -0.01570624 -0.02079331 0.01443678 -0.006314814 -0.02078348 0.02038735 0.004793524 -0.02073603 0.02084499 0.01464235 -0.02066373 0.01568722 0.02059274 -0.02058595 0.006295979 0.02105015 -0.02052348 -0.0048123 0.01589208 -0.02049309 -0.01466125 0.006500661 -0.02050292 -0.02061182 -0.004607677 -0.02055037 -0.02106952 -0.01216179 -0.03150403 -0.01353198 -0.01719361 -0.03156983 -0.005590379 -0.01758038 -0.03162264 0.003803133 -0.01321858 -0.03164833 0.01213181 -0.005276799 -0.03164005 0.01716381 0.004116773 -0.03159993 0.01755082 0.01244539 -0.03153878 0.01318919 0.01747721 -0.03147298 0.005247652 0.01786404 -0.03142017 -0.00414592 0.01350218 -0.03139448 -0.01247459 0.005560457 -0.03140282 -0.01750659 -0.003833174 -0.03144288 -0.01789361 -0.01852178 -0.009611725 -0.005855321 -0.0131331 -0.009541213 -0.01436018 -0.01893603 -0.00966829 0.004204452 -0.01426482 -0.009695768 0.01312381 -0.005759835 -0.009686887 0.01851272 0.004300057 -0.009643912 0.01892721 0.01321929 -0.009578406 0.01425623 0.01860803 -0.009507954 0.00575143 0.01902228 -0.009451389 -0.004308402 0.01435106 -0.009423911 -0.01322776 0.005846083 -0.009432792 -0.01861667 -0.004213809 -0.009475767 -0.01903116 -0.01205104 -0.02431207 -0.01333743 -0.01702433 -0.0243771 -0.005488216 -0.01740664 -0.02442932 0.003795981 -0.01309555 -0.02445471 0.01202768 -0.005246222 -0.02444648 0.01700115 0.004038035 -0.02440685 0.01738369 0.01226967 -0.02434641 0.01307284 0.01724296 -0.02428138 0.005223631 0.01762527 -0.02422916 -0.004060566 0.01331418 -0.02420377 -0.01229226 0.005464911 -0.024212 -0.01726573 -0.003819406 -0.02425163 -0.01764827 -0.01189309 -0.0594598 -0.01352852 -0.01686638 -0.05952483 -0.005679368 -0.01724869 -0.05957704 0.003604829 -0.0129376 -0.05960243 0.01183658 -0.005088269 -0.05959421 0.01680999 0.004195988 -0.05955457 0.01719254 0.01242762 -0.05949413 0.01288169 0.01740092 -0.0594291 0.005032539 0.01778322 -0.05937689 -0.004251718 0.01347213 -0.0593515 -0.01248341 0.005622863 -0.05935972 -0.01745688 -0.003661453 -0.05939936 -0.01783943 -0.01183503 -0.0723738 -0.01359879 -0.01680833 -0.07243883 -0.005749583 -0.01719063 -0.07249104 0.003534615 -0.01287955 -0.07251644 0.01176631 -0.005030274 -0.07250821 0.01673978 0.004254043 -0.07246857 0.01712232 0.01248568 -0.07240813 0.01281148 0.01745897 -0.07234311 0.004962265 0.01784127 -0.07229089 -0.004321932 0.01353019 -0.0722655 -0.01255363 0.005680859 -0.07227373 -0.0175271 -0.003603398 -0.07231336 -0.01790964 0.1257352 -0.06936496 -0.006631195 0.1268824 -0.06874352 -0.003520727 0.1273995 -0.06840461 0.001801967 0.127148 -0.06843894 0.007910847 0.1261951 -0.0688374 0.01316899 0.1247963 -0.06949311 0.0161674 0.1241861 -0.06165295 -0.006511032 0.1253334 -0.06103152 -0.003400564 0.1258505 -0.0606926 0.00192219 0.1255989 -0.06072694 0.00803107 0.1246461 -0.06112539 0.01328915 0.1232473 -0.06178116 0.01628756 0.1369404 -0.0198214 -0.006400227 0.1345047 -0.01898777 -0.006495833 0.1376608 -0.01831007 -0.003302335 0.1379315 -0.0174573 0.002013087 0.1376799 -0.01749163 0.008121967 0.1369736 -0.01840388 0.01338738 0.1360016 -0.01994961 0.01639837 0.1335659 -0.01911598 0.01630276 0.1352251 -0.01747643 -0.003397941 0.1354959 -0.01662367 0.001917481 0.1352443 -0.016658 0.008026361 0.1345379 -0.01757025 0.01329177 3.25309e-4 -0.07239097 -3.93676e-4</float_array>
          <technique_common>
            <accessor source="#Handle_Back_020-mesh-positions-array" count="146" stride="3">
              <param name="X" type="float"/>
              <param name="Y" type="float"/>
              <param name="Z" type="float"/>
            </accessor>
          </technique_common>
        </source>
        <source id="Handle_Back_020-mesh-normals">
          <float_array id="Handle_Back_020-mesh-normals-array" count="438">-0.004493653 0.9999752 0.005438029 -0.5358362 0.6178019 -0.5755001 -0.7538419 0.6149512 -0.2314248 -0.7705995 0.6126626 0.1755594 -0.5816184 0.6115495 0.5364022 -0.2375364 0.6119102 0.7544153 0.1694505 0.6136481 0.7711825 0.5302903 0.6162973 0.5822113 0.7482958 0.6191483 0.2381361 0.7650539 0.6214362 -0.1688477 0.5760729 0.6225496 -0.5296905 0.2319911 0.6221889 -0.7477039 -0.1749963 0.620451 -0.7644716 -0.6892217 -0.6902905 -0.2201648 -0.7046692 -0.692403 0.1549823 -0.5304775 -0.6934257 0.4876009 -0.2133129 -0.6930935 0.6885631 0.1618375 -0.6914916 0.7040228 0.4944548 -0.6890464 0.5298392 0.6954089 -0.6864213 0.2126787 0.7108559 -0.6843157 -0.1624685 0.5366644 -0.6832863 -0.495087 0.2195001 -0.6836187 -0.6960497 -0.1556514 -0.6852172 -0.7115125 -0.4882664 -0.6876626 -0.5373233 -0.4285731 -0.7695947 -0.4733384 -0.6052575 -0.7719089 -0.1944735 -0.6188499 -0.7737557 0.1353774 -0.4656794 -0.7746641 0.4278297 -0.1868124 -0.7743698 0.6045267 0.1430408 -0.7729614 0.6181182 0.4354915 -0.7708169 0.4649609 0.612187 -0.7685012 0.1860996 0.6257663 -0.7666496 -0.1437532 0.4726051 -0.7657466 -0.4362071 0.1937355 -0.7660364 -0.6129069 -0.1361199 -0.7674494 -0.6264924 -0.9544485 -0.002669155 -0.298364 -0.5099913 -0.6524621 -0.5605374 -0.6774049 9.56125e-4 -0.7356098 -0.7197539 -0.6552125 -0.229458 -0.9757478 -0.005573868 0.2188274 -0.7355961 -0.006988823 0.6773844 -0.7358829 -0.6574072 0.1621487 -0.5540381 -0.6584822 0.5093556 -0.2983413 -0.006530523 0.954437 -0.2229545 -0.6581384 0.7191281 0.2188533 -0.004322171 0.9757482 0.1686549 -0.6564594 0.7352665 0.6774088 -9.56768e-4 0.7356062 0.7256242 -0.6511703 0.2223667 0.9544506 0.002667725 0.2983575 0.9757462 0.005574584 -0.2188344 0.741753 -0.6489685 -0.1692411 0.5599171 -0.6478972 -0.5164515 0.7355909 0.006990253 -0.6773899 0.2288375 -0.6482444 -0.7262318 0.2983362 0.006531596 -0.9544386 -0.2188545 0.004322946 -0.975748 -0.162779 -0.6499098 -0.7423747 0.6329113 -0.7498581 0.1927074 0.6469533 -0.7479459 -0.1484196 0.4885588 -0.7470094 -0.4508739 0.2001579 -0.7473092 -0.6336133 -0.1409747 -0.7487663 -0.647669 -0.4434196 -0.7509946 -0.4892712 0.5158495 -0.6539241 0.5534282 -0.626159 -0.7533739 -0.2008802 -0.6402001 -0.7552973 0.1402497 -0.4817996 -0.7562302 0.4427021 -0.1933969 -0.7559279 0.6254364 0.1477328 -0.7544682 0.6394943 0.4501734 -0.7522588 0.4810931 0.9525513 0.06121522 0.2981593 0.9738079 0.06411856 -0.2181445 0.7340633 0.06553035 -0.6759119 0.2975566 0.06507259 -0.952484 -0.2187433 0.06286799 -0.9737552 -0.6765089 0.05950707 -0.7340263 -0.9530749 0.05589061 -0.2975305 -0.9743377 0.05298751 0.218766 -0.7346003 0.0515756 0.6765371 -0.2980979 0.05203312 0.9531161 0.2182092 0.05423778 0.9743937 0.6759828 0.05759865 0.734663 -0.9544497 -0.002666532 -0.2983601 -0.6774061 9.56252e-4 -0.7356086 -0.9544496 -0.002666652 -0.2983604 -0.9757472 -0.005574882 0.2188296 -0.9757468 -0.005574762 0.2188313 -0.7355938 -0.0069893 0.6773868 -0.7355948 -0.006989359 0.6773858 -0.2983386 -0.006531059 0.9544378 -0.2983388 -0.006531 0.9544378 0.2188611 -0.004322707 0.9757465 0.1008464 0.07227748 0.9922732 0.677412 -9.56153e-4 0.7356032 0.4367092 0.7532469 0.4918376 0.9544495 0.002666592 0.298361 0.6131197 0.7645813 0.1987455 0.6270323 0.7664771 -0.1390804 0.9757483 0.005574822 -0.218825 0.4753537 0.7584528 -0.4458568 0.735594 0.006989359 -0.6773865 0.2983395 0.006531059 -0.9544375 0.1826435 0.08298206 -0.9796711 -0.2188556 0.004322767 -0.9757477 -0.2188554 0.004322767 -0.9757478 -0.6774125 9.56179e-4 -0.7356029 -0.7197524 -0.6552122 -0.2294635 -0.7358728 -0.6574198 0.1621435 -0.5540348 -0.6584906 0.5093484 -0.2229574 -0.658149 0.7191175 -0.006659984 -0.7057489 0.7084308 -0.1627769 -0.6499203 -0.7423661 0.05273288 -0.6974856 -0.7146559 -0.2039417 0.4512848 -0.8687635 0.4300538 -0.6933593 -0.5781926 0.01893401 -0.9995669 -0.02253139 0.6702392 -0.7386845 -0.07158648 0.0216701 -0.9997206 -0.009446561 0.6654317 -0.7464544 0.00256139 0.02128231 -0.9997735 -2.65826e-5 0.6641297 -0.7463003 0.0443592 0.6639046 -0.7381229 0.1200216 0.01747953 -0.9997655 0.01278877 0.3891373 -0.7036988 0.5944579 -0.2068582 0.4309756 0.8783335 -0.6487253 0.7583277 0.06398844 -0.6434587 0.7654705 -0.003979802 -0.6439545 0.7569173 -0.1113506 -0.6425779 0.7651132 -0.04117488 0.6624335 0.2422161 -0.7088817 0.8379032 0.4817417 -0.2565994 0.859215 0.5099207 -0.04160195 0.8525514 0.5092355 0.1176248 0.8133506 0.4792764 0.3297803 0.6063383 0.2433318 0.7570624 -0.5570853 0.5667764 0.6069766 -0.5042815 0.5655116 -0.6526079 -0.4445091 0.8675741 -0.2229951 -0.4619956 0.8859739 0.0401318 -0.4572607 0.8867515 -0.06770855 -0.4629358 0.864532 0.1956396 -0.5099768 -0.6524798 -0.56053 0.004493594 -0.9999752 -0.005437731</float_array>
          <technique_common>
            <accessor source="#Handle_Back_020-mesh-normals-array" count="146" stride="3">
              <param name="X" type="float"/>
              <param name="Y" type="float"/>
              <param name="Z" type="float"/>
            </accessor>
          </technique_common>
        </source>
        <vertices id="Handle_Back_020-mesh-vertices">
          <input semantic="POSITION" source="#Handle_Back_020-mesh-positions"/>
        </vertices>
        <triangles material="steel-material" count="264">
          <input semantic="VERTEX" source="#Handle_Back_020-mesh-vertices" offset="0"/>
          <input semantic="NORMAL" source="#Handle_Back_020-mesh-normals" offset="1"/>
          <p>24 0 0 1 1 2 24 0 1 2 2 3 24 0 2 3 3 4 24 0 3 4 4 5 24 0 4 5 5 6 24 0 5 6 6 7 24 0 6 7 7 8 24 0 7 8 8 9 24 0 8 9 9 10 24 0 9 10 10 11 24 0 10 11 11 12 11 12 0 1 24 0 0 1 13 13 1 2 1 2 14 14 2 3 2 3 15 15 3 4 3 4 16 16 4 5 4 5 17 17 5 6 5 6 18 18 6 7 6 7 19 19 7 8 7 8 20 20 8 9 8 9 21 21 9 10 9 10 22 22 10 11 10 11 23 23 11 12 12 24 11 12 23 23 13 13 25 25 26 26 14 14 26 26 27 27 14 14 28 28 15 15 15 15 29 29 16 16 16 16 30 30 17 17 17 17 31 31 18 18 19 19 31 31 32 32 20 20 32 32 33 33 20 20 34 34 21 21 21 21 35 35 22 22 22 22 36 36 23 23 12 24 36 36 25 25 25 25 50 37 26 26 37 38 50 37 49 39 50 37 27 27 26 26 38 40 51 41 50 37 27 27 52 42 28 28 39 43 52 42 51 41 52 42 29 29 28 28 40 44 53 45 52 42 53 45 30 30 29 29 41 46 54 47 53 45 54 47 31 31 30 30 42 48 55 49 54 47 55 49 32 32 31 31 55 49 44 50 56 51 32 32 57 52 33 33 56 51 45 53 57 52 57 52 34 34 33 33 57 52 46 54 58 55 58 55 35 35 34 34 58 55 47 56 59 57 35 35 60 58 36 36 59 57 48 59 60 58 36 36 49 39 25 25 48 59 49 39 60 58 37 38 62 60 38 40 39 43 62 60 63 61 39 43 64 62 40 44 40 44 65 63 41 46 42 48 65 63 66 64 42 48 67 65 43 66 43 66 68 67 44 50 44 50 69 68 45 53 45 53 70 69 46 54 46 54 71 70 47 56 47 56 72 71 48 59 37 38 72 71 61 72 61 72 73 73 62 60 62 60 75 74 63 61 63 61 76 75 64 62 64 62 77 76 65 63 65 63 78 77 66 64 67 65 78 77 79 78 67 65 80 79 68 67 69 68 80 79 81 80 70 69 81 80 82 81 71 70 82 81 83 82 72 71 83 82 84 83 61 72 84 83 74 84 86 85 97 86 98 87 86 85 99 88 87 89 88 90 99 88 100 91 88 90 101 92 89 93 90 94 101 92 102 95 91 96 102 95 103 97 92 98 103 97 104 99 92 98 105 100 93 101 93 101 106 102 94 103 95 104 106 102 107 105 95 104 108 106 96 107 85 108 108 106 97 86 97 86 110 109 98 87 99 88 110 109 111 110 100 91 111 110 112 111 101 92 112 111 113 112 101 92 114 113 102 95 107 105 120 114 108 106 120 114 97 86 108 106 119 115 127 116 121 117 118 118 121 117 122 119 117 120 122 119 123 121 116 122 123 121 124 123 116 122 125 124 115 125 115 125 126 126 114 113 114 113 132 127 102 95 106 102 127 116 107 105 105 100 128 128 106 102 104 99 129 129 105 100 104 99 131 130 130 131 103 97 132 127 131 130 127 116 133 132 121 117 122 119 133 132 135 133 123 121 135 133 136 134 123 121 137 135 124 123 124 123 138 136 125 124 125 124 139 137 126 126 132 127 139 137 140 138 128 128 134 139 127 116 129 129 141 140 128 128 129 129 143 141 142 142 130 131 144 143 143 141 131 130 140 138 144 143 144 143 139 137 138 136 143 141 138 136 137 135 142 142 137 135 136 134 135 133 142 142 136 134 133 132 141 140 135 133 110 109 109 144 145 145 111 110 110 109 145 145 112 111 111 110 145 145 113 112 112 111 145 145 114 113 113 112 145 145 115 125 114 113 145 145 116 122 115 125 145 145 117 120 116 122 145 145 118 118 117 120 145 145 119 115 118 118 145 145 120 114 119 115 145 145 109 144 120 114 145 145 0 1 12 24 13 13 1 2 13 13 14 14 2 3 14 14 15 15 3 4 15 15 16 16 4 5 16 16 17 17 5 6 17 17 18 18 6 7 18 18 19 19 7 8 19 19 20 20 8 9 20 20 21 21 9 10 21 21 22 22 10 11 22 22 23 23 12 24 0 1 11 12 13 13 12 24 25 25 14 14 13 13 26 26 14 14 27 27 28 28 15 15 28 28 29 29 16 16 29 29 30 30 17 17 30 30 31 31 19 19 18 18 31 31 20 20 19 19 32 32 20 20 33 33 34 34 21 21 34 34 35 35 22 22 35 35 36 36 12 24 23 23 36 36 25 25 49 39 50 37 37 38 38 40 50 37 50 37 51 41 27 27 38 40 39 43 51 41 27 27 51 41 52 42 39 43 40 44 52 42 52 42 53 45 29 29 40 44 41 46 53 45 53 45 54 47 30 30 41 46 42 48 54 47 54 47 55 49 31 31 42 48 43 66 55 49 55 49 56 51 32 32 55 49 43 66 44 50 32 32 56 51 57 52 56 51 44 50 45 53 57 52 58 55 34 34 57 52 45 53 46 54 58 55 59 57 35 35 58 55 46 54 47 56 35 35 59 57 60 58 59 57 47 56 48 59 36 36 60 58 49 39 48 59 37 38 49 39 37 38 61 72 62 60 39 43 38 40 62 60 39 43 63 61 64 62 40 44 64 62 65 63 42 48 41 46 65 63 42 48 66 64 67 65 43 66 67 65 68 67 44 50 68 67 69 68 45 53 69 68 70 69 46 54 70 69 71 70 47 56 71 70 72 71 37 38 48 59 72 71 61 72 74 84 73 73 62 60 73 73 75 74 63 61 75 74 76 75 64 62 76 75 77 76 65 63 77 76 78 77 67 65 66 64 78 77 67 65 79 78 80 79 69 68 68 67 80 79 70 69 69 68 81 80 71 70 70 69 82 81 72 71 71 70 83 82 61 72 72 71 84 83 86 85 85 108 97 86 86 85 98 87 99 88 88 90 87 89 99 88 88 90 100 91 101 92 90 94 89 93 101 92 91 96 90 94 102 95 92 98 91 96 103 97 92 98 104 99 105 100 93 101 105 100 106 102 95 104 94 103 106 102 95 104 107 105 108 106 85 108 96 107 108 106 97 86 109 144 110 109 99 88 98 87 110 109 100 91 99 88 111 110 101 92 100 91 112 111 101 92 113 112 114 113 107 105 119 115 120 114 120 114 109 144 97 86 119 115 107 105 127 116 118 118 119 115 121 117 117 120 118 118 122 119 116 122 117 120 123 121 116 122 124 123 125 124 115 125 125 124 126 126 114 113 126 126 132 127 106 102 128 128 127 116 105 100 129 129 128 128 104 99 130 131 129 129 104 99 103 97 131 130 103 97 102 95 132 127 127 116 134 139 133 132 122 119 121 117 133 132 123 121 122 119 135 133 123 121 136 134 137 135 124 123 137 135 138 136 125 124 138 136 139 137 132 127 126 126 139 137 128 128 141 140 134 139 129 129 142 142 141 140 129 129 130 131 143 141 130 131 131 130 144 143 131 130 132 127 140 138 144 143 140 138 139 137 143 141 144 143 138 136 142 142 143 141 137 135 135 133 141 140 142 142 133 132 134 139 141 140</p>
        </triangles>
      </mesh>
    </geometry>
    <geometry id="Handle_Front_020-mesh" name="Handle_Front.020">
      <mesh>
        <source id="Handle_Front_020-mesh-positions">
          <float_array id="Handle_Front_020-mesh-positions-array" count="438">-0.03019267 -0.002780556 -0.03281581 -0.04254585 -0.002942085 -0.01331907 -0.04349547 -0.003071784 0.009742319 -0.03278702 -0.003134846 0.03018921 -0.01328992 -0.003114402 0.04254281 0.009771585 -0.003015935 0.04349297 0.0302183 -0.00286585 0.03278511 0.04257148 -0.002704322 0.01328843 0.0435211 -0.002574622 -0.009772956 0.03281271 -0.00251156 -0.03021985 0.01331561 -0.002532005 -0.04257351 -0.009745895 -0.002630472 -0.04352366 -0.02902269 -0.01958918 -0.03171879 -0.0409283 -0.01974487 -0.01292848 -0.04184353 -0.01986986 0.009297311 -0.03152316 -0.01993066 0.02900338 -0.0127325 -0.01991099 0.0409094 0.00949347 -0.01981604 0.04182523 0.02919942 -0.01967138 0.03150534 0.04110503 -0.01951569 0.01271504 0.04202026 -0.0193907 -0.009510755 0.03169989 -0.0193299 -0.02921688 0.01290923 -0.01934963 -0.04112291 -0.009316742 -0.01944452 -0.04203867 1.28343e-5 -0.002823233 -1.53401e-5 -0.0144611 -0.01961213 -0.01590621 -0.02041143 -0.01968991 -0.006514966 -0.02086883 -0.01975238 0.004593312 -0.01571083 -0.01978278 0.01444226 -0.006319344 -0.01977294 0.02039283 0.004788994 -0.0197255 0.02085053 0.01463782 -0.0196532 0.01569271 0.02058821 -0.01957541 0.006301462 0.02104562 -0.01951295 -0.004806816 0.01588755 -0.01948255 -0.01465576 0.006496131 -0.01949238 -0.02060627 -0.004612207 -0.01953983 -0.02106404 -0.01440769 -0.03150087 -0.01597088 -0.02035802 -0.03157871 -0.006579577 -0.02081543 -0.03164118 0.004528701 -0.01565736 -0.03167152 0.01437765 -0.006265938 -0.03166168 0.02032816 0.0048424 -0.03161424 0.02078586 0.01469129 -0.03154194 0.01562809 0.02064162 -0.03146415 0.006236851 0.02109903 -0.03140169 -0.004871428 0.01594102 -0.03137129 -0.01472038 0.006549537 -0.03138113 -0.02067095 -0.004558801 -0.03142857 -0.02112865 -0.01445657 -0.02062267 -0.01591169 -0.0204069 -0.02070051 -0.00652045 -0.0208643 -0.02076297 0.004587829 -0.01570624 -0.02079331 0.01443678 -0.006314814 -0.02078348 0.02038735 0.004793524 -0.02073603 0.02084499 0.01464235 -0.02066373 0.01568722 0.02059274 -0.02058595 0.006295979 0.02105015 -0.02052348 -0.0048123 0.01589208 -0.02049309 -0.01466125 0.006500661 -0.02050292 -0.02061182 -0.004607677 -0.02055037 -0.02106952 -0.01216179 -0.03150403 -0.01353198 -0.01719361 -0.03156983 -0.005590379 -0.01758038 -0.03162264 0.003803133 -0.01321858 -0.03164833 0.01213181 -0.005276799 -0.03164005 0.01716381 0.004116773 -0.03159993 0.01755082 0.01244539 -0.03153878 0.01318919 0.01747721 -0.03147298 0.005247652 0.01786404 -0.03142017 -0.00414592 0.01350218 -0.03139448 -0.01247459 0.005560457 -0.03140282 -0.01750659 -0.003833174 -0.03144288 -0.01789361 -0.01852178 -0.009611725 -0.005855321 -0.0131331 -0.009541213 -0.01436018 -0.01893603 -0.00966829 0.004204452 -0.01426482 -0.009695768 0.01312381 -0.005759835 -0.009686887 0.01851272 0.004300057 -0.009643912 0.01892721 0.01321929 -0.009578406 0.01425623 0.01860803 -0.009507954 0.00575143 0.01902228 -0.009451389 -0.004308402 0.01435106 -0.009423911 -0.01322776 0.005846083 -0.009432792 -0.01861667 -0.004213809 -0.009475767 -0.01903116 -0.01205104 -0.02431207 -0.01333743 -0.01702433 -0.0243771 -0.005488216 -0.01740664 -0.02442932 0.003795981 -0.01309555 -0.02445471 0.01202768 -0.005246222 -0.02444648 0.01700115 0.004038035 -0.02440685 0.01738369 0.01226967 -0.02434641 0.01307284 0.01724296 -0.02428138 0.005223631 0.01762527 -0.02422916 -0.004060566 0.01331418 -0.02420377 -0.01229226 0.005464911 -0.024212 -0.01726573 -0.003819406 -0.02425163 -0.01764827 -0.01189309 -0.0594598 -0.01352852 -0.01686638 -0.05952483 -0.005679368 -0.01724869 -0.05957704 0.003604829 -0.0129376 -0.05960243 0.01183658 -0.005088269 -0.05959421 0.01680999 0.004195988 -0.05955457 0.01719254 0.01242762 -0.05949413 0.01288169 0.01740092 -0.0594291 0.005032539 0.01778322 -0.05937689 -0.004251718 0.01347213 -0.0593515 -0.01248341 0.005622863 -0.05935972 -0.01745688 -0.003661453 -0.05939936 -0.01783943 -0.01183503 -0.0723738 -0.01359879 -0.01680833 -0.07243883 -0.005749583 -0.01719063 -0.07249104 0.003534615 -0.01287955 -0.07251644 0.01176631 -0.005030274 -0.07250821 0.01673978 0.004254043 -0.07246857 0.01712232 0.01248568 -0.07240813 0.01281148 0.01745897 -0.07234311 0.004962265 0.01784127 -0.07229089 -0.004321932 0.01353019 -0.0722655 -0.01255363 0.005680859 -0.07227373 -0.0175271 -0.003603398 -0.07231336 -0.01790964 0.1257352 -0.06936496 -0.006631195 0.1268824 -0.06874352 -0.003520727 0.1273995 -0.06840461 0.001801967 0.127148 -0.06843894 0.007910847 0.1261951 -0.0688374 0.01316899 0.1247963 -0.06949311 0.0161674 0.1241861 -0.06165295 -0.006511032 0.1253334 -0.06103152 -0.003400564 0.1258505 -0.0606926 0.00192219 0.1255989 -0.06072694 0.00803107 0.1246461 -0.06112539 0.01328915 0.1232473 -0.06178116 0.01628756 0.1369404 -0.0198214 -0.006400227 0.1345047 -0.01898777 -0.006495833 0.1376608 -0.01831007 -0.003302335 0.1379315 -0.0174573 0.002013087 0.1376799 -0.01749163 0.008121967 0.1369736 -0.01840388 0.01338738 0.1360016 -0.01994961 0.01639837 0.1335659 -0.01911598 0.01630276 0.1352251 -0.01747643 -0.003397941 0.1354959 -0.01662367 0.001917481 0.1352443 -0.016658 0.008026361 0.1345379 -0.01757025 0.01329177 3.25309e-4 -0.07239097 -3.93676e-4</float_array>
          <technique_common>
            <accessor source="#Handle_Front_020-mesh-positions-array" count="146" stride="3">
              <param name="X" type="float"/>
              <param name="Y" type="float"/>
              <param name="Z" type="float"/>
            </accessor>
          </technique_common>
        </source>
        <source id="Handle_Front_020-mesh-normals">
          <float_array id="Handle_Front_020-mesh-normals-array" count="438">-0.004493653 0.9999752 0.005438029 -0.5358362 0.6178019 -0.5755001 -0.7538419 0.6149512 -0.2314248 -0.7705995 0.6126626 0.1755594 -0.5816184 0.6115495 0.5364022 -0.2375364 0.6119102 0.7544153 0.1694505 0.6136481 0.7711825 0.5302903 0.6162973 0.5822113 0.7482958 0.6191483 0.2381361 0.7650539 0.6214362 -0.1688477 0.5760729 0.6225496 -0.5296905 0.2319911 0.6221889 -0.7477039 -0.1749963 0.620451 -0.7644716 -0.6892217 -0.6902905 -0.2201648 -0.7046692 -0.692403 0.1549823 -0.5304775 -0.6934257 0.4876009 -0.2133129 -0.6930935 0.6885631 0.1618375 -0.6914916 0.7040228 0.4944548 -0.6890464 0.5298392 0.6954089 -0.6864213 0.2126787 0.7108559 -0.6843157 -0.1624685 0.5366644 -0.6832863 -0.495087 0.2195001 -0.6836187 -0.6960497 -0.1556514 -0.6852172 -0.7115125 -0.4882664 -0.6876626 -0.5373233 -0.4285731 -0.7695947 -0.4733384 -0.6052575 -0.7719089 -0.1944735 -0.6188499 -0.7737557 0.1353774 -0.4656794 -0.7746641 0.4278297 -0.1868124 -0.7743698 0.6045267 0.1430408 -0.7729614 0.6181182 0.4354915 -0.7708169 0.4649609 0.612187 -0.7685012 0.1860996 0.6257663 -0.7666496 -0.1437532 0.4726051 -0.7657466 -0.4362071 0.1937355 -0.7660364 -0.6129069 -0.1361199 -0.7674494 -0.6264924 -0.9544485 -0.002669155 -0.298364 -0.5099913 -0.6524621 -0.5605374 -0.6774049 9.56125e-4 -0.7356098 -0.7197539 -0.6552125 -0.229458 -0.9757478 -0.005573868 0.2188274 -0.7355961 -0.006988823 0.6773844 -0.7358829 -0.6574072 0.1621487 -0.5540381 -0.6584822 0.5093556 -0.2983413 -0.006530523 0.954437 -0.2229545 -0.6581384 0.7191281 0.2188533 -0.004322171 0.9757482 0.1686549 -0.6564594 0.7352665 0.6774088 -9.56768e-4 0.7356062 0.7256242 -0.6511703 0.2223667 0.9544506 0.002667725 0.2983575 0.9757462 0.005574584 -0.2188344 0.741753 -0.6489685 -0.1692411 0.5599171 -0.6478972 -0.5164515 0.7355909 0.006990253 -0.6773899 0.2288375 -0.6482444 -0.7262318 0.2983362 0.006531596 -0.9544386 -0.2188545 0.004322946 -0.975748 -0.162779 -0.6499098 -0.7423747 0.6329113 -0.7498581 0.1927074 0.6469533 -0.7479459 -0.1484196 0.4885588 -0.7470094 -0.4508739 0.2001579 -0.7473092 -0.6336133 -0.1409747 -0.7487663 -0.647669 -0.4434196 -0.7509946 -0.4892712 0.5158495 -0.6539241 0.5534282 -0.626159 -0.7533739 -0.2008802 -0.6402001 -0.7552973 0.1402497 -0.4817996 -0.7562302 0.4427021 -0.1933969 -0.7559279 0.6254364 0.1477328 -0.7544682 0.6394943 0.4501734 -0.7522588 0.4810931 0.9525513 0.06121522 0.2981593 0.9738079 0.06411856 -0.2181445 0.7340633 0.06553035 -0.6759119 0.2975566 0.06507259 -0.952484 -0.2187433 0.06286799 -0.9737552 -0.6765089 0.05950707 -0.7340263 -0.9530749 0.05589061 -0.2975305 -0.9743377 0.05298751 0.218766 -0.7346003 0.0515756 0.6765371 -0.2980979 0.05203312 0.9531161 0.2182092 0.05423778 0.9743937 0.6759828 0.05759865 0.734663 -0.9544497 -0.002666532 -0.2983601 -0.6774061 9.56252e-4 -0.7356086 -0.9544496 -0.002666652 -0.2983604 -0.9757472 -0.005574882 0.2188296 -0.9757468 -0.005574762 0.2188313 -0.7355938 -0.0069893 0.6773868 -0.7355948 -0.006989359 0.6773858 -0.2983386 -0.006531059 0.9544378 -0.2983388 -0.006531 0.9544378 0.2188611 -0.004322707 0.9757465 0.1008464 0.07227748 0.9922732 0.677412 -9.56153e-4 0.7356032 0.4367092 0.7532469 0.4918376 0.9544495 0.002666592 0.298361 0.6131197 0.7645813 0.1987455 0.6270323 0.7664771 -0.1390804 0.9757483 0.005574822 -0.218825 0.4753537 0.7584528 -0.4458568 0.735594 0.006989359 -0.6773865 0.2983395 0.006531059 -0.9544375 0.1826435 0.08298206 -0.9796711 -0.2188556 0.004322767 -0.9757477 -0.2188554 0.004322767 -0.9757478 -0.6774125 9.56179e-4 -0.7356029 -0.7197524 -0.6552122 -0.2294635 -0.7358728 -0.6574198 0.1621435 -0.5540348 -0.6584906 0.5093484 -0.2229574 -0.658149 0.7191175 -0.006659984 -0.7057489 0.7084308 -0.1627769 -0.6499203 -0.7423661 0.05273288 -0.6974856 -0.7146559 -0.2039417 0.4512848 -0.8687635 0.4300538 -0.6933593 -0.5781926 0.01893401 -0.9995669 -0.02253139 0.6702392 -0.7386845 -0.07158648 0.0216701 -0.9997206 -0.009446561 0.6654317 -0.7464544 0.00256139 0.02128231 -0.9997735 -2.65826e-5 0.6641297 -0.7463003 0.0443592 0.6639046 -0.7381229 0.1200216 0.01747953 -0.9997655 0.01278877 0.3891373 -0.7036988 0.5944579 -0.2068582 0.4309756 0.8783335 -0.6487253 0.7583277 0.06398844 -0.6434587 0.7654705 -0.003979802 -0.6439545 0.7569173 -0.1113506 -0.6425779 0.7651132 -0.04117488 0.6624335 0.2422161 -0.7088817 0.8379032 0.4817417 -0.2565994 0.859215 0.5099207 -0.04160195 0.8525514 0.5092355 0.1176248 0.8133506 0.4792764 0.3297803 0.6063383 0.2433318 0.7570624 -0.5570853 0.5667764 0.6069766 -0.5042815 0.5655116 -0.6526079 -0.4445091 0.8675741 -0.2229951 -0.4619956 0.8859739 0.0401318 -0.4572607 0.8867515 -0.06770855 -0.4629358 0.864532 0.1956396 -0.5099768 -0.6524798 -0.56053 0.004493594 -0.9999752 -0.005437731</float_array>
          <technique_common>
            <accessor source="#Handle_Front_020-mesh-normals-array" count="146" stride="3">
              <param name="X" type="float"/>
              <param name="Y" type="float"/>
              <param name="Z" type="float"/>
            </accessor>
          </technique_common>
        </source>
        <vertices id="Handle_Front_020-mesh-vertices">
          <input semantic="POSITION" source="#Handle_Front_020-mesh-positions"/>
        </vertices>
        <triangles material="steel-material" count="264">
          <input semantic="VERTEX" source="#Handle_Front_020-mesh-vertices" offset="0"/>
          <input semantic="NORMAL" source="#Handle_Front_020-mesh-normals" offset="1"/>
          <p>24 0 0 1 1 2 24 0 1 2 2 3 24 0 2 3 3 4 24 0 3 4 4 5 24 0 4 5 5 6 24 0 5 6 6 7 24 0 6 7 7 8 24 0 7 8 8 9 24 0 8 9 9 10 24 0 9 10 10 11 24 0 10 11 11 12 11 12 0 1 24 0 0 1 13 13 1 2 1 2 14 14 2 3 2 3 15 15 3 4 3 4 16 16 4 5 4 5 17 17 5 6 5 6 18 18 6 7 6 7 19 19 7 8 7 8 20 20 8 9 8 9 21 21 9 10 9 10 22 22 10 11 10 11 23 23 11 12 12 24 11 12 23 23 13 13 25 25 26 26 14 14 26 26 27 27 14 14 28 28 15 15 15 15 29 29 16 16 16 16 30 30 17 17 17 17 31 31 18 18 19 19 31 31 32 32 20 20 32 32 33 33 20 20 34 34 21 21 21 21 35 35 22 22 22 22 36 36 23 23 12 24 36 36 25 25 25 25 50 37 26 26 37 38 50 37 49 39 50 37 27 27 26 26 38 40 51 41 50 37 27 27 52 42 28 28 39 43 52 42 51 41 52 42 29 29 28 28 40 44 53 45 52 42 53 45 30 30 29 29 41 46 54 47 53 45 54 47 31 31 30 30 42 48 55 49 54 47 55 49 32 32 31 31 55 49 44 50 56 51 32 32 57 52 33 33 56 51 45 53 57 52 57 52 34 34 33 33 57 52 46 54 58 55 58 55 35 35 34 34 58 55 47 56 59 57 35 35 60 58 36 36 59 57 48 59 60 58 36 36 49 39 25 25 48 59 49 39 60 58 37 38 62 60 38 40 39 43 62 60 63 61 39 43 64 62 40 44 40 44 65 63 41 46 42 48 65 63 66 64 42 48 67 65 43 66 43 66 68 67 44 50 44 50 69 68 45 53 45 53 70 69 46 54 46 54 71 70 47 56 47 56 72 71 48 59 37 38 72 71 61 72 61 72 73 73 62 60 62 60 75 74 63 61 63 61 76 75 64 62 64 62 77 76 65 63 65 63 78 77 66 64 67 65 78 77 79 78 67 65 80 79 68 67 69 68 80 79 81 80 70 69 81 80 82 81 71 70 82 81 83 82 72 71 83 82 84 83 61 72 84 83 74 84 86 85 97 86 98 87 86 85 99 88 87 89 88 90 99 88 100 91 88 90 101 92 89 93 90 94 101 92 102 95 91 96 102 95 103 97 92 98 103 97 104 99 92 98 105 100 93 101 93 101 106 102 94 103 95 104 106 102 107 105 95 104 108 106 96 107 85 108 108 106 97 86 97 86 110 109 98 87 99 88 110 109 111 110 100 91 111 110 112 111 101 92 112 111 113 112 101 92 114 113 102 95 107 105 120 114 108 106 120 114 97 86 108 106 119 115 127 116 121 117 118 118 121 117 122 119 117 120 122 119 123 121 116 122 123 121 124 123 116 122 125 124 115 125 115 125 126 126 114 113 114 113 132 127 102 95 106 102 127 116 107 105 105 100 128 128 106 102 104 99 129 129 105 100 104 99 131 130 130 131 103 97 132 127 131 130 127 116 133 132 121 117 122 119 133 132 135 133 123 121 135 133 136 134 123 121 137 135 124 123 124 123 138 136 125 124 125 124 139 137 126 126 132 127 139 137 140 138 128 128 134 139 127 116 129 129 141 140 128 128 129 129 143 141 142 142 130 131 144 143 143 141 131 130 140 138 144 143 144 143 139 137 138 136 143 141 138 136 137 135 142 142 137 135 136 134 135 133 142 142 136 134 133 132 141 140 135 133 110 109 109 144 145 145 111 110 110 109 145 145 112 111 111 110 145 145 113 112 112 111 145 145 114 113 113 112 145 145 115 125 114 113 145 145 116 122 115 125 145 145 117 120 116 122 145 145 118 118 117 120 145 145 119 115 118 118 145 145 120 114 119 115 145 145 109 144 120 114 145 145 0 1 12 24 13 13 1 2 13 13 14 14 2 3 14 14 15 15 3 4 15 15 16 16 4 5 16 16 17 17 5 6 17 17 18 18 6 7 18 18 19 19 7 8 19 19 20 20 8 9 20 20 21 21 9 10 21 21 22 22 10 11 22 22 23 23 12 24 0 1 11 12 13 13 12 24 25 25 14 14 13 13 26 26 14 14 27 27 28 28 15 15 28 28 29 29 16 16 29 29 30 30 17 17 30 30 31 31 19 19 18 18 31 31 20 20 19 19 32 32 20 20 33 33 34 34 21 21 34 34 35 35 22 22 35 35 36 36 12 24 23 23 36 36 25 25 49 39 50 37 37 38 38 40 50 37 50 37 51 41 27 27 38 40 39 43 51 41 27 27 51 41 52 42 39 43 40 44 52 42 52 42 53 45 29 29 40 44 41 46 53 45 53 45 54 47 30 30 41 46 42 48 54 47 54 47 55 49 31 31 42 48 43 66 55 49 55 49 56 51 32 32 55 49 43 66 44 50 32 32 56 51 57 52 56 51 44 50 45 53 57 52 58 55 34 34 57 52 45 53 46 54 58 55 59 57 35 35 58 55 46 54 47 56 35 35 59 57 60 58 59 57 47 56 48 59 36 36 60 58 49 39 48 59 37 38 49 39 37 38 61 72 62 60 39 43 38 40 62 60 39 43 63 61 64 62 40 44 64 62 65 63 42 48 41 46 65 63 42 48 66 64 67 65 43 66 67 65 68 67 44 50 68 67 69 68 45 53 69 68 70 69 46 54 70 69 71 70 47 56 71 70 72 71 37 38 48 59 72 71 61 72 74 84 73 73 62 60 73 73 75 74 63 61 75 74 76 75 64 62 76 75 77 76 65 63 77 76 78 77 67 65 66 64 78 77 67 65 79 78 80 79 69 68 68 67 80 79 70 69 69 68 81 80 71 70 70 69 82 81 72 71 71 70 83 82 61 72 72 71 84 83 86 85 85 108 97 86 86 85 98 87 99 88 88 90 87 89 99 88 88 90 100 91 101 92 90 94 89 93 101 92 91 96 90 94 102 95 92 98 91 96 103 97 92 98 104 99 105 100 93 101 105 100 106 102 95 104 94 103 106 102 95 104 107 105 108 106 85 108 96 107 108 106 97 86 109 144 110 109 99 88 98 87 110 109 100 91 99 88 111 110 101 92 100 91 112 111 101 92 113 112 114 113 107 105 119 115 120 114 120 114 109 144 97 86 119 115 107 105 127 116 118 118 119 115 121 117 117 120 118 118 122 119 116 122 117 120 123 121 116 122 124 123 125 124 115 125 125 124 126 126 114 113 126 126 132 127 106 102 128 128 127 116 105 100 129 129 128 128 104 99 130 131 129 129 104 99 103 97 131 130 103 97 102 95 132 127 127 116 134 139 133 132 122 119 121 117 133 132 123 121 122 119 135 133 123 121 136 134 137 135 124 123 137 135 138 136 125 124 138 136 139 137 132 127 126 126 139 137 128 128 141 140 134 139 129 129 142 142 141 140 129 129 130 131 143 141 130 131 131 130 144 143 131 130 132 127 140 138 144 143 140 138 139 137 143 141 144 143 138 136 142 142 143 141 137 135 135 133 141 140 142 142 133 132 134 139 141 140</p>
        </triangles>
      </mesh>
    </geometry>
    <geometry id="Door_020-mesh" name="Door.020">
      <mesh>
        <source id="Door_020-mesh-positions">
          <float_array id="Door_020-mesh-positions-array" count="24">0 0 -1.061 0 0.04899996 -1.061 0.776 0.04899996 -1.061 0.776 0 -1.061 0 0 0.9789999 0 0.04899996 0.9789999 0.776 0.04899996 0.9789999 0.776 0 0.9789999</float_array>
          <technique_common>
            <accessor source="#Door_020-mesh-positions-array" count="8" stride="3">
              <param name="X" type="float"/>
              <param name="Y" type="float"/>
              <param name="Z" type="float"/>
            </accessor>
          </technique_common>
        </source>
        <source id="Door_020-mesh-normals">
          <float_array id="Door_020-mesh-normals-array" count="36">-1 0 0 0 1 0 1 0 0 0 -1 0 0 0 -1 0 0 1 -1 0 0 0 1 0 1 0 0 0 -1 0 0 0 -1 0 0 1</float_array>
          <technique_common>
            <accessor source="#Door_020-mesh-normals-array" count="12" stride="3">
              <param name="X" type="float"/>
              <param name="Y" type="float"/>
              <param name="Z" type="float"/>
            </accessor>
          </technique_common>
        </source>
        <vertices id="Door_020-mesh-vertices">
          <input semantic="POSITION" source="#Door_020-mesh-positions"/>
        </vertices>
        <triangles material="fine_grained_wood-material" count="12">
          <input semantic="VERTEX" source="#Door_020-mesh-vertices" offset="0"/>
          <input semantic="NORMAL" source="#Door_020-mesh-normals" offset="1"/>
          <p>5 0 0 0 4 0 6 1 1 1 5 1 7 2 2 2 6 2 4 3 3 3 7 3 1 4 3 4 0 4 6 5 4 5 7 5 5 6 1 6 0 6 6 7 2 7 1 7 7 8 3 8 2 8 4 9 0 9 3 9 1 10 2 10 3 10 6 11 5 11 4 11</p>
        </triangles>
      </mesh>
    </geometry>
    <geometry id="DoorFrane_019-mesh" name="DoorFrane.019">
      <mesh>
        <source id="DoorFrane_019-mesh-positions">
          <float_array id="DoorFrane_019-mesh-positions-array" count="96">-0.86 -0.03666663 0 -0.86 0.07333332 0 -0.78 0.07333332 0 -0.86 -0.03666663 2.13 -0.86 0.07333332 2.13 0.86 0.07333332 2.13 0.86 -0.03666663 2.13 0.78 -0.03666663 2.05 -0.78 0.07333332 2.05 0.78 -0.03666663 0 0.86 -0.03666663 0 0.86 0.07333332 0 0.78 0.01833331 2.05 -0.78 0.01833331 2.05 -0.78 0.01833331 0 -0.76 0.01833331 2.05 -0.76 0.01833331 0 -0.76 0.07333332 2.05 -0.76 0.07333332 0 0.78 0.01833331 0 -0.78 -0.03666663 2.05 -0.78 -0.03666663 0 0.78 0.07333332 2.05 0.78 0.07333332 0 0.76 0.07333332 0 0.76 0.01833331 0 0.76 0.07333332 2.05 0.76 0.01833331 2.03 0.76 0.01833331 2.05 -0.76 0.07333332 2.03 -0.76 0.01833331 2.03 0.76 0.07333332 2.03</float_array>
          <technique_common>
            <accessor source="#DoorFrane_019-mesh-positions-array" count="32" stride="3">
              <param name="X" type="float"/>
              <param name="Y" type="float"/>
              <param name="Z" type="float"/>
            </accessor>
          </technique_common>
        </source>
        <source id="DoorFrane_019-mesh-normals">
          <float_array id="DoorFrane_019-mesh-normals-array" count="141">-1 0 0 -1 0 0 0 0 1 1 0 0 1 0 0 1 0 0 0 1 0 0 0 -1 0 -1 0 0 -1 0 0 -1 0 0 1 0 0 0 -1 0 -1 0 0 1 0 0 0 -1 0 1 0 0 -1 0 -1 0 0 0 0 -1 0 1 0 0 1 0 0 -1 0 0 0 1 -1 0 0 -1 0 0 0 0 1 1 0 0 1 0 0 1 0 0 0 1 0 0 0 -1 0 -1 0 0 -1 0 0 -1 0 0 1 0 0 0 -1 0 -1 0 0 1 0 0 0 -1 0 1 0 0 -1 0 -1 0 0 0 0 -1 0 1 0 0 1 0 0 -1 0</float_array>
          <technique_common>
            <accessor source="#DoorFrane_019-mesh-normals-array" count="47" stride="3">
              <param name="X" type="float"/>
              <param name="Y" type="float"/>
              <param name="Z" type="float"/>
            </accessor>
          </technique_common>
        </source>
        <vertices id="DoorFrane_019-mesh-vertices">
          <input semantic="POSITION" source="#DoorFrane_019-mesh-positions"/>
        </vertices>
        <triangles material="Plastic-material" count="47">
          <input semantic="VERTEX" source="#DoorFrane_019-mesh-vertices" offset="0"/>
          <input semantic="NORMAL" source="#DoorFrane_019-mesh-normals" offset="1"/>
          <p>4 0 0 0 3 0 12 1 9 1 7 1 3 2 5 2 4 2 11 3 6 3 10 3 20 4 14 4 13 4 15 5 18 5 17 5 11 6 22 6 5 6 13 7 7 7 20 7 20 8 0 8 21 8 10 9 7 9 9 9 14 10 15 10 13 10 8 11 1 11 4 11 31 12 30 12 29 12 6 13 20 13 7 13 4 14 22 14 8 14 2 15 16 15 14 15 18 16 8 16 17 16 25 17 12 17 28 17 26 18 25 18 28 18 24 19 19 19 25 19 23 20 26 20 22 20 17 21 31 21 29 21 30 22 28 22 15 22 8 23 22 23 26 23 4 24 1 24 0 24 12 25 19 25 9 25 3 26 6 26 5 26 11 27 5 27 6 27 20 28 21 28 14 28 15 29 16 29 18 29 11 30 23 30 22 30 13 31 12 31 7 31 20 32 3 32 0 32 10 33 6 33 7 33 14 34 16 34 15 34 8 35 2 35 1 35 31 36 27 36 30 36 6 37 3 37 20 37 4 38 5 38 22 38 2 39 18 39 16 39 18 40 2 40 8 40 25 41 19 41 12 41 26 42 24 42 25 42 24 43 23 43 19 43 23 44 24 44 26 44 17 45 26 45 31 45 30 46 27 46 28 46</p>
        </triangles>
      </mesh>
    </geometry>
    <geometry id="Handle_Back_019-mesh" name="Handle_Back.019">
      <mesh>
        <source id="Handle_Back_019-mesh-positions">
          <float_array id="Handle_Back_019-mesh-positions-array" count="438">-0.03019267 -0.002780556 -0.03281581 -0.04254585 -0.002942085 -0.01331907 -0.04349547 -0.003071784 0.009742319 -0.03278702 -0.003134846 0.03018921 -0.01328992 -0.003114402 0.04254281 0.009771585 -0.003015935 0.04349297 0.0302183 -0.00286585 0.03278511 0.04257148 -0.002704322 0.01328843 0.0435211 -0.002574622 -0.009772956 0.03281271 -0.00251156 -0.03021985 0.01331561 -0.002532005 -0.04257351 -0.009745895 -0.002630472 -0.04352366 -0.02902269 -0.01958918 -0.03171879 -0.0409283 -0.01974487 -0.01292848 -0.04184353 -0.01986986 0.009297311 -0.03152316 -0.01993066 0.02900338 -0.0127325 -0.01991099 0.0409094 0.00949347 -0.01981604 0.04182523 0.02919942 -0.01967138 0.03150534 0.04110503 -0.01951569 0.01271504 0.04202026 -0.0193907 -0.009510755 0.03169989 -0.0193299 -0.02921688 0.01290923 -0.01934963 -0.04112291 -0.009316742 -0.01944452 -0.04203867 1.28343e-5 -0.002823233 -1.53401e-5 -0.0144611 -0.01961213 -0.01590621 -0.02041143 -0.01968991 -0.006514966 -0.02086883 -0.01975238 0.004593312 -0.01571083 -0.01978278 0.01444226 -0.006319344 -0.01977294 0.02039283 0.004788994 -0.0197255 0.02085053 0.01463782 -0.0196532 0.01569271 0.02058821 -0.01957541 0.006301462 0.02104562 -0.01951295 -0.004806816 0.01588755 -0.01948255 -0.01465576 0.006496131 -0.01949238 -0.02060627 -0.004612207 -0.01953983 -0.02106404 -0.01440769 -0.03150087 -0.01597088 -0.02035802 -0.03157871 -0.006579577 -0.02081543 -0.03164118 0.004528701 -0.01565736 -0.03167152 0.01437765 -0.006265938 -0.03166168 0.02032816 0.0048424 -0.03161424 0.02078586 0.01469129 -0.03154194 0.01562809 0.02064162 -0.03146415 0.006236851 0.02109903 -0.03140169 -0.004871428 0.01594102 -0.03137129 -0.01472038 0.006549537 -0.03138113 -0.02067095 -0.004558801 -0.03142857 -0.02112865 -0.01445657 -0.02062267 -0.01591169 -0.0204069 -0.02070051 -0.00652045 -0.0208643 -0.02076297 0.004587829 -0.01570624 -0.02079331 0.01443678 -0.006314814 -0.02078348 0.02038735 0.004793524 -0.02073603 0.02084499 0.01464235 -0.02066373 0.01568722 0.02059274 -0.02058595 0.006295979 0.02105015 -0.02052348 -0.0048123 0.01589208 -0.02049309 -0.01466125 0.006500661 -0.02050292 -0.02061182 -0.004607677 -0.02055037 -0.02106952 -0.01216179 -0.03150403 -0.01353198 -0.01719361 -0.03156983 -0.005590379 -0.01758038 -0.03162264 0.003803133 -0.01321858 -0.03164833 0.01213181 -0.005276799 -0.03164005 0.01716381 0.004116773 -0.03159993 0.01755082 0.01244539 -0.03153878 0.01318919 0.01747721 -0.03147298 0.005247652 0.01786404 -0.03142017 -0.00414592 0.01350218 -0.03139448 -0.01247459 0.005560457 -0.03140282 -0.01750659 -0.003833174 -0.03144288 -0.01789361 -0.01852178 -0.009611725 -0.005855321 -0.0131331 -0.009541213 -0.01436018 -0.01893603 -0.00966829 0.004204452 -0.01426482 -0.009695768 0.01312381 -0.005759835 -0.009686887 0.01851272 0.004300057 -0.009643912 0.01892721 0.01321929 -0.009578406 0.01425623 0.01860803 -0.009507954 0.00575143 0.01902228 -0.009451389 -0.004308402 0.01435106 -0.009423911 -0.01322776 0.005846083 -0.009432792 -0.01861667 -0.004213809 -0.009475767 -0.01903116 -0.01205104 -0.02431207 -0.01333743 -0.01702433 -0.0243771 -0.005488216 -0.01740664 -0.02442932 0.003795981 -0.01309555 -0.02445471 0.01202768 -0.005246222 -0.02444648 0.01700115 0.004038035 -0.02440685 0.01738369 0.01226967 -0.02434641 0.01307284 0.01724296 -0.02428138 0.005223631 0.01762527 -0.02422916 -0.004060566 0.01331418 -0.02420377 -0.01229226 0.005464911 -0.024212 -0.01726573 -0.003819406 -0.02425163 -0.01764827 -0.01189309 -0.0594598 -0.01352852 -0.01686638 -0.05952483 -0.005679368 -0.01724869 -0.05957704 0.003604829 -0.0129376 -0.05960243 0.01183658 -0.005088269 -0.05959421 0.01680999 0.004195988 -0.05955457 0.01719254 0.01242762 -0.05949413 0.01288169 0.01740092 -0.0594291 0.005032539 0.01778322 -0.05937689 -0.004251718 0.01347213 -0.0593515 -0.01248341 0.005622863 -0.05935972 -0.01745688 -0.003661453 -0.05939936 -0.01783943 -0.01183503 -0.0723738 -0.01359879 -0.01680833 -0.07243883 -0.005749583 -0.01719063 -0.07249104 0.003534615 -0.01287955 -0.07251644 0.01176631 -0.005030274 -0.07250821 0.01673978 0.004254043 -0.07246857 0.01712232 0.01248568 -0.07240813 0.01281148 0.01745897 -0.07234311 0.004962265 0.01784127 -0.07229089 -0.004321932 0.01353019 -0.0722655 -0.01255363 0.005680859 -0.07227373 -0.0175271 -0.003603398 -0.07231336 -0.01790964 0.1257352 -0.06936496 -0.006631195 0.1268824 -0.06874352 -0.003520727 0.1273995 -0.06840461 0.001801967 0.127148 -0.06843894 0.007910847 0.1261951 -0.0688374 0.01316899 0.1247963 -0.06949311 0.0161674 0.1241861 -0.06165295 -0.006511032 0.1253334 -0.06103152 -0.003400564 0.1258505 -0.0606926 0.00192219 0.1255989 -0.06072694 0.00803107 0.1246461 -0.06112539 0.01328915 0.1232473 -0.06178116 0.01628756 0.1369404 -0.0198214 -0.006400227 0.1345047 -0.01898777 -0.006495833 0.1376608 -0.01831007 -0.003302335 0.1379315 -0.0174573 0.002013087 0.1376799 -0.01749163 0.008121967 0.1369736 -0.01840388 0.01338738 0.1360016 -0.01994961 0.01639837 0.1335659 -0.01911598 0.01630276 0.1352251 -0.01747643 -0.003397941 0.1354959 -0.01662367 0.001917481 0.1352443 -0.016658 0.008026361 0.1345379 -0.01757025 0.01329177 3.25309e-4 -0.07239097 -3.93676e-4</float_array>
          <technique_common>
            <accessor source="#Handle_Back_019-mesh-positions-array" count="146" stride="3">
              <param name="X" type="float"/>
              <param name="Y" type="float"/>
              <param name="Z" type="float"/>
            </accessor>
          </technique_common>
        </source>
        <source id="Handle_Back_019-mesh-normals">
          <float_array id="Handle_Back_019-mesh-normals-array" count="438">-0.004493653 0.9999752 0.005438029 -0.5358362 0.6178019 -0.5755001 -0.7538419 0.6149512 -0.2314248 -0.7705995 0.6126626 0.1755594 -0.5816184 0.6115495 0.5364022 -0.2375364 0.6119102 0.7544153 0.1694505 0.6136481 0.7711825 0.5302903 0.6162973 0.5822113 0.7482958 0.6191483 0.2381361 0.7650539 0.6214362 -0.1688477 0.5760729 0.6225496 -0.5296905 0.2319911 0.6221889 -0.7477039 -0.1749963 0.620451 -0.7644716 -0.6892217 -0.6902905 -0.2201648 -0.7046692 -0.692403 0.1549823 -0.5304775 -0.6934257 0.4876009 -0.2133129 -0.6930935 0.6885631 0.1618375 -0.6914916 0.7040228 0.4944548 -0.6890464 0.5298392 0.6954089 -0.6864213 0.2126787 0.7108559 -0.6843157 -0.1624685 0.5366644 -0.6832863 -0.495087 0.2195001 -0.6836187 -0.6960497 -0.1556514 -0.6852172 -0.7115125 -0.4882664 -0.6876626 -0.5373233 -0.4285731 -0.7695947 -0.4733384 -0.6052575 -0.7719089 -0.1944735 -0.6188499 -0.7737557 0.1353774 -0.4656794 -0.7746641 0.4278297 -0.1868124 -0.7743698 0.6045267 0.1430408 -0.7729614 0.6181182 0.4354915 -0.7708169 0.4649609 0.612187 -0.7685012 0.1860996 0.6257663 -0.7666496 -0.1437532 0.4726051 -0.7657466 -0.4362071 0.1937355 -0.7660364 -0.6129069 -0.1361199 -0.7674494 -0.6264924 -0.9544485 -0.002669155 -0.298364 -0.5099913 -0.6524621 -0.5605374 -0.6774049 9.56125e-4 -0.7356098 -0.7197539 -0.6552125 -0.229458 -0.9757478 -0.005573868 0.2188274 -0.7355961 -0.006988823 0.6773844 -0.7358829 -0.6574072 0.1621487 -0.5540381 -0.6584822 0.5093556 -0.2983413 -0.006530523 0.954437 -0.2229545 -0.6581384 0.7191281 0.2188533 -0.004322171 0.9757482 0.1686549 -0.6564594 0.7352665 0.6774088 -9.56768e-4 0.7356062 0.7256242 -0.6511703 0.2223667 0.9544506 0.002667725 0.2983575 0.9757462 0.005574584 -0.2188344 0.741753 -0.6489685 -0.1692411 0.5599171 -0.6478972 -0.5164515 0.7355909 0.006990253 -0.6773899 0.2288375 -0.6482444 -0.7262318 0.2983362 0.006531596 -0.9544386 -0.2188545 0.004322946 -0.975748 -0.162779 -0.6499098 -0.7423747 0.6329113 -0.7498581 0.1927074 0.6469533 -0.7479459 -0.1484196 0.4885588 -0.7470094 -0.4508739 0.2001579 -0.7473092 -0.6336133 -0.1409747 -0.7487663 -0.647669 -0.4434196 -0.7509946 -0.4892712 0.5158495 -0.6539241 0.5534282 -0.626159 -0.7533739 -0.2008802 -0.6402001 -0.7552973 0.1402497 -0.4817996 -0.7562302 0.4427021 -0.1933969 -0.7559279 0.6254364 0.1477328 -0.7544682 0.6394943 0.4501734 -0.7522588 0.4810931 0.9525513 0.06121522 0.2981593 0.9738079 0.06411856 -0.2181445 0.7340633 0.06553035 -0.6759119 0.2975566 0.06507259 -0.952484 -0.2187433 0.06286799 -0.9737552 -0.6765089 0.05950707 -0.7340263 -0.9530749 0.05589061 -0.2975305 -0.9743377 0.05298751 0.218766 -0.7346003 0.0515756 0.6765371 -0.2980979 0.05203312 0.9531161 0.2182092 0.05423778 0.9743937 0.6759828 0.05759865 0.734663 -0.9544497 -0.002666532 -0.2983601 -0.6774061 9.56252e-4 -0.7356086 -0.9544496 -0.002666652 -0.2983604 -0.9757472 -0.005574882 0.2188296 -0.9757468 -0.005574762 0.2188313 -0.7355938 -0.0069893 0.6773868 -0.7355948 -0.006989359 0.6773858 -0.2983386 -0.006531059 0.9544378 -0.2983388 -0.006531 0.9544378 0.2188611 -0.004322707 0.9757465 0.1008464 0.07227748 0.9922732 0.677412 -9.56153e-4 0.7356032 0.4367092 0.7532469 0.4918376 0.9544495 0.002666592 0.298361 0.6131197 0.7645813 0.1987455 0.6270323 0.7664771 -0.1390804 0.9757483 0.005574822 -0.218825 0.4753537 0.7584528 -0.4458568 0.735594 0.006989359 -0.6773865 0.2983395 0.006531059 -0.9544375 0.1826435 0.08298206 -0.9796711 -0.2188556 0.004322767 -0.9757477 -0.2188554 0.004322767 -0.9757478 -0.6774125 9.56179e-4 -0.7356029 -0.7197524 -0.6552122 -0.2294635 -0.7358728 -0.6574198 0.1621435 -0.5540348 -0.6584906 0.5093484 -0.2229574 -0.658149 0.7191175 -0.006659984 -0.7057489 0.7084308 -0.1627769 -0.6499203 -0.7423661 0.05273288 -0.6974856 -0.7146559 -0.2039417 0.4512848 -0.8687635 0.4300538 -0.6933593 -0.5781926 0.01893401 -0.9995669 -0.02253139 0.6702392 -0.7386845 -0.07158648 0.0216701 -0.9997206 -0.009446561 0.6654317 -0.7464544 0.00256139 0.02128231 -0.9997735 -2.65826e-5 0.6641297 -0.7463003 0.0443592 0.6639046 -0.7381229 0.1200216 0.01747953 -0.9997655 0.01278877 0.3891373 -0.7036988 0.5944579 -0.2068582 0.4309756 0.8783335 -0.6487253 0.7583277 0.06398844 -0.6434587 0.7654705 -0.003979802 -0.6439545 0.7569173 -0.1113506 -0.6425779 0.7651132 -0.04117488 0.6624335 0.2422161 -0.7088817 0.8379032 0.4817417 -0.2565994 0.859215 0.5099207 -0.04160195 0.8525514 0.5092355 0.1176248 0.8133506 0.4792764 0.3297803 0.6063383 0.2433318 0.7570624 -0.5570853 0.5667764 0.6069766 -0.5042815 0.5655116 -0.6526079 -0.4445091 0.8675741 -0.2229951 -0.4619956 0.8859739 0.0401318 -0.4572607 0.8867515 -0.06770855 -0.4629358 0.864532 0.1956396 -0.5099768 -0.6524798 -0.56053 0.004493594 -0.9999752 -0.005437731</float_array>
          <technique_common>
            <accessor source="#Handle_Back_019-mesh-normals-array" count="146" stride="3">
              <param name="X" type="float"/>
              <param name="Y" type="float"/>
              <param name="Z" type="float"/>
            </accessor>
          </technique_common>
        </source>
        <vertices id="Handle_Back_019-mesh-vertices">
          <input semantic="POSITION" source="#Handle_Back_019-mesh-positions"/>
        </vertices>
        <triangles material="steel-material" count="264">
          <input semantic="VERTEX" source="#Handle_Back_019-mesh-vertices" offset="0"/>
          <input semantic="NORMAL" source="#Handle_Back_019-mesh-normals" offset="1"/>
          <p>24 0 0 1 1 2 24 0 1 2 2 3 24 0 2 3 3 4 24 0 3 4 4 5 24 0 4 5 5 6 24 0 5 6 6 7 24 0 6 7 7 8 24 0 7 8 8 9 24 0 8 9 9 10 24 0 9 10 10 11 24 0 10 11 11 12 11 12 0 1 24 0 0 1 13 13 1 2 1 2 14 14 2 3 2 3 15 15 3 4 3 4 16 16 4 5 4 5 17 17 5 6 5 6 18 18 6 7 6 7 19 19 7 8 7 8 20 20 8 9 8 9 21 21 9 10 9 10 22 22 10 11 10 11 23 23 11 12 12 24 11 12 23 23 13 13 25 25 26 26 14 14 26 26 27 27 14 14 28 28 15 15 15 15 29 29 16 16 16 16 30 30 17 17 17 17 31 31 18 18 19 19 31 31 32 32 20 20 32 32 33 33 20 20 34 34 21 21 21 21 35 35 22 22 22 22 36 36 23 23 12 24 36 36 25 25 25 25 50 37 26 26 37 38 50 37 49 39 50 37 27 27 26 26 38 40 51 41 50 37 27 27 52 42 28 28 39 43 52 42 51 41 52 42 29 29 28 28 40 44 53 45 52 42 53 45 30 30 29 29 41 46 54 47 53 45 54 47 31 31 30 30 42 48 55 49 54 47 55 49 32 32 31 31 55 49 44 50 56 51 32 32 57 52 33 33 56 51 45 53 57 52 57 52 34 34 33 33 57 52 46 54 58 55 58 55 35 35 34 34 58 55 47 56 59 57 35 35 60 58 36 36 59 57 48 59 60 58 36 36 49 39 25 25 48 59 49 39 60 58 37 38 62 60 38 40 39 43 62 60 63 61 39 43 64 62 40 44 40 44 65 63 41 46 42 48 65 63 66 64 42 48 67 65 43 66 43 66 68 67 44 50 44 50 69 68 45 53 45 53 70 69 46 54 46 54 71 70 47 56 47 56 72 71 48 59 37 38 72 71 61 72 61 72 73 73 62 60 62 60 75 74 63 61 63 61 76 75 64 62 64 62 77 76 65 63 65 63 78 77 66 64 67 65 78 77 79 78 67 65 80 79 68 67 69 68 80 79 81 80 70 69 81 80 82 81 71 70 82 81 83 82 72 71 83 82 84 83 61 72 84 83 74 84 86 85 97 86 98 87 86 85 99 88 87 89 88 90 99 88 100 91 88 90 101 92 89 93 90 94 101 92 102 95 91 96 102 95 103 97 92 98 103 97 104 99 92 98 105 100 93 101 93 101 106 102 94 103 95 104 106 102 107 105 95 104 108 106 96 107 85 108 108 106 97 86 97 86 110 109 98 87 99 88 110 109 111 110 100 91 111 110 112 111 101 92 112 111 113 112 101 92 114 113 102 95 107 105 120 114 108 106 120 114 97 86 108 106 119 115 127 116 121 117 118 118 121 117 122 119 117 120 122 119 123 121 116 122 123 121 124 123 116 122 125 124 115 125 115 125 126 126 114 113 114 113 132 127 102 95 106 102 127 116 107 105 105 100 128 128 106 102 104 99 129 129 105 100 104 99 131 130 130 131 103 97 132 127 131 130 127 116 133 132 121 117 122 119 133 132 135 133 123 121 135 133 136 134 123 121 137 135 124 123 124 123 138 136 125 124 125 124 139 137 126 126 132 127 139 137 140 138 128 128 134 139 127 116 129 129 141 140 128 128 129 129 143 141 142 142 130 131 144 143 143 141 131 130 140 138 144 143 144 143 139 137 138 136 143 141 138 136 137 135 142 142 137 135 136 134 135 133 142 142 136 134 133 132 141 140 135 133 110 109 109 144 145 145 111 110 110 109 145 145 112 111 111 110 145 145 113 112 112 111 145 145 114 113 113 112 145 145 115 125 114 113 145 145 116 122 115 125 145 145 117 120 116 122 145 145 118 118 117 120 145 145 119 115 118 118 145 145 120 114 119 115 145 145 109 144 120 114 145 145 0 1 12 24 13 13 1 2 13 13 14 14 2 3 14 14 15 15 3 4 15 15 16 16 4 5 16 16 17 17 5 6 17 17 18 18 6 7 18 18 19 19 7 8 19 19 20 20 8 9 20 20 21 21 9 10 21 21 22 22 10 11 22 22 23 23 12 24 0 1 11 12 13 13 12 24 25 25 14 14 13 13 26 26 14 14 27 27 28 28 15 15 28 28 29 29 16 16 29 29 30 30 17 17 30 30 31 31 19 19 18 18 31 31 20 20 19 19 32 32 20 20 33 33 34 34 21 21 34 34 35 35 22 22 35 35 36 36 12 24 23 23 36 36 25 25 49 39 50 37 37 38 38 40 50 37 50 37 51 41 27 27 38 40 39 43 51 41 27 27 51 41 52 42 39 43 40 44 52 42 52 42 53 45 29 29 40 44 41 46 53 45 53 45 54 47 30 30 41 46 42 48 54 47 54 47 55 49 31 31 42 48 43 66 55 49 55 49 56 51 32 32 55 49 43 66 44 50 32 32 56 51 57 52 56 51 44 50 45 53 57 52 58 55 34 34 57 52 45 53 46 54 58 55 59 57 35 35 58 55 46 54 47 56 35 35 59 57 60 58 59 57 47 56 48 59 36 36 60 58 49 39 48 59 37 38 49 39 37 38 61 72 62 60 39 43 38 40 62 60 39 43 63 61 64 62 40 44 64 62 65 63 42 48 41 46 65 63 42 48 66 64 67 65 43 66 67 65 68 67 44 50 68 67 69 68 45 53 69 68 70 69 46 54 70 69 71 70 47 56 71 70 72 71 37 38 48 59 72 71 61 72 74 84 73 73 62 60 73 73 75 74 63 61 75 74 76 75 64 62 76 75 77 76 65 63 77 76 78 77 67 65 66 64 78 77 67 65 79 78 80 79 69 68 68 67 80 79 70 69 69 68 81 80 71 70 70 69 82 81 72 71 71 70 83 82 61 72 72 71 84 83 86 85 85 108 97 86 86 85 98 87 99 88 88 90 87 89 99 88 88 90 100 91 101 92 90 94 89 93 101 92 91 96 90 94 102 95 92 98 91 96 103 97 92 98 104 99 105 100 93 101 105 100 106 102 95 104 94 103 106 102 95 104 107 105 108 106 85 108 96 107 108 106 97 86 109 144 110 109 99 88 98 87 110 109 100 91 99 88 111 110 101 92 100 91 112 111 101 92 113 112 114 113 107 105 119 115 120 114 120 114 109 144 97 86 119 115 107 105 127 116 118 118 119 115 121 117 117 120 118 118 122 119 116 122 117 120 123 121 116 122 124 123 125 124 115 125 125 124 126 126 114 113 126 126 132 127 106 102 128 128 127 116 105 100 129 129 128 128 104 99 130 131 129 129 104 99 103 97 131 130 103 97 102 95 132 127 127 116 134 139 133 132 122 119 121 117 133 132 123 121 122 119 135 133 123 121 136 134 137 135 124 123 137 135 138 136 125 124 138 136 139 137 132 127 126 126 139 137 128 128 141 140 134 139 129 129 142 142 141 140 129 129 130 131 143 141 130 131 131 130 144 143 131 130 132 127 140 138 144 143 140 138 139 137 143 141 144 143 138 136 142 142 143 141 137 135 135 133 141 140 142 142 133 132 134 139 141 140</p>
        </triangles>
      </mesh>
    </geometry>
    <geometry id="Handle_Front_019-mesh" name="Handle_Front.019">
      <mesh>
        <source id="Handle_Front_019-mesh-positions">
          <float_array id="Handle_Front_019-mesh-positions-array" count="438">-0.03019267 -0.002780556 -0.03281581 -0.04254585 -0.002942085 -0.01331907 -0.04349547 -0.003071784 0.009742319 -0.03278702 -0.003134846 0.03018921 -0.01328992 -0.003114402 0.04254281 0.009771585 -0.003015935 0.04349297 0.0302183 -0.00286585 0.03278511 0.04257148 -0.002704322 0.01328843 0.0435211 -0.002574622 -0.009772956 0.03281271 -0.00251156 -0.03021985 0.01331561 -0.002532005 -0.04257351 -0.009745895 -0.002630472 -0.04352366 -0.02902269 -0.01958918 -0.03171879 -0.0409283 -0.01974487 -0.01292848 -0.04184353 -0.01986986 0.009297311 -0.03152316 -0.01993066 0.02900338 -0.0127325 -0.01991099 0.0409094 0.00949347 -0.01981604 0.04182523 0.02919942 -0.01967138 0.03150534 0.04110503 -0.01951569 0.01271504 0.04202026 -0.0193907 -0.009510755 0.03169989 -0.0193299 -0.02921688 0.01290923 -0.01934963 -0.04112291 -0.009316742 -0.01944452 -0.04203867 1.28343e-5 -0.002823233 -1.53401e-5 -0.0144611 -0.01961213 -0.01590621 -0.02041143 -0.01968991 -0.006514966 -0.02086883 -0.01975238 0.004593312 -0.01571083 -0.01978278 0.01444226 -0.006319344 -0.01977294 0.02039283 0.004788994 -0.0197255 0.02085053 0.01463782 -0.0196532 0.01569271 0.02058821 -0.01957541 0.006301462 0.02104562 -0.01951295 -0.004806816 0.01588755 -0.01948255 -0.01465576 0.006496131 -0.01949238 -0.02060627 -0.004612207 -0.01953983 -0.02106404 -0.01440769 -0.03150087 -0.01597088 -0.02035802 -0.03157871 -0.006579577 -0.02081543 -0.03164118 0.004528701 -0.01565736 -0.03167152 0.01437765 -0.006265938 -0.03166168 0.02032816 0.0048424 -0.03161424 0.02078586 0.01469129 -0.03154194 0.01562809 0.02064162 -0.03146415 0.006236851 0.02109903 -0.03140169 -0.004871428 0.01594102 -0.03137129 -0.01472038 0.006549537 -0.03138113 -0.02067095 -0.004558801 -0.03142857 -0.02112865 -0.01445657 -0.02062267 -0.01591169 -0.0204069 -0.02070051 -0.00652045 -0.0208643 -0.02076297 0.004587829 -0.01570624 -0.02079331 0.01443678 -0.006314814 -0.02078348 0.02038735 0.004793524 -0.02073603 0.02084499 0.01464235 -0.02066373 0.01568722 0.02059274 -0.02058595 0.006295979 0.02105015 -0.02052348 -0.0048123 0.01589208 -0.02049309 -0.01466125 0.006500661 -0.02050292 -0.02061182 -0.004607677 -0.02055037 -0.02106952 -0.01216179 -0.03150403 -0.01353198 -0.01719361 -0.03156983 -0.005590379 -0.01758038 -0.03162264 0.003803133 -0.01321858 -0.03164833 0.01213181 -0.005276799 -0.03164005 0.01716381 0.004116773 -0.03159993 0.01755082 0.01244539 -0.03153878 0.01318919 0.01747721 -0.03147298 0.005247652 0.01786404 -0.03142017 -0.00414592 0.01350218 -0.03139448 -0.01247459 0.005560457 -0.03140282 -0.01750659 -0.003833174 -0.03144288 -0.01789361 -0.01852178 -0.009611725 -0.005855321 -0.0131331 -0.009541213 -0.01436018 -0.01893603 -0.00966829 0.004204452 -0.01426482 -0.009695768 0.01312381 -0.005759835 -0.009686887 0.01851272 0.004300057 -0.009643912 0.01892721 0.01321929 -0.009578406 0.01425623 0.01860803 -0.009507954 0.00575143 0.01902228 -0.009451389 -0.004308402 0.01435106 -0.009423911 -0.01322776 0.005846083 -0.009432792 -0.01861667 -0.004213809 -0.009475767 -0.01903116 -0.01205104 -0.02431207 -0.01333743 -0.01702433 -0.0243771 -0.005488216 -0.01740664 -0.02442932 0.003795981 -0.01309555 -0.02445471 0.01202768 -0.005246222 -0.02444648 0.01700115 0.004038035 -0.02440685 0.01738369 0.01226967 -0.02434641 0.01307284 0.01724296 -0.02428138 0.005223631 0.01762527 -0.02422916 -0.004060566 0.01331418 -0.02420377 -0.01229226 0.005464911 -0.024212 -0.01726573 -0.003819406 -0.02425163 -0.01764827 -0.01189309 -0.0594598 -0.01352852 -0.01686638 -0.05952483 -0.005679368 -0.01724869 -0.05957704 0.003604829 -0.0129376 -0.05960243 0.01183658 -0.005088269 -0.05959421 0.01680999 0.004195988 -0.05955457 0.01719254 0.01242762 -0.05949413 0.01288169 0.01740092 -0.0594291 0.005032539 0.01778322 -0.05937689 -0.004251718 0.01347213 -0.0593515 -0.01248341 0.005622863 -0.05935972 -0.01745688 -0.003661453 -0.05939936 -0.01783943 -0.01183503 -0.0723738 -0.01359879 -0.01680833 -0.07243883 -0.005749583 -0.01719063 -0.07249104 0.003534615 -0.01287955 -0.07251644 0.01176631 -0.005030274 -0.07250821 0.01673978 0.004254043 -0.07246857 0.01712232 0.01248568 -0.07240813 0.01281148 0.01745897 -0.07234311 0.004962265 0.01784127 -0.07229089 -0.004321932 0.01353019 -0.0722655 -0.01255363 0.005680859 -0.07227373 -0.0175271 -0.003603398 -0.07231336 -0.01790964 0.1257352 -0.06936496 -0.006631195 0.1268824 -0.06874352 -0.003520727 0.1273995 -0.06840461 0.001801967 0.127148 -0.06843894 0.007910847 0.1261951 -0.0688374 0.01316899 0.1247963 -0.06949311 0.0161674 0.1241861 -0.06165295 -0.006511032 0.1253334 -0.06103152 -0.003400564 0.1258505 -0.0606926 0.00192219 0.1255989 -0.06072694 0.00803107 0.1246461 -0.06112539 0.01328915 0.1232473 -0.06178116 0.01628756 0.1369404 -0.0198214 -0.006400227 0.1345047 -0.01898777 -0.006495833 0.1376608 -0.01831007 -0.003302335 0.1379315 -0.0174573 0.002013087 0.1376799 -0.01749163 0.008121967 0.1369736 -0.01840388 0.01338738 0.1360016 -0.01994961 0.01639837 0.1335659 -0.01911598 0.01630276 0.1352251 -0.01747643 -0.003397941 0.1354959 -0.01662367 0.001917481 0.1352443 -0.016658 0.008026361 0.1345379 -0.01757025 0.01329177 3.25309e-4 -0.07239097 -3.93676e-4</float_array>
          <technique_common>
            <accessor source="#Handle_Front_019-mesh-positions-array" count="146" stride="3">
              <param name="X" type="float"/>
              <param name="Y" type="float"/>
              <param name="Z" type="float"/>
            </accessor>
          </technique_common>
        </source>
        <source id="Handle_Front_019-mesh-normals">
          <float_array id="Handle_Front_019-mesh-normals-array" count="438">-0.004493653 0.9999752 0.005438029 -0.5358362 0.6178019 -0.5755001 -0.7538419 0.6149512 -0.2314248 -0.7705995 0.6126626 0.1755594 -0.5816184 0.6115495 0.5364022 -0.2375364 0.6119102 0.7544153 0.1694505 0.6136481 0.7711825 0.5302903 0.6162973 0.5822113 0.7482958 0.6191483 0.2381361 0.7650539 0.6214362 -0.1688477 0.5760729 0.6225496 -0.5296905 0.2319911 0.6221889 -0.7477039 -0.1749963 0.620451 -0.7644716 -0.6892217 -0.6902905 -0.2201648 -0.7046692 -0.692403 0.1549823 -0.5304775 -0.6934257 0.4876009 -0.2133129 -0.6930935 0.6885631 0.1618375 -0.6914916 0.7040228 0.4944548 -0.6890464 0.5298392 0.6954089 -0.6864213 0.2126787 0.7108559 -0.6843157 -0.1624685 0.5366644 -0.6832863 -0.495087 0.2195001 -0.6836187 -0.6960497 -0.1556514 -0.6852172 -0.7115125 -0.4882664 -0.6876626 -0.5373233 -0.4285731 -0.7695947 -0.4733384 -0.6052575 -0.7719089 -0.1944735 -0.6188499 -0.7737557 0.1353774 -0.4656794 -0.7746641 0.4278297 -0.1868124 -0.7743698 0.6045267 0.1430408 -0.7729614 0.6181182 0.4354915 -0.7708169 0.4649609 0.612187 -0.7685012 0.1860996 0.6257663 -0.7666496 -0.1437532 0.4726051 -0.7657466 -0.4362071 0.1937355 -0.7660364 -0.6129069 -0.1361199 -0.7674494 -0.6264924 -0.9544485 -0.002669155 -0.298364 -0.5099913 -0.6524621 -0.5605374 -0.6774049 9.56125e-4 -0.7356098 -0.7197539 -0.6552125 -0.229458 -0.9757478 -0.005573868 0.2188274 -0.7355961 -0.006988823 0.6773844 -0.7358829 -0.6574072 0.1621487 -0.5540381 -0.6584822 0.5093556 -0.2983413 -0.006530523 0.954437 -0.2229545 -0.6581384 0.7191281 0.2188533 -0.004322171 0.9757482 0.1686549 -0.6564594 0.7352665 0.6774088 -9.56768e-4 0.7356062 0.7256242 -0.6511703 0.2223667 0.9544506 0.002667725 0.2983575 0.9757462 0.005574584 -0.2188344 0.741753 -0.6489685 -0.1692411 0.5599171 -0.6478972 -0.5164515 0.7355909 0.006990253 -0.6773899 0.2288375 -0.6482444 -0.7262318 0.2983362 0.006531596 -0.9544386 -0.2188545 0.004322946 -0.975748 -0.162779 -0.6499098 -0.7423747 0.6329113 -0.7498581 0.1927074 0.6469533 -0.7479459 -0.1484196 0.4885588 -0.7470094 -0.4508739 0.2001579 -0.7473092 -0.6336133 -0.1409747 -0.7487663 -0.647669 -0.4434196 -0.7509946 -0.4892712 0.5158495 -0.6539241 0.5534282 -0.626159 -0.7533739 -0.2008802 -0.6402001 -0.7552973 0.1402497 -0.4817996 -0.7562302 0.4427021 -0.1933969 -0.7559279 0.6254364 0.1477328 -0.7544682 0.6394943 0.4501734 -0.7522588 0.4810931 0.9525513 0.06121522 0.2981593 0.9738079 0.06411856 -0.2181445 0.7340633 0.06553035 -0.6759119 0.2975566 0.06507259 -0.952484 -0.2187433 0.06286799 -0.9737552 -0.6765089 0.05950707 -0.7340263 -0.9530749 0.05589061 -0.2975305 -0.9743377 0.05298751 0.218766 -0.7346003 0.0515756 0.6765371 -0.2980979 0.05203312 0.9531161 0.2182092 0.05423778 0.9743937 0.6759828 0.05759865 0.734663 -0.9544497 -0.002666532 -0.2983601 -0.6774061 9.56252e-4 -0.7356086 -0.9544496 -0.002666652 -0.2983604 -0.9757472 -0.005574882 0.2188296 -0.9757468 -0.005574762 0.2188313 -0.7355938 -0.0069893 0.6773868 -0.7355948 -0.006989359 0.6773858 -0.2983386 -0.006531059 0.9544378 -0.2983388 -0.006531 0.9544378 0.2188611 -0.004322707 0.9757465 0.1008464 0.07227748 0.9922732 0.677412 -9.56153e-4 0.7356032 0.4367092 0.7532469 0.4918376 0.9544495 0.002666592 0.298361 0.6131197 0.7645813 0.1987455 0.6270323 0.7664771 -0.1390804 0.9757483 0.005574822 -0.218825 0.4753537 0.7584528 -0.4458568 0.735594 0.006989359 -0.6773865 0.2983395 0.006531059 -0.9544375 0.1826435 0.08298206 -0.9796711 -0.2188556 0.004322767 -0.9757477 -0.2188554 0.004322767 -0.9757478 -0.6774125 9.56179e-4 -0.7356029 -0.7197524 -0.6552122 -0.2294635 -0.7358728 -0.6574198 0.1621435 -0.5540348 -0.6584906 0.5093484 -0.2229574 -0.658149 0.7191175 -0.006659984 -0.7057489 0.7084308 -0.1627769 -0.6499203 -0.7423661 0.05273288 -0.6974856 -0.7146559 -0.2039417 0.4512848 -0.8687635 0.4300538 -0.6933593 -0.5781926 0.01893401 -0.9995669 -0.02253139 0.6702392 -0.7386845 -0.07158648 0.0216701 -0.9997206 -0.009446561 0.6654317 -0.7464544 0.00256139 0.02128231 -0.9997735 -2.65826e-5 0.6641297 -0.7463003 0.0443592 0.6639046 -0.7381229 0.1200216 0.01747953 -0.9997655 0.01278877 0.3891373 -0.7036988 0.5944579 -0.2068582 0.4309756 0.8783335 -0.6487253 0.7583277 0.06398844 -0.6434587 0.7654705 -0.003979802 -0.6439545 0.7569173 -0.1113506 -0.6425779 0.7651132 -0.04117488 0.6624335 0.2422161 -0.7088817 0.8379032 0.4817417 -0.2565994 0.859215 0.5099207 -0.04160195 0.8525514 0.5092355 0.1176248 0.8133506 0.4792764 0.3297803 0.6063383 0.2433318 0.7570624 -0.5570853 0.5667764 0.6069766 -0.5042815 0.5655116 -0.6526079 -0.4445091 0.8675741 -0.2229951 -0.4619956 0.8859739 0.0401318 -0.4572607 0.8867515 -0.06770855 -0.4629358 0.864532 0.1956396 -0.5099768 -0.6524798 -0.56053 0.004493594 -0.9999752 -0.005437731</float_array>
          <technique_common>
            <accessor source="#Handle_Front_019-mesh-normals-array" count="146" stride="3">
              <param name="X" type="float"/>
              <param name="Y" type="float"/>
              <param name="Z" type="float"/>
            </accessor>
          </technique_common>
        </source>
        <vertices id="Handle_Front_019-mesh-vertices">
          <input semantic="POSITION" source="#Handle_Front_019-mesh-positions"/>
        </vertices>
        <triangles material="steel-material" count="264">
          <input semantic="VERTEX" source="#Handle_Front_019-mesh-vertices" offset="0"/>
          <input semantic="NORMAL" source="#Handle_Front_019-mesh-normals" offset="1"/>
          <p>24 0 0 1 1 2 24 0 1 2 2 3 24 0 2 3 3 4 24 0 3 4 4 5 24 0 4 5 5 6 24 0 5 6 6 7 24 0 6 7 7 8 24 0 7 8 8 9 24 0 8 9 9 10 24 0 9 10 10 11 24 0 10 11 11 12 11 12 0 1 24 0 0 1 13 13 1 2 1 2 14 14 2 3 2 3 15 15 3 4 3 4 16 16 4 5 4 5 17 17 5 6 5 6 18 18 6 7 6 7 19 19 7 8 7 8 20 20 8 9 8 9 21 21 9 10 9 10 22 22 10 11 10 11 23 23 11 12 12 24 11 12 23 23 13 13 25 25 26 26 14 14 26 26 27 27 14 14 28 28 15 15 15 15 29 29 16 16 16 16 30 30 17 17 17 17 31 31 18 18 19 19 31 31 32 32 20 20 32 32 33 33 20 20 34 34 21 21 21 21 35 35 22 22 22 22 36 36 23 23 12 24 36 36 25 25 25 25 50 37 26 26 37 38 50 37 49 39 50 37 27 27 26 26 38 40 51 41 50 37 27 27 52 42 28 28 39 43 52 42 51 41 52 42 29 29 28 28 40 44 53 45 52 42 53 45 30 30 29 29 41 46 54 47 53 45 54 47 31 31 30 30 42 48 55 49 54 47 55 49 32 32 31 31 55 49 44 50 56 51 32 32 57 52 33 33 56 51 45 53 57 52 57 52 34 34 33 33 57 52 46 54 58 55 58 55 35 35 34 34 58 55 47 56 59 57 35 35 60 58 36 36 59 57 48 59 60 58 36 36 49 39 25 25 48 59 49 39 60 58 37 38 62 60 38 40 39 43 62 60 63 61 39 43 64 62 40 44 40 44 65 63 41 46 42 48 65 63 66 64 42 48 67 65 43 66 43 66 68 67 44 50 44 50 69 68 45 53 45 53 70 69 46 54 46 54 71 70 47 56 47 56 72 71 48 59 37 38 72 71 61 72 61 72 73 73 62 60 62 60 75 74 63 61 63 61 76 75 64 62 64 62 77 76 65 63 65 63 78 77 66 64 67 65 78 77 79 78 67 65 80 79 68 67 69 68 80 79 81 80 70 69 81 80 82 81 71 70 82 81 83 82 72 71 83 82 84 83 61 72 84 83 74 84 86 85 97 86 98 87 86 85 99 88 87 89 88 90 99 88 100 91 88 90 101 92 89 93 90 94 101 92 102 95 91 96 102 95 103 97 92 98 103 97 104 99 92 98 105 100 93 101 93 101 106 102 94 103 95 104 106 102 107 105 95 104 108 106 96 107 85 108 108 106 97 86 97 86 110 109 98 87 99 88 110 109 111 110 100 91 111 110 112 111 101 92 112 111 113 112 101 92 114 113 102 95 107 105 120 114 108 106 120 114 97 86 108 106 119 115 127 116 121 117 118 118 121 117 122 119 117 120 122 119 123 121 116 122 123 121 124 123 116 122 125 124 115 125 115 125 126 126 114 113 114 113 132 127 102 95 106 102 127 116 107 105 105 100 128 128 106 102 104 99 129 129 105 100 104 99 131 130 130 131 103 97 132 127 131 130 127 116 133 132 121 117 122 119 133 132 135 133 123 121 135 133 136 134 123 121 137 135 124 123 124 123 138 136 125 124 125 124 139 137 126 126 132 127 139 137 140 138 128 128 134 139 127 116 129 129 141 140 128 128 129 129 143 141 142 142 130 131 144 143 143 141 131 130 140 138 144 143 144 143 139 137 138 136 143 141 138 136 137 135 142 142 137 135 136 134 135 133 142 142 136 134 133 132 141 140 135 133 110 109 109 144 145 145 111 110 110 109 145 145 112 111 111 110 145 145 113 112 112 111 145 145 114 113 113 112 145 145 115 125 114 113 145 145 116 122 115 125 145 145 117 120 116 122 145 145 118 118 117 120 145 145 119 115 118 118 145 145 120 114 119 115 145 145 109 144 120 114 145 145 0 1 12 24 13 13 1 2 13 13 14 14 2 3 14 14 15 15 3 4 15 15 16 16 4 5 16 16 17 17 5 6 17 17 18 18 6 7 18 18 19 19 7 8 19 19 20 20 8 9 20 20 21 21 9 10 21 21 22 22 10 11 22 22 23 23 12 24 0 1 11 12 13 13 12 24 25 25 14 14 13 13 26 26 14 14 27 27 28 28 15 15 28 28 29 29 16 16 29 29 30 30 17 17 30 30 31 31 19 19 18 18 31 31 20 20 19 19 32 32 20 20 33 33 34 34 21 21 34 34 35 35 22 22 35 35 36 36 12 24 23 23 36 36 25 25 49 39 50 37 37 38 38 40 50 37 50 37 51 41 27 27 38 40 39 43 51 41 27 27 51 41 52 42 39 43 40 44 52 42 52 42 53 45 29 29 40 44 41 46 53 45 53 45 54 47 30 30 41 46 42 48 54 47 54 47 55 49 31 31 42 48 43 66 55 49 55 49 56 51 32 32 55 49 43 66 44 50 32 32 56 51 57 52 56 51 44 50 45 53 57 52 58 55 34 34 57 52 45 53 46 54 58 55 59 57 35 35 58 55 46 54 47 56 35 35 59 57 60 58 59 57 47 56 48 59 36 36 60 58 49 39 48 59 37 38 49 39 37 38 61 72 62 60 39 43 38 40 62 60 39 43 63 61 64 62 40 44 64 62 65 63 42 48 41 46 65 63 42 48 66 64 67 65 43 66 67 65 68 67 44 50 68 67 69 68 45 53 69 68 70 69 46 54 70 69 71 70 47 56 71 70 72 71 37 38 48 59 72 71 61 72 74 84 73 73 62 60 73 73 75 74 63 61 75 74 76 75 64 62 76 75 77 76 65 63 77 76 78 77 67 65 66 64 78 77 67 65 79 78 80 79 69 68 68 67 80 79 70 69 69 68 81 80 71 70 70 69 82 81 72 71 71 70 83 82 61 72 72 71 84 83 86 85 85 108 97 86 86 85 98 87 99 88 88 90 87 89 99 88 88 90 100 91 101 92 90 94 89 93 101 92 91 96 90 94 102 95 92 98 91 96 103 97 92 98 104 99 105 100 93 101 105 100 106 102 95 104 94 103 106 102 95 104 107 105 108 106 85 108 96 107 108 106 97 86 109 144 110 109 99 88 98 87 110 109 100 91 99 88 111 110 101 92 100 91 112 111 101 92 113 112 114 113 107 105 119 115 120 114 120 114 109 144 97 86 119 115 107 105 127 116 118 118 119 115 121 117 117 120 118 118 122 119 116 122 117 120 123 121 116 122 124 123 125 124 115 125 125 124 126 126 114 113 126 126 132 127 106 102 128 128 127 116 105 100 129 129 128 128 104 99 130 131 129 129 104 99 103 97 131 130 103 97 102 95 132 127 127 116 134 139 133 132 122 119 121 117 133 132 123 121 122 119 135 133 123 121 136 134 137 135 124 123 137 135 138 136 125 124 138 136 139 137 132 127 126 126 139 137 128 128 141 140 134 139 129 129 142 142 141 140 129 129 130 131 143 141 130 131 131 130 144 143 131 130 132 127 140 138 144 143 140 138 139 137 143 141 144 143 138 136 142 142 143 141 137 135 135 133 141 140 142 142 133 132 134 139 141 140</p>
        </triangles>
      </mesh>
    </geometry>
    <geometry id="Door_019-mesh" name="Door.019">
      <mesh>
        <source id="Door_019-mesh-positions">
          <float_array id="Door_019-mesh-positions-array" count="24">-0.656 0 -1.046 -0.656 0.03399997 -1.046 0 0.03399997 -1.046 0 0 -1.046 -0.656 0 0.9639999 -0.656 0.03399997 0.9639999 0 0.03399997 0.9639999 0 0 0.9639999</float_array>
          <technique_common>
            <accessor source="#Door_019-mesh-positions-array" count="8" stride="3">
              <param name="X" type="float"/>
              <param name="Y" type="float"/>
              <param name="Z" type="float"/>
            </accessor>
          </technique_common>
        </source>
        <source id="Door_019-mesh-normals">
          <float_array id="Door_019-mesh-normals-array" count="36">-1 0 0 0 1 0 1 0 0 0 -1 0 0 0 -1 0 0 1 -1 0 0 0 1 0 1 0 0 0 -1 0 0 0 -1 0 0 1</float_array>
          <technique_common>
            <accessor source="#Door_019-mesh-normals-array" count="12" stride="3">
              <param name="X" type="float"/>
              <param name="Y" type="float"/>
              <param name="Z" type="float"/>
            </accessor>
          </technique_common>
        </source>
        <vertices id="Door_019-mesh-vertices">
          <input semantic="POSITION" source="#Door_019-mesh-positions"/>
        </vertices>
        <triangles material="fine_grained_wood-material" count="12">
          <input semantic="VERTEX" source="#Door_019-mesh-vertices" offset="0"/>
          <input semantic="NORMAL" source="#Door_019-mesh-normals" offset="1"/>
          <p>5 0 0 0 4 0 6 1 1 1 5 1 7 2 2 2 6 2 4 3 3 3 7 3 1 4 3 4 0 4 6 5 4 5 7 5 5 6 1 6 0 6 6 7 2 7 1 7 7 8 3 8 2 8 4 9 0 9 3 9 1 10 2 10 3 10 6 11 5 11 4 11</p>
        </triangles>
      </mesh>
    </geometry>
    <geometry id="DoorFrane-mesh" name="DoorFrane">
      <mesh>
        <source id="DoorFrane-mesh-positions">
          <float_array id="DoorFrane-mesh-positions-array" count="96">-0.41 -0.02666664 0 -0.41 0.05333328 0 -0.33 0.05333328 0 -0.41 -0.02666664 2.1 -0.41 0.05333328 2.1 0.41 0.05333328 2.1 0.41 -0.02666664 2.1 0.33 -0.02666664 2.02 -0.33 0.05333328 2.02 0.33 -0.02666664 0 0.41 -0.02666664 0 0.41 0.05333328 0 0.33 0.01333332 2.02 -0.33 0.01333332 2.02 -0.33 0.01333332 0 -0.31 0.01333332 2.02 -0.31 0.01333332 0 -0.31 0.05333328 2.02 -0.31 0.05333328 0 0.33 0.01333332 0 -0.33 -0.02666664 2.02 -0.33 -0.02666664 0 0.33 0.05333328 2.02 0.33 0.05333328 0 0.31 0.05333328 0 0.31 0.01333332 0 0.31 0.05333328 2.02 0.31 0.01333332 2 0.31 0.01333332 2.02 -0.31 0.05333328 2 -0.31 0.01333332 2 0.31 0.05333328 2</float_array>
          <technique_common>
            <accessor source="#DoorFrane-mesh-positions-array" count="32" stride="3">
              <param name="X" type="float"/>
              <param name="Y" type="float"/>
              <param name="Z" type="float"/>
            </accessor>
          </technique_common>
        </source>
        <source id="DoorFrane-mesh-normals">
          <float_array id="DoorFrane-mesh-normals-array" count="141">-1 0 0 -1 0 0 0 0 1 1 0 0 1 0 0 1 0 0 0 1 0 0 0 -1 0 -1 0 0 -1 0 0 -1 0 0 1 0 0 0 -1 0 -1 0 0 1 0 0 0 -1 0 1 0 0 -1 0 -1 0 0 0 0 -1 0 1 0 0 1 0 0 -1 0 0 0 1 -1 0 0 -1 0 0 0 0 1 1 0 0 1 0 0 1 0 0 0 1 0 0 0 -1 0 -1 0 0 -1 0 0 -1 0 0 1 0 0 0 -1 0 -1 0 0 1 0 0 0 -1 0 1 0 0 -1 0 -1 0 0 0 0 -1 0 1 0 0 1 0 0 -1 0</float_array>
          <technique_common>
            <accessor source="#DoorFrane-mesh-normals-array" count="47" stride="3">
              <param name="X" type="float"/>
              <param name="Y" type="float"/>
              <param name="Z" type="float"/>
            </accessor>
          </technique_common>
        </source>
        <vertices id="DoorFrane-mesh-vertices">
          <input semantic="POSITION" source="#DoorFrane-mesh-positions"/>
        </vertices>
        <triangles material="Plastic-material" count="47">
          <input semantic="VERTEX" source="#DoorFrane-mesh-vertices" offset="0"/>
          <input semantic="NORMAL" source="#DoorFrane-mesh-normals" offset="1"/>
          <p>4 0 0 0 3 0 12 1 9 1 7 1 3 2 5 2 4 2 11 3 6 3 10 3 20 4 14 4 13 4 15 5 18 5 17 5 11 6 22 6 5 6 13 7 7 7 20 7 20 8 0 8 21 8 10 9 7 9 9 9 14 10 15 10 13 10 8 11 1 11 4 11 31 12 30 12 29 12 6 13 20 13 7 13 4 14 22 14 8 14 2 15 16 15 14 15 18 16 8 16 17 16 25 17 12 17 28 17 26 18 25 18 28 18 24 19 19 19 25 19 23 20 26 20 22 20 17 21 31 21 29 21 30 22 28 22 15 22 8 23 22 23 26 23 4 24 1 24 0 24 12 25 19 25 9 25 3 26 6 26 5 26 11 27 5 27 6 27 20 28 21 28 14 28 15 29 16 29 18 29 11 30 23 30 22 30 13 31 12 31 7 31 20 32 3 32 0 32 10 33 6 33 7 33 14 34 16 34 15 34 8 35 2 35 1 35 31 36 27 36 30 36 6 37 3 37 20 37 4 38 5 38 22 38 2 39 18 39 16 39 18 40 2 40 8 40 25 41 19 41 12 41 26 42 24 42 25 42 24 43 23 43 19 43 23 44 24 44 26 44 17 45 26 45 31 45 30 46 27 46 28 46</p>
        </triangles>
      </mesh>
    </geometry>
    <geometry id="Handle_Back_011-mesh" name="Handle_Back.011">
      <mesh>
        <source id="Handle_Back_011-mesh-positions">
          <float_array id="Handle_Back_011-mesh-positions-array" count="438">-0.03019267 -0.002780556 -0.03281581 -0.04254585 -0.002942085 -0.01331907 -0.04349547 -0.003071784 0.009742319 -0.03278702 -0.003134846 0.03018921 -0.01328992 -0.003114402 0.04254281 0.009771585 -0.003015935 0.04349297 0.0302183 -0.00286585 0.03278511 0.04257148 -0.002704322 0.01328843 0.0435211 -0.002574622 -0.009772956 0.03281271 -0.00251156 -0.03021985 0.01331561 -0.002532005 -0.04257351 -0.009745895 -0.002630472 -0.04352366 -0.02902269 -0.01958918 -0.03171879 -0.0409283 -0.01974487 -0.01292848 -0.04184353 -0.01986986 0.009297311 -0.03152316 -0.01993066 0.02900338 -0.0127325 -0.01991099 0.0409094 0.00949347 -0.01981604 0.04182523 0.02919942 -0.01967138 0.03150534 0.04110503 -0.01951569 0.01271504 0.04202026 -0.0193907 -0.009510755 0.03169989 -0.0193299 -0.02921688 0.01290923 -0.01934963 -0.04112291 -0.009316742 -0.01944452 -0.04203867 1.28343e-5 -0.002823233 -1.53401e-5 -0.0144611 -0.01961213 -0.01590621 -0.02041143 -0.01968991 -0.006514966 -0.02086883 -0.01975238 0.004593312 -0.01571083 -0.01978278 0.01444226 -0.006319344 -0.01977294 0.02039283 0.004788994 -0.0197255 0.02085053 0.01463782 -0.0196532 0.01569271 0.02058821 -0.01957541 0.006301462 0.02104562 -0.01951295 -0.004806816 0.01588755 -0.01948255 -0.01465576 0.006496131 -0.01949238 -0.02060627 -0.004612207 -0.01953983 -0.02106404 -0.01440769 -0.03150087 -0.01597088 -0.02035802 -0.03157871 -0.006579577 -0.02081543 -0.03164118 0.004528701 -0.01565736 -0.03167152 0.01437765 -0.006265938 -0.03166168 0.02032816 0.0048424 -0.03161424 0.02078586 0.01469129 -0.03154194 0.01562809 0.02064162 -0.03146415 0.006236851 0.02109903 -0.03140169 -0.004871428 0.01594102 -0.03137129 -0.01472038 0.006549537 -0.03138113 -0.02067095 -0.004558801 -0.03142857 -0.02112865 -0.01445657 -0.02062267 -0.01591169 -0.0204069 -0.02070051 -0.00652045 -0.0208643 -0.02076297 0.004587829 -0.01570624 -0.02079331 0.01443678 -0.006314814 -0.02078348 0.02038735 0.004793524 -0.02073603 0.02084499 0.01464235 -0.02066373 0.01568722 0.02059274 -0.02058595 0.006295979 0.02105015 -0.02052348 -0.0048123 0.01589208 -0.02049309 -0.01466125 0.006500661 -0.02050292 -0.02061182 -0.004607677 -0.02055037 -0.02106952 -0.01216179 -0.03150403 -0.01353198 -0.01719361 -0.03156983 -0.005590379 -0.01758038 -0.03162264 0.003803133 -0.01321858 -0.03164833 0.01213181 -0.005276799 -0.03164005 0.01716381 0.004116773 -0.03159993 0.01755082 0.01244539 -0.03153878 0.01318919 0.01747721 -0.03147298 0.005247652 0.01786404 -0.03142017 -0.00414592 0.01350218 -0.03139448 -0.01247459 0.005560457 -0.03140282 -0.01750659 -0.003833174 -0.03144288 -0.01789361 -0.01852178 -0.009611725 -0.005855321 -0.0131331 -0.009541213 -0.01436018 -0.01893603 -0.00966829 0.004204452 -0.01426482 -0.009695768 0.01312381 -0.005759835 -0.009686887 0.01851272 0.004300057 -0.009643912 0.01892721 0.01321929 -0.009578406 0.01425623 0.01860803 -0.009507954 0.00575143 0.01902228 -0.009451389 -0.004308402 0.01435106 -0.009423911 -0.01322776 0.005846083 -0.009432792 -0.01861667 -0.004213809 -0.009475767 -0.01903116 -0.01205104 -0.02431207 -0.01333743 -0.01702433 -0.0243771 -0.005488216 -0.01740664 -0.02442932 0.003795981 -0.01309555 -0.02445471 0.01202768 -0.005246222 -0.02444648 0.01700115 0.004038035 -0.02440685 0.01738369 0.01226967 -0.02434641 0.01307284 0.01724296 -0.02428138 0.005223631 0.01762527 -0.02422916 -0.004060566 0.01331418 -0.02420377 -0.01229226 0.005464911 -0.024212 -0.01726573 -0.003819406 -0.02425163 -0.01764827 -0.01189309 -0.0594598 -0.01352852 -0.01686638 -0.05952483 -0.005679368 -0.01724869 -0.05957704 0.003604829 -0.0129376 -0.05960243 0.01183658 -0.005088269 -0.05959421 0.01680999 0.004195988 -0.05955457 0.01719254 0.01242762 -0.05949413 0.01288169 0.01740092 -0.0594291 0.005032539 0.01778322 -0.05937689 -0.004251718 0.01347213 -0.0593515 -0.01248341 0.005622863 -0.05935972 -0.01745688 -0.003661453 -0.05939936 -0.01783943 -0.01183503 -0.0723738 -0.01359879 -0.01680833 -0.07243883 -0.005749583 -0.01719063 -0.07249104 0.003534615 -0.01287955 -0.07251644 0.01176631 -0.005030274 -0.07250821 0.01673978 0.004254043 -0.07246857 0.01712232 0.01248568 -0.07240813 0.01281148 0.01745897 -0.07234311 0.004962265 0.01784127 -0.07229089 -0.004321932 0.01353019 -0.0722655 -0.01255363 0.005680859 -0.07227373 -0.0175271 -0.003603398 -0.07231336 -0.01790964 0.1257352 -0.06936496 -0.006631195 0.1268824 -0.06874352 -0.003520727 0.1273995 -0.06840461 0.001801967 0.127148 -0.06843894 0.007910847 0.1261951 -0.0688374 0.01316899 0.1247963 -0.06949311 0.0161674 0.1241861 -0.06165295 -0.006511032 0.1253334 -0.06103152 -0.003400564 0.1258505 -0.0606926 0.00192219 0.1255989 -0.06072694 0.00803107 0.1246461 -0.06112539 0.01328915 0.1232473 -0.06178116 0.01628756 0.1369404 -0.0198214 -0.006400227 0.1345047 -0.01898777 -0.006495833 0.1376608 -0.01831007 -0.003302335 0.1379315 -0.0174573 0.002013087 0.1376799 -0.01749163 0.008121967 0.1369736 -0.01840388 0.01338738 0.1360016 -0.01994961 0.01639837 0.1335659 -0.01911598 0.01630276 0.1352251 -0.01747643 -0.003397941 0.1354959 -0.01662367 0.001917481 0.1352443 -0.016658 0.008026361 0.1345379 -0.01757025 0.01329177 3.25309e-4 -0.07239097 -3.93676e-4</float_array>
          <technique_common>
            <accessor source="#Handle_Back_011-mesh-positions-array" count="146" stride="3">
              <param name="X" type="float"/>
              <param name="Y" type="float"/>
              <param name="Z" type="float"/>
            </accessor>
          </technique_common>
        </source>
        <source id="Handle_Back_011-mesh-normals">
          <float_array id="Handle_Back_011-mesh-normals-array" count="438">-0.004493653 0.9999752 0.005438029 -0.5358362 0.6178019 -0.5755001 -0.7538419 0.6149512 -0.2314248 -0.7705995 0.6126626 0.1755594 -0.5816184 0.6115495 0.5364022 -0.2375364 0.6119102 0.7544153 0.1694505 0.6136481 0.7711825 0.5302903 0.6162973 0.5822113 0.7482958 0.6191483 0.2381361 0.7650539 0.6214362 -0.1688477 0.5760729 0.6225496 -0.5296905 0.2319911 0.6221889 -0.7477039 -0.1749963 0.620451 -0.7644716 -0.6892217 -0.6902905 -0.2201648 -0.7046692 -0.692403 0.1549823 -0.5304775 -0.6934257 0.4876009 -0.2133129 -0.6930935 0.6885631 0.1618375 -0.6914916 0.7040228 0.4944548 -0.6890464 0.5298392 0.6954089 -0.6864213 0.2126787 0.7108559 -0.6843157 -0.1624685 0.5366644 -0.6832863 -0.495087 0.2195001 -0.6836187 -0.6960497 -0.1556514 -0.6852172 -0.7115125 -0.4882664 -0.6876626 -0.5373233 -0.4285731 -0.7695947 -0.4733384 -0.6052575 -0.7719089 -0.1944735 -0.6188499 -0.7737557 0.1353774 -0.4656794 -0.7746641 0.4278297 -0.1868124 -0.7743698 0.6045267 0.1430408 -0.7729614 0.6181182 0.4354915 -0.7708169 0.4649609 0.612187 -0.7685012 0.1860996 0.6257663 -0.7666496 -0.1437532 0.4726051 -0.7657466 -0.4362071 0.1937355 -0.7660364 -0.6129069 -0.1361199 -0.7674494 -0.6264924 -0.9544485 -0.002669155 -0.298364 -0.5099913 -0.6524621 -0.5605374 -0.6774049 9.56125e-4 -0.7356098 -0.7197539 -0.6552125 -0.229458 -0.9757478 -0.005573868 0.2188274 -0.7355961 -0.006988823 0.6773844 -0.7358829 -0.6574072 0.1621487 -0.5540381 -0.6584822 0.5093556 -0.2983413 -0.006530523 0.954437 -0.2229545 -0.6581384 0.7191281 0.2188533 -0.004322171 0.9757482 0.1686549 -0.6564594 0.7352665 0.6774088 -9.56768e-4 0.7356062 0.7256242 -0.6511703 0.2223667 0.9544506 0.002667725 0.2983575 0.9757462 0.005574584 -0.2188344 0.741753 -0.6489685 -0.1692411 0.5599171 -0.6478972 -0.5164515 0.7355909 0.006990253 -0.6773899 0.2288375 -0.6482444 -0.7262318 0.2983362 0.006531596 -0.9544386 -0.2188545 0.004322946 -0.975748 -0.162779 -0.6499098 -0.7423747 0.6329113 -0.7498581 0.1927074 0.6469533 -0.7479459 -0.1484196 0.4885588 -0.7470094 -0.4508739 0.2001579 -0.7473092 -0.6336133 -0.1409747 -0.7487663 -0.647669 -0.4434196 -0.7509946 -0.4892712 0.5158495 -0.6539241 0.5534282 -0.626159 -0.7533739 -0.2008802 -0.6402001 -0.7552973 0.1402497 -0.4817996 -0.7562302 0.4427021 -0.1933969 -0.7559279 0.6254364 0.1477328 -0.7544682 0.6394943 0.4501734 -0.7522588 0.4810931 0.9525513 0.06121522 0.2981593 0.9738079 0.06411856 -0.2181445 0.7340633 0.06553035 -0.6759119 0.2975566 0.06507259 -0.952484 -0.2187433 0.06286799 -0.9737552 -0.6765089 0.05950707 -0.7340263 -0.9530749 0.05589061 -0.2975305 -0.9743377 0.05298751 0.218766 -0.7346003 0.0515756 0.6765371 -0.2980979 0.05203312 0.9531161 0.2182092 0.05423778 0.9743937 0.6759828 0.05759865 0.734663 -0.9544497 -0.002666532 -0.2983601 -0.6774061 9.56252e-4 -0.7356086 -0.9544496 -0.002666652 -0.2983604 -0.9757472 -0.005574882 0.2188296 -0.9757468 -0.005574762 0.2188313 -0.7355938 -0.0069893 0.6773868 -0.7355948 -0.006989359 0.6773858 -0.2983386 -0.006531059 0.9544378 -0.2983388 -0.006531 0.9544378 0.2188611 -0.004322707 0.9757465 0.1008464 0.07227748 0.9922732 0.677412 -9.56153e-4 0.7356032 0.4367092 0.7532469 0.4918376 0.9544495 0.002666592 0.298361 0.6131197 0.7645813 0.1987455 0.6270323 0.7664771 -0.1390804 0.9757483 0.005574822 -0.218825 0.4753537 0.7584528 -0.4458568 0.735594 0.006989359 -0.6773865 0.2983395 0.006531059 -0.9544375 0.1826435 0.08298206 -0.9796711 -0.2188556 0.004322767 -0.9757477 -0.2188554 0.004322767 -0.9757478 -0.6774125 9.56179e-4 -0.7356029 -0.7197524 -0.6552122 -0.2294635 -0.7358728 -0.6574198 0.1621435 -0.5540348 -0.6584906 0.5093484 -0.2229574 -0.658149 0.7191175 -0.006659984 -0.7057489 0.7084308 -0.1627769 -0.6499203 -0.7423661 0.05273288 -0.6974856 -0.7146559 -0.2039417 0.4512848 -0.8687635 0.4300538 -0.6933593 -0.5781926 0.01893401 -0.9995669 -0.02253139 0.6702392 -0.7386845 -0.07158648 0.0216701 -0.9997206 -0.009446561 0.6654317 -0.7464544 0.00256139 0.02128231 -0.9997735 -2.65826e-5 0.6641297 -0.7463003 0.0443592 0.6639046 -0.7381229 0.1200216 0.01747953 -0.9997655 0.01278877 0.3891373 -0.7036988 0.5944579 -0.2068582 0.4309756 0.8783335 -0.6487253 0.7583277 0.06398844 -0.6434587 0.7654705 -0.003979802 -0.6439545 0.7569173 -0.1113506 -0.6425779 0.7651132 -0.04117488 0.6624335 0.2422161 -0.7088817 0.8379032 0.4817417 -0.2565994 0.859215 0.5099207 -0.04160195 0.8525514 0.5092355 0.1176248 0.8133506 0.4792764 0.3297803 0.6063383 0.2433318 0.7570624 -0.5570853 0.5667764 0.6069766 -0.5042815 0.5655116 -0.6526079 -0.4445091 0.8675741 -0.2229951 -0.4619956 0.8859739 0.0401318 -0.4572607 0.8867515 -0.06770855 -0.4629358 0.864532 0.1956396 -0.5099768 -0.6524798 -0.56053 0.004493594 -0.9999752 -0.005437731</float_array>
          <technique_common>
            <accessor source="#Handle_Back_011-mesh-normals-array" count="146" stride="3">
              <param name="X" type="float"/>
              <param name="Y" type="float"/>
              <param name="Z" type="float"/>
            </accessor>
          </technique_common>
        </source>
        <vertices id="Handle_Back_011-mesh-vertices">
          <input semantic="POSITION" source="#Handle_Back_011-mesh-positions"/>
        </vertices>
        <triangles material="steel-material" count="264">
          <input semantic="VERTEX" source="#Handle_Back_011-mesh-vertices" offset="0"/>
          <input semantic="NORMAL" source="#Handle_Back_011-mesh-normals" offset="1"/>
          <p>24 0 0 1 1 2 24 0 1 2 2 3 24 0 2 3 3 4 24 0 3 4 4 5 24 0 4 5 5 6 24 0 5 6 6 7 24 0 6 7 7 8 24 0 7 8 8 9 24 0 8 9 9 10 24 0 9 10 10 11 24 0 10 11 11 12 11 12 0 1 24 0 0 1 13 13 1 2 1 2 14 14 2 3 2 3 15 15 3 4 3 4 16 16 4 5 4 5 17 17 5 6 5 6 18 18 6 7 6 7 19 19 7 8 7 8 20 20 8 9 8 9 21 21 9 10 9 10 22 22 10 11 10 11 23 23 11 12 12 24 11 12 23 23 13 13 25 25 26 26 14 14 26 26 27 27 14 14 28 28 15 15 15 15 29 29 16 16 16 16 30 30 17 17 17 17 31 31 18 18 19 19 31 31 32 32 20 20 32 32 33 33 20 20 34 34 21 21 21 21 35 35 22 22 22 22 36 36 23 23 12 24 36 36 25 25 25 25 50 37 26 26 37 38 50 37 49 39 50 37 27 27 26 26 38 40 51 41 50 37 27 27 52 42 28 28 39 43 52 42 51 41 52 42 29 29 28 28 40 44 53 45 52 42 53 45 30 30 29 29 41 46 54 47 53 45 54 47 31 31 30 30 42 48 55 49 54 47 55 49 32 32 31 31 55 49 44 50 56 51 32 32 57 52 33 33 56 51 45 53 57 52 57 52 34 34 33 33 57 52 46 54 58 55 58 55 35 35 34 34 58 55 47 56 59 57 35 35 60 58 36 36 59 57 48 59 60 58 36 36 49 39 25 25 48 59 49 39 60 58 37 38 62 60 38 40 39 43 62 60 63 61 39 43 64 62 40 44 40 44 65 63 41 46 42 48 65 63 66 64 42 48 67 65 43 66 43 66 68 67 44 50 44 50 69 68 45 53 45 53 70 69 46 54 46 54 71 70 47 56 47 56 72 71 48 59 37 38 72 71 61 72 61 72 73 73 62 60 62 60 75 74 63 61 63 61 76 75 64 62 64 62 77 76 65 63 65 63 78 77 66 64 67 65 78 77 79 78 67 65 80 79 68 67 69 68 80 79 81 80 70 69 81 80 82 81 71 70 82 81 83 82 72 71 83 82 84 83 61 72 84 83 74 84 86 85 97 86 98 87 86 85 99 88 87 89 88 90 99 88 100 91 88 90 101 92 89 93 90 94 101 92 102 95 91 96 102 95 103 97 92 98 103 97 104 99 92 98 105 100 93 101 93 101 106 102 94 103 95 104 106 102 107 105 95 104 108 106 96 107 85 108 108 106 97 86 97 86 110 109 98 87 99 88 110 109 111 110 100 91 111 110 112 111 101 92 112 111 113 112 101 92 114 113 102 95 107 105 120 114 108 106 120 114 97 86 108 106 119 115 127 116 121 117 118 118 121 117 122 119 117 120 122 119 123 121 116 122 123 121 124 123 116 122 125 124 115 125 115 125 126 126 114 113 114 113 132 127 102 95 106 102 127 116 107 105 105 100 128 128 106 102 104 99 129 129 105 100 104 99 131 130 130 131 103 97 132 127 131 130 127 116 133 132 121 117 122 119 133 132 135 133 123 121 135 133 136 134 123 121 137 135 124 123 124 123 138 136 125 124 125 124 139 137 126 126 132 127 139 137 140 138 128 128 134 139 127 116 129 129 141 140 128 128 129 129 143 141 142 142 130 131 144 143 143 141 131 130 140 138 144 143 144 143 139 137 138 136 143 141 138 136 137 135 142 142 137 135 136 134 135 133 142 142 136 134 133 132 141 140 135 133 110 109 109 144 145 145 111 110 110 109 145 145 112 111 111 110 145 145 113 112 112 111 145 145 114 113 113 112 145 145 115 125 114 113 145 145 116 122 115 125 145 145 117 120 116 122 145 145 118 118 117 120 145 145 119 115 118 118 145 145 120 114 119 115 145 145 109 144 120 114 145 145 0 1 12 24 13 13 1 2 13 13 14 14 2 3 14 14 15 15 3 4 15 15 16 16 4 5 16 16 17 17 5 6 17 17 18 18 6 7 18 18 19 19 7 8 19 19 20 20 8 9 20 20 21 21 9 10 21 21 22 22 10 11 22 22 23 23 12 24 0 1 11 12 13 13 12 24 25 25 14 14 13 13 26 26 14 14 27 27 28 28 15 15 28 28 29 29 16 16 29 29 30 30 17 17 30 30 31 31 19 19 18 18 31 31 20 20 19 19 32 32 20 20 33 33 34 34 21 21 34 34 35 35 22 22 35 35 36 36 12 24 23 23 36 36 25 25 49 39 50 37 37 38 38 40 50 37 50 37 51 41 27 27 38 40 39 43 51 41 27 27 51 41 52 42 39 43 40 44 52 42 52 42 53 45 29 29 40 44 41 46 53 45 53 45 54 47 30 30 41 46 42 48 54 47 54 47 55 49 31 31 42 48 43 66 55 49 55 49 56 51 32 32 55 49 43 66 44 50 32 32 56 51 57 52 56 51 44 50 45 53 57 52 58 55 34 34 57 52 45 53 46 54 58 55 59 57 35 35 58 55 46 54 47 56 35 35 59 57 60 58 59 57 47 56 48 59 36 36 60 58 49 39 48 59 37 38 49 39 37 38 61 72 62 60 39 43 38 40 62 60 39 43 63 61 64 62 40 44 64 62 65 63 42 48 41 46 65 63 42 48 66 64 67 65 43 66 67 65 68 67 44 50 68 67 69 68 45 53 69 68 70 69 46 54 70 69 71 70 47 56 71 70 72 71 37 38 48 59 72 71 61 72 74 84 73 73 62 60 73 73 75 74 63 61 75 74 76 75 64 62 76 75 77 76 65 63 77 76 78 77 67 65 66 64 78 77 67 65 79 78 80 79 69 68 68 67 80 79 70 69 69 68 81 80 71 70 70 69 82 81 72 71 71 70 83 82 61 72 72 71 84 83 86 85 85 108 97 86 86 85 98 87 99 88 88 90 87 89 99 88 88 90 100 91 101 92 90 94 89 93 101 92 91 96 90 94 102 95 92 98 91 96 103 97 92 98 104 99 105 100 93 101 105 100 106 102 95 104 94 103 106 102 95 104 107 105 108 106 85 108 96 107 108 106 97 86 109 144 110 109 99 88 98 87 110 109 100 91 99 88 111 110 101 92 100 91 112 111 101 92 113 112 114 113 107 105 119 115 120 114 120 114 109 144 97 86 119 115 107 105 127 116 118 118 119 115 121 117 117 120 118 118 122 119 116 122 117 120 123 121 116 122 124 123 125 124 115 125 125 124 126 126 114 113 126 126 132 127 106 102 128 128 127 116 105 100 129 129 128 128 104 99 130 131 129 129 104 99 103 97 131 130 103 97 102 95 132 127 127 116 134 139 133 132 122 119 121 117 133 132 123 121 122 119 135 133 123 121 136 134 137 135 124 123 137 135 138 136 125 124 138 136 139 137 132 127 126 126 139 137 128 128 141 140 134 139 129 129 142 142 141 140 129 129 130 131 143 141 130 131 131 130 144 143 131 130 132 127 140 138 144 143 140 138 139 137 143 141 144 143 138 136 142 142 143 141 137 135 135 133 141 140 142 142 133 132 134 139 141 140</p>
        </triangles>
      </mesh>
    </geometry>
    <geometry id="Handle_Front_011-mesh" name="Handle_Front.011">
      <mesh>
        <source id="Handle_Front_011-mesh-positions">
          <float_array id="Handle_Front_011-mesh-positions-array" count="438">-0.03019267 -0.002780556 -0.03281581 -0.04254585 -0.002942085 -0.01331907 -0.04349547 -0.003071784 0.009742319 -0.03278702 -0.003134846 0.03018921 -0.01328992 -0.003114402 0.04254281 0.009771585 -0.003015935 0.04349297 0.0302183 -0.00286585 0.03278511 0.04257148 -0.002704322 0.01328843 0.0435211 -0.002574622 -0.009772956 0.03281271 -0.00251156 -0.03021985 0.01331561 -0.002532005 -0.04257351 -0.009745895 -0.002630472 -0.04352366 -0.02902269 -0.01958918 -0.03171879 -0.0409283 -0.01974487 -0.01292848 -0.04184353 -0.01986986 0.009297311 -0.03152316 -0.01993066 0.02900338 -0.0127325 -0.01991099 0.0409094 0.00949347 -0.01981604 0.04182523 0.02919942 -0.01967138 0.03150534 0.04110503 -0.01951569 0.01271504 0.04202026 -0.0193907 -0.009510755 0.03169989 -0.0193299 -0.02921688 0.01290923 -0.01934963 -0.04112291 -0.009316742 -0.01944452 -0.04203867 1.28343e-5 -0.002823233 -1.53401e-5 -0.0144611 -0.01961213 -0.01590621 -0.02041143 -0.01968991 -0.006514966 -0.02086883 -0.01975238 0.004593312 -0.01571083 -0.01978278 0.01444226 -0.006319344 -0.01977294 0.02039283 0.004788994 -0.0197255 0.02085053 0.01463782 -0.0196532 0.01569271 0.02058821 -0.01957541 0.006301462 0.02104562 -0.01951295 -0.004806816 0.01588755 -0.01948255 -0.01465576 0.006496131 -0.01949238 -0.02060627 -0.004612207 -0.01953983 -0.02106404 -0.01440769 -0.03150087 -0.01597088 -0.02035802 -0.03157871 -0.006579577 -0.02081543 -0.03164118 0.004528701 -0.01565736 -0.03167152 0.01437765 -0.006265938 -0.03166168 0.02032816 0.0048424 -0.03161424 0.02078586 0.01469129 -0.03154194 0.01562809 0.02064162 -0.03146415 0.006236851 0.02109903 -0.03140169 -0.004871428 0.01594102 -0.03137129 -0.01472038 0.006549537 -0.03138113 -0.02067095 -0.004558801 -0.03142857 -0.02112865 -0.01445657 -0.02062267 -0.01591169 -0.0204069 -0.02070051 -0.00652045 -0.0208643 -0.02076297 0.004587829 -0.01570624 -0.02079331 0.01443678 -0.006314814 -0.02078348 0.02038735 0.004793524 -0.02073603 0.02084499 0.01464235 -0.02066373 0.01568722 0.02059274 -0.02058595 0.006295979 0.02105015 -0.02052348 -0.0048123 0.01589208 -0.02049309 -0.01466125 0.006500661 -0.02050292 -0.02061182 -0.004607677 -0.02055037 -0.02106952 -0.01216179 -0.03150403 -0.01353198 -0.01719361 -0.03156983 -0.005590379 -0.01758038 -0.03162264 0.003803133 -0.01321858 -0.03164833 0.01213181 -0.005276799 -0.03164005 0.01716381 0.004116773 -0.03159993 0.01755082 0.01244539 -0.03153878 0.01318919 0.01747721 -0.03147298 0.005247652 0.01786404 -0.03142017 -0.00414592 0.01350218 -0.03139448 -0.01247459 0.005560457 -0.03140282 -0.01750659 -0.003833174 -0.03144288 -0.01789361 -0.01852178 -0.009611725 -0.005855321 -0.0131331 -0.009541213 -0.01436018 -0.01893603 -0.00966829 0.004204452 -0.01426482 -0.009695768 0.01312381 -0.005759835 -0.009686887 0.01851272 0.004300057 -0.009643912 0.01892721 0.01321929 -0.009578406 0.01425623 0.01860803 -0.009507954 0.00575143 0.01902228 -0.009451389 -0.004308402 0.01435106 -0.009423911 -0.01322776 0.005846083 -0.009432792 -0.01861667 -0.004213809 -0.009475767 -0.01903116 -0.01205104 -0.02431207 -0.01333743 -0.01702433 -0.0243771 -0.005488216 -0.01740664 -0.02442932 0.003795981 -0.01309555 -0.02445471 0.01202768 -0.005246222 -0.02444648 0.01700115 0.004038035 -0.02440685 0.01738369 0.01226967 -0.02434641 0.01307284 0.01724296 -0.02428138 0.005223631 0.01762527 -0.02422916 -0.004060566 0.01331418 -0.02420377 -0.01229226 0.005464911 -0.024212 -0.01726573 -0.003819406 -0.02425163 -0.01764827 -0.01189309 -0.0594598 -0.01352852 -0.01686638 -0.05952483 -0.005679368 -0.01724869 -0.05957704 0.003604829 -0.0129376 -0.05960243 0.01183658 -0.005088269 -0.05959421 0.01680999 0.004195988 -0.05955457 0.01719254 0.01242762 -0.05949413 0.01288169 0.01740092 -0.0594291 0.005032539 0.01778322 -0.05937689 -0.004251718 0.01347213 -0.0593515 -0.01248341 0.005622863 -0.05935972 -0.01745688 -0.003661453 -0.05939936 -0.01783943 -0.01183503 -0.0723738 -0.01359879 -0.01680833 -0.07243883 -0.005749583 -0.01719063 -0.07249104 0.003534615 -0.01287955 -0.07251644 0.01176631 -0.005030274 -0.07250821 0.01673978 0.004254043 -0.07246857 0.01712232 0.01248568 -0.07240813 0.01281148 0.01745897 -0.07234311 0.004962265 0.01784127 -0.07229089 -0.004321932 0.01353019 -0.0722655 -0.01255363 0.005680859 -0.07227373 -0.0175271 -0.003603398 -0.07231336 -0.01790964 0.1257352 -0.06936496 -0.006631195 0.1268824 -0.06874352 -0.003520727 0.1273995 -0.06840461 0.001801967 0.127148 -0.06843894 0.007910847 0.1261951 -0.0688374 0.01316899 0.1247963 -0.06949311 0.0161674 0.1241861 -0.06165295 -0.006511032 0.1253334 -0.06103152 -0.003400564 0.1258505 -0.0606926 0.00192219 0.1255989 -0.06072694 0.00803107 0.1246461 -0.06112539 0.01328915 0.1232473 -0.06178116 0.01628756 0.1369404 -0.0198214 -0.006400227 0.1345047 -0.01898777 -0.006495833 0.1376608 -0.01831007 -0.003302335 0.1379315 -0.0174573 0.002013087 0.1376799 -0.01749163 0.008121967 0.1369736 -0.01840388 0.01338738 0.1360016 -0.01994961 0.01639837 0.1335659 -0.01911598 0.01630276 0.1352251 -0.01747643 -0.003397941 0.1354959 -0.01662367 0.001917481 0.1352443 -0.016658 0.008026361 0.1345379 -0.01757025 0.01329177 3.25309e-4 -0.07239097 -3.93676e-4</float_array>
          <technique_common>
            <accessor source="#Handle_Front_011-mesh-positions-array" count="146" stride="3">
              <param name="X" type="float"/>
              <param name="Y" type="float"/>
              <param name="Z" type="float"/>
            </accessor>
          </technique_common>
        </source>
        <source id="Handle_Front_011-mesh-normals">
          <float_array id="Handle_Front_011-mesh-normals-array" count="438">-0.004493653 0.9999752 0.005438029 -0.5358362 0.6178019 -0.5755001 -0.7538419 0.6149512 -0.2314248 -0.7705995 0.6126626 0.1755594 -0.5816184 0.6115495 0.5364022 -0.2375364 0.6119102 0.7544153 0.1694505 0.6136481 0.7711825 0.5302903 0.6162973 0.5822113 0.7482958 0.6191483 0.2381361 0.7650539 0.6214362 -0.1688477 0.5760729 0.6225496 -0.5296905 0.2319911 0.6221889 -0.7477039 -0.1749963 0.620451 -0.7644716 -0.6892217 -0.6902905 -0.2201648 -0.7046692 -0.692403 0.1549823 -0.5304775 -0.6934257 0.4876009 -0.2133129 -0.6930935 0.6885631 0.1618375 -0.6914916 0.7040228 0.4944548 -0.6890464 0.5298392 0.6954089 -0.6864213 0.2126787 0.7108559 -0.6843157 -0.1624685 0.5366644 -0.6832863 -0.495087 0.2195001 -0.6836187 -0.6960497 -0.1556514 -0.6852172 -0.7115125 -0.4882664 -0.6876626 -0.5373233 -0.4285731 -0.7695947 -0.4733384 -0.6052575 -0.7719089 -0.1944735 -0.6188499 -0.7737557 0.1353774 -0.4656794 -0.7746641 0.4278297 -0.1868124 -0.7743698 0.6045267 0.1430408 -0.7729614 0.6181182 0.4354915 -0.7708169 0.4649609 0.612187 -0.7685012 0.1860996 0.6257663 -0.7666496 -0.1437532 0.4726051 -0.7657466 -0.4362071 0.1937355 -0.7660364 -0.6129069 -0.1361199 -0.7674494 -0.6264924 -0.9544485 -0.002669155 -0.298364 -0.5099913 -0.6524621 -0.5605374 -0.6774049 9.56125e-4 -0.7356098 -0.7197539 -0.6552125 -0.229458 -0.9757478 -0.005573868 0.2188274 -0.7355961 -0.006988823 0.6773844 -0.7358829 -0.6574072 0.1621487 -0.5540381 -0.6584822 0.5093556 -0.2983413 -0.006530523 0.954437 -0.2229545 -0.6581384 0.7191281 0.2188533 -0.004322171 0.9757482 0.1686549 -0.6564594 0.7352665 0.6774088 -9.56768e-4 0.7356062 0.7256242 -0.6511703 0.2223667 0.9544506 0.002667725 0.2983575 0.9757462 0.005574584 -0.2188344 0.741753 -0.6489685 -0.1692411 0.5599171 -0.6478972 -0.5164515 0.7355909 0.006990253 -0.6773899 0.2288375 -0.6482444 -0.7262318 0.2983362 0.006531596 -0.9544386 -0.2188545 0.004322946 -0.975748 -0.162779 -0.6499098 -0.7423747 0.6329113 -0.7498581 0.1927074 0.6469533 -0.7479459 -0.1484196 0.4885588 -0.7470094 -0.4508739 0.2001579 -0.7473092 -0.6336133 -0.1409747 -0.7487663 -0.647669 -0.4434196 -0.7509946 -0.4892712 0.5158495 -0.6539241 0.5534282 -0.626159 -0.7533739 -0.2008802 -0.6402001 -0.7552973 0.1402497 -0.4817996 -0.7562302 0.4427021 -0.1933969 -0.7559279 0.6254364 0.1477328 -0.7544682 0.6394943 0.4501734 -0.7522588 0.4810931 0.9525513 0.06121522 0.2981593 0.9738079 0.06411856 -0.2181445 0.7340633 0.06553035 -0.6759119 0.2975566 0.06507259 -0.952484 -0.2187433 0.06286799 -0.9737552 -0.6765089 0.05950707 -0.7340263 -0.9530749 0.05589061 -0.2975305 -0.9743377 0.05298751 0.218766 -0.7346003 0.0515756 0.6765371 -0.2980979 0.05203312 0.9531161 0.2182092 0.05423778 0.9743937 0.6759828 0.05759865 0.734663 -0.9544497 -0.002666532 -0.2983601 -0.6774061 9.56252e-4 -0.7356086 -0.9544496 -0.002666652 -0.2983604 -0.9757472 -0.005574882 0.2188296 -0.9757468 -0.005574762 0.2188313 -0.7355938 -0.0069893 0.6773868 -0.7355948 -0.006989359 0.6773858 -0.2983386 -0.006531059 0.9544378 -0.2983388 -0.006531 0.9544378 0.2188611 -0.004322707 0.9757465 0.1008464 0.07227748 0.9922732 0.677412 -9.56153e-4 0.7356032 0.4367092 0.7532469 0.4918376 0.9544495 0.002666592 0.298361 0.6131197 0.7645813 0.1987455 0.6270323 0.7664771 -0.1390804 0.9757483 0.005574822 -0.218825 0.4753537 0.7584528 -0.4458568 0.735594 0.006989359 -0.6773865 0.2983395 0.006531059 -0.9544375 0.1826435 0.08298206 -0.9796711 -0.2188556 0.004322767 -0.9757477 -0.2188554 0.004322767 -0.9757478 -0.6774125 9.56179e-4 -0.7356029 -0.7197524 -0.6552122 -0.2294635 -0.7358728 -0.6574198 0.1621435 -0.5540348 -0.6584906 0.5093484 -0.2229574 -0.658149 0.7191175 -0.006659984 -0.7057489 0.7084308 -0.1627769 -0.6499203 -0.7423661 0.05273288 -0.6974856 -0.7146559 -0.2039417 0.4512848 -0.8687635 0.4300538 -0.6933593 -0.5781926 0.01893401 -0.9995669 -0.02253139 0.6702392 -0.7386845 -0.07158648 0.0216701 -0.9997206 -0.009446561 0.6654317 -0.7464544 0.00256139 0.02128231 -0.9997735 -2.65826e-5 0.6641297 -0.7463003 0.0443592 0.6639046 -0.7381229 0.1200216 0.01747953 -0.9997655 0.01278877 0.3891373 -0.7036988 0.5944579 -0.2068582 0.4309756 0.8783335 -0.6487253 0.7583277 0.06398844 -0.6434587 0.7654705 -0.003979802 -0.6439545 0.7569173 -0.1113506 -0.6425779 0.7651132 -0.04117488 0.6624335 0.2422161 -0.7088817 0.8379032 0.4817417 -0.2565994 0.859215 0.5099207 -0.04160195 0.8525514 0.5092355 0.1176248 0.8133506 0.4792764 0.3297803 0.6063383 0.2433318 0.7570624 -0.5570853 0.5667764 0.6069766 -0.5042815 0.5655116 -0.6526079 -0.4445091 0.8675741 -0.2229951 -0.4619956 0.8859739 0.0401318 -0.4572607 0.8867515 -0.06770855 -0.4629358 0.864532 0.1956396 -0.5099768 -0.6524798 -0.56053 0.004493594 -0.9999752 -0.005437731</float_array>
          <technique_common>
            <accessor source="#Handle_Front_011-mesh-normals-array" count="146" stride="3">
              <param name="X" type="float"/>
              <param name="Y" type="float"/>
              <param name="Z" type="float"/>
            </accessor>
          </technique_common>
        </source>
        <vertices id="Handle_Front_011-mesh-vertices">
          <input semantic="POSITION" source="#Handle_Front_011-mesh-positions"/>
        </vertices>
        <triangles material="steel-material" count="264">
          <input semantic="VERTEX" source="#Handle_Front_011-mesh-vertices" offset="0"/>
          <input semantic="NORMAL" source="#Handle_Front_011-mesh-normals" offset="1"/>
          <p>24 0 0 1 1 2 24 0 1 2 2 3 24 0 2 3 3 4 24 0 3 4 4 5 24 0 4 5 5 6 24 0 5 6 6 7 24 0 6 7 7 8 24 0 7 8 8 9 24 0 8 9 9 10 24 0 9 10 10 11 24 0 10 11 11 12 11 12 0 1 24 0 0 1 13 13 1 2 1 2 14 14 2 3 2 3 15 15 3 4 3 4 16 16 4 5 4 5 17 17 5 6 5 6 18 18 6 7 6 7 19 19 7 8 7 8 20 20 8 9 8 9 21 21 9 10 9 10 22 22 10 11 10 11 23 23 11 12 12 24 11 12 23 23 13 13 25 25 26 26 14 14 26 26 27 27 14 14 28 28 15 15 15 15 29 29 16 16 16 16 30 30 17 17 17 17 31 31 18 18 19 19 31 31 32 32 20 20 32 32 33 33 20 20 34 34 21 21 21 21 35 35 22 22 22 22 36 36 23 23 12 24 36 36 25 25 25 25 50 37 26 26 37 38 50 37 49 39 50 37 27 27 26 26 38 40 51 41 50 37 27 27 52 42 28 28 39 43 52 42 51 41 52 42 29 29 28 28 40 44 53 45 52 42 53 45 30 30 29 29 41 46 54 47 53 45 54 47 31 31 30 30 42 48 55 49 54 47 55 49 32 32 31 31 55 49 44 50 56 51 32 32 57 52 33 33 56 51 45 53 57 52 57 52 34 34 33 33 57 52 46 54 58 55 58 55 35 35 34 34 58 55 47 56 59 57 35 35 60 58 36 36 59 57 48 59 60 58 36 36 49 39 25 25 48 59 49 39 60 58 37 38 62 60 38 40 39 43 62 60 63 61 39 43 64 62 40 44 40 44 65 63 41 46 42 48 65 63 66 64 42 48 67 65 43 66 43 66 68 67 44 50 44 50 69 68 45 53 45 53 70 69 46 54 46 54 71 70 47 56 47 56 72 71 48 59 37 38 72 71 61 72 61 72 73 73 62 60 62 60 75 74 63 61 63 61 76 75 64 62 64 62 77 76 65 63 65 63 78 77 66 64 67 65 78 77 79 78 67 65 80 79 68 67 69 68 80 79 81 80 70 69 81 80 82 81 71 70 82 81 83 82 72 71 83 82 84 83 61 72 84 83 74 84 86 85 97 86 98 87 86 85 99 88 87 89 88 90 99 88 100 91 88 90 101 92 89 93 90 94 101 92 102 95 91 96 102 95 103 97 92 98 103 97 104 99 92 98 105 100 93 101 93 101 106 102 94 103 95 104 106 102 107 105 95 104 108 106 96 107 85 108 108 106 97 86 97 86 110 109 98 87 99 88 110 109 111 110 100 91 111 110 112 111 101 92 112 111 113 112 101 92 114 113 102 95 107 105 120 114 108 106 120 114 97 86 108 106 119 115 127 116 121 117 118 118 121 117 122 119 117 120 122 119 123 121 116 122 123 121 124 123 116 122 125 124 115 125 115 125 126 126 114 113 114 113 132 127 102 95 106 102 127 116 107 105 105 100 128 128 106 102 104 99 129 129 105 100 104 99 131 130 130 131 103 97 132 127 131 130 127 116 133 132 121 117 122 119 133 132 135 133 123 121 135 133 136 134 123 121 137 135 124 123 124 123 138 136 125 124 125 124 139 137 126 126 132 127 139 137 140 138 128 128 134 139 127 116 129 129 141 140 128 128 129 129 143 141 142 142 130 131 144 143 143 141 131 130 140 138 144 143 144 143 139 137 138 136 143 141 138 136 137 135 142 142 137 135 136 134 135 133 142 142 136 134 133 132 141 140 135 133 110 109 109 144 145 145 111 110 110 109 145 145 112 111 111 110 145 145 113 112 112 111 145 145 114 113 113 112 145 145 115 125 114 113 145 145 116 122 115 125 145 145 117 120 116 122 145 145 118 118 117 120 145 145 119 115 118 118 145 145 120 114 119 115 145 145 109 144 120 114 145 145 0 1 12 24 13 13 1 2 13 13 14 14 2 3 14 14 15 15 3 4 15 15 16 16 4 5 16 16 17 17 5 6 17 17 18 18 6 7 18 18 19 19 7 8 19 19 20 20 8 9 20 20 21 21 9 10 21 21 22 22 10 11 22 22 23 23 12 24 0 1 11 12 13 13 12 24 25 25 14 14 13 13 26 26 14 14 27 27 28 28 15 15 28 28 29 29 16 16 29 29 30 30 17 17 30 30 31 31 19 19 18 18 31 31 20 20 19 19 32 32 20 20 33 33 34 34 21 21 34 34 35 35 22 22 35 35 36 36 12 24 23 23 36 36 25 25 49 39 50 37 37 38 38 40 50 37 50 37 51 41 27 27 38 40 39 43 51 41 27 27 51 41 52 42 39 43 40 44 52 42 52 42 53 45 29 29 40 44 41 46 53 45 53 45 54 47 30 30 41 46 42 48 54 47 54 47 55 49 31 31 42 48 43 66 55 49 55 49 56 51 32 32 55 49 43 66 44 50 32 32 56 51 57 52 56 51 44 50 45 53 57 52 58 55 34 34 57 52 45 53 46 54 58 55 59 57 35 35 58 55 46 54 47 56 35 35 59 57 60 58 59 57 47 56 48 59 36 36 60 58 49 39 48 59 37 38 49 39 37 38 61 72 62 60 39 43 38 40 62 60 39 43 63 61 64 62 40 44 64 62 65 63 42 48 41 46 65 63 42 48 66 64 67 65 43 66 67 65 68 67 44 50 68 67 69 68 45 53 69 68 70 69 46 54 70 69 71 70 47 56 71 70 72 71 37 38 48 59 72 71 61 72 74 84 73 73 62 60 73 73 75 74 63 61 75 74 76 75 64 62 76 75 77 76 65 63 77 76 78 77 67 65 66 64 78 77 67 65 79 78 80 79 69 68 68 67 80 79 70 69 69 68 81 80 71 70 70 69 82 81 72 71 71 70 83 82 61 72 72 71 84 83 86 85 85 108 97 86 86 85 98 87 99 88 88 90 87 89 99 88 88 90 100 91 101 92 90 94 89 93 101 92 91 96 90 94 102 95 92 98 91 96 103 97 92 98 104 99 105 100 93 101 105 100 106 102 95 104 94 103 106 102 95 104 107 105 108 106 85 108 96 107 108 106 97 86 109 144 110 109 99 88 98 87 110 109 100 91 99 88 111 110 101 92 100 91 112 111 101 92 113 112 114 113 107 105 119 115 120 114 120 114 109 144 97 86 119 115 107 105 127 116 118 118 119 115 121 117 117 120 118 118 122 119 116 122 117 120 123 121 116 122 124 123 125 124 115 125 125 124 126 126 114 113 126 126 132 127 106 102 128 128 127 116 105 100 129 129 128 128 104 99 130 131 129 129 104 99 103 97 131 130 103 97 102 95 132 127 127 116 134 139 133 132 122 119 121 117 133 132 123 121 122 119 135 133 123 121 136 134 137 135 124 123 137 135 138 136 125 124 138 136 139 137 132 127 126 126 139 137 128 128 141 140 134 139 129 129 142 142 141 140 129 129 130 131 143 141 130 131 131 130 144 143 131 130 132 127 140 138 144 143 140 138 139 137 143 141 144 143 138 136 142 142 143 141 137 135 135 133 141 140 142 142 133 132 134 139 141 140</p>
        </triangles>
      </mesh>
    </geometry>
    <geometry id="Door_011-mesh" name="Door.011">
      <mesh>
        <source id="Door_011-mesh-positions">
          <float_array id="Door_011-mesh-positions-array" count="24">-0.926 0 -1.046 -0.926 0.04899996 -1.046 0 0.04899996 -1.046 0 0 -1.046 -0.926 0 0.994 -0.926 0.04899996 0.994 0 0.04899996 0.994 0 0 0.994</float_array>
          <technique_common>
            <accessor source="#Door_011-mesh-positions-array" count="8" stride="3">
              <param name="X" type="float"/>
              <param name="Y" type="float"/>
              <param name="Z" type="float"/>
            </accessor>
          </technique_common>
        </source>
        <source id="Door_011-mesh-normals">
          <float_array id="Door_011-mesh-normals-array" count="36">-1 0 0 0 1 0 1 0 0 0 -1 0 0 0 -1 0 0 1 -1 0 0 0 1 0 1 0 0 0 -1 0 0 0 -1 0 0 1</float_array>
          <technique_common>
            <accessor source="#Door_011-mesh-normals-array" count="12" stride="3">
              <param name="X" type="float"/>
              <param name="Y" type="float"/>
              <param name="Z" type="float"/>
            </accessor>
          </technique_common>
        </source>
        <vertices id="Door_011-mesh-vertices">
          <input semantic="POSITION" source="#Door_011-mesh-positions"/>
        </vertices>
        <triangles material="fine_grained_wood-material" count="12">
          <input semantic="VERTEX" source="#Door_011-mesh-vertices" offset="0"/>
          <input semantic="NORMAL" source="#Door_011-mesh-normals" offset="1"/>
          <p>5 0 0 0 4 0 6 1 1 1 5 1 7 2 2 2 6 2 4 3 3 3 7 3 1 4 3 4 0 4 6 5 4 5 7 5 5 6 1 6 0 6 6 7 2 7 1 7 7 8 3 8 2 8 4 9 0 9 3 9 1 10 2 10 3 10 6 11 5 11 4 11</p>
        </triangles>
      </mesh>
    </geometry>
    <geometry id="DoorFrane_016-mesh" name="DoorFrane.016">
      <mesh>
        <source id="DoorFrane_016-mesh-positions">
          <float_array id="DoorFrane_016-mesh-positions-array" count="96">-0.515 -0.03666663 0 -0.515 0.07333332 0 -0.465 0.07333332 0 -0.515 -0.03666663 2.1 -0.515 0.07333332 2.1 0.515 0.07333332 2.1 0.515 -0.03666663 2.1 0.465 -0.03666663 2.05 -0.465 0.07333332 2.05 0.465 -0.03666663 0 0.515 -0.03666663 0 0.515 0.07333332 0 0.465 0.01833331 2.05 -0.465 0.01833331 2.05 -0.465 0.01833331 0 -0.445 0.01833331 2.05 -0.445 0.01833331 0 -0.445 0.07333332 2.05 -0.445 0.07333332 0 0.465 0.01833331 0 -0.465 -0.03666663 2.05 -0.465 -0.03666663 0 0.465 0.07333332 2.05 0.465 0.07333332 0 0.445 0.07333332 0 0.445 0.01833331 0 0.445 0.07333332 2.05 0.445 0.01833331 2.03 0.445 0.01833331 2.05 -0.445 0.07333332 2.03 -0.445 0.01833331 2.03 0.445 0.07333332 2.03</float_array>
          <technique_common>
            <accessor source="#DoorFrane_016-mesh-positions-array" count="32" stride="3">
              <param name="X" type="float"/>
              <param name="Y" type="float"/>
              <param name="Z" type="float"/>
            </accessor>
          </technique_common>
        </source>
        <source id="DoorFrane_016-mesh-normals">
          <float_array id="DoorFrane_016-mesh-normals-array" count="141">-1 0 0 -1 0 0 0 0 1 1 0 0 1 0 0 1 0 0 0 1 0 0 0 -1 0 -1 0 0 -1 0 0 -1 0 0 1 0 0 0 -1 0 -1 0 0 1 0 0 0 -1 0 1 0 0 -1 0 -1 0 0 0 0 -1 0 1 0 0 1 0 0 -1 0 0 0 1 -1 0 0 -1 0 0 0 0 1 1 0 0 1 0 0 1 0 0 0 1 0 0 0 -1 0 -1 0 0 -1 0 0 -1 0 0 1 0 0 0 -1 0 -1 0 0 1 0 0 0 -1 0 1 0 0 -1 0 -1 0 0 0 0 -1 0 1 0 0 1 0 0 -1 0</float_array>
          <technique_common>
            <accessor source="#DoorFrane_016-mesh-normals-array" count="47" stride="3">
              <param name="X" type="float"/>
              <param name="Y" type="float"/>
              <param name="Z" type="float"/>
            </accessor>
          </technique_common>
        </source>
        <vertices id="DoorFrane_016-mesh-vertices">
          <input semantic="POSITION" source="#DoorFrane_016-mesh-positions"/>
        </vertices>
        <triangles material="Plastic-material" count="47">
          <input semantic="VERTEX" source="#DoorFrane_016-mesh-vertices" offset="0"/>
          <input semantic="NORMAL" source="#DoorFrane_016-mesh-normals" offset="1"/>
          <p>4 0 0 0 3 0 12 1 9 1 7 1 3 2 5 2 4 2 11 3 6 3 10 3 20 4 14 4 13 4 15 5 18 5 17 5 11 6 22 6 5 6 13 7 7 7 20 7 20 8 0 8 21 8 10 9 7 9 9 9 14 10 15 10 13 10 8 11 1 11 4 11 31 12 30 12 29 12 6 13 20 13 7 13 4 14 22 14 8 14 2 15 16 15 14 15 18 16 8 16 17 16 25 17 12 17 28 17 26 18 25 18 28 18 24 19 19 19 25 19 23 20 26 20 22 20 17 21 31 21 29 21 30 22 28 22 15 22 8 23 22 23 26 23 4 24 1 24 0 24 12 25 19 25 9 25 3 26 6 26 5 26 11 27 5 27 6 27 20 28 21 28 14 28 15 29 16 29 18 29 11 30 23 30 22 30 13 31 12 31 7 31 20 32 3 32 0 32 10 33 6 33 7 33 14 34 16 34 15 34 8 35 2 35 1 35 31 36 27 36 30 36 6 37 3 37 20 37 4 38 5 38 22 38 2 39 18 39 16 39 18 40 2 40 8 40 25 41 19 41 12 41 26 42 24 42 25 42 24 43 23 43 19 43 23 44 24 44 26 44 17 45 26 45 31 45 30 46 27 46 28 46</p>
        </triangles>
      </mesh>
    </geometry>
    <geometry id="Handle_Back_005-mesh" name="Handle_Back.005">
      <mesh>
        <source id="Handle_Back_005-mesh-positions">
          <float_array id="Handle_Back_005-mesh-positions-array" count="438">-0.03019267 -0.002780556 -0.03281581 -0.04254585 -0.002942085 -0.01331907 -0.04349547 -0.003071784 0.009742319 -0.03278702 -0.003134846 0.03018921 -0.01328992 -0.003114402 0.04254281 0.009771585 -0.003015935 0.04349297 0.0302183 -0.00286585 0.03278511 0.04257148 -0.002704322 0.01328843 0.0435211 -0.002574622 -0.009772956 0.03281271 -0.00251156 -0.03021985 0.01331561 -0.002532005 -0.04257351 -0.009745895 -0.002630472 -0.04352366 -0.02902269 -0.01958918 -0.03171879 -0.0409283 -0.01974487 -0.01292848 -0.04184353 -0.01986986 0.009297311 -0.03152316 -0.01993066 0.02900338 -0.0127325 -0.01991099 0.0409094 0.00949347 -0.01981604 0.04182523 0.02919942 -0.01967138 0.03150534 0.04110503 -0.01951569 0.01271504 0.04202026 -0.0193907 -0.009510755 0.03169989 -0.0193299 -0.02921688 0.01290923 -0.01934963 -0.04112291 -0.009316742 -0.01944452 -0.04203867 1.28343e-5 -0.002823233 -1.53401e-5 -0.0144611 -0.01961213 -0.01590621 -0.02041143 -0.01968991 -0.006514966 -0.02086883 -0.01975238 0.004593312 -0.01571083 -0.01978278 0.01444226 -0.006319344 -0.01977294 0.02039283 0.004788994 -0.0197255 0.02085053 0.01463782 -0.0196532 0.01569271 0.02058821 -0.01957541 0.006301462 0.02104562 -0.01951295 -0.004806816 0.01588755 -0.01948255 -0.01465576 0.006496131 -0.01949238 -0.02060627 -0.004612207 -0.01953983 -0.02106404 -0.01440769 -0.03150087 -0.01597088 -0.02035802 -0.03157871 -0.006579577 -0.02081543 -0.03164118 0.004528701 -0.01565736 -0.03167152 0.01437765 -0.006265938 -0.03166168 0.02032816 0.0048424 -0.03161424 0.02078586 0.01469129 -0.03154194 0.01562809 0.02064162 -0.03146415 0.006236851 0.02109903 -0.03140169 -0.004871428 0.01594102 -0.03137129 -0.01472038 0.006549537 -0.03138113 -0.02067095 -0.004558801 -0.03142857 -0.02112865 -0.01445657 -0.02062267 -0.01591169 -0.0204069 -0.02070051 -0.00652045 -0.0208643 -0.02076297 0.004587829 -0.01570624 -0.02079331 0.01443678 -0.006314814 -0.02078348 0.02038735 0.004793524 -0.02073603 0.02084499 0.01464235 -0.02066373 0.01568722 0.02059274 -0.02058595 0.006295979 0.02105015 -0.02052348 -0.0048123 0.01589208 -0.02049309 -0.01466125 0.006500661 -0.02050292 -0.02061182 -0.004607677 -0.02055037 -0.02106952 -0.01216179 -0.03150403 -0.01353198 -0.01719361 -0.03156983 -0.005590379 -0.01758038 -0.03162264 0.003803133 -0.01321858 -0.03164833 0.01213181 -0.005276799 -0.03164005 0.01716381 0.004116773 -0.03159993 0.01755082 0.01244539 -0.03153878 0.01318919 0.01747721 -0.03147298 0.005247652 0.01786404 -0.03142017 -0.00414592 0.01350218 -0.03139448 -0.01247459 0.005560457 -0.03140282 -0.01750659 -0.003833174 -0.03144288 -0.01789361 -0.01852178 -0.009611725 -0.005855321 -0.0131331 -0.009541213 -0.01436018 -0.01893603 -0.00966829 0.004204452 -0.01426482 -0.009695768 0.01312381 -0.005759835 -0.009686887 0.01851272 0.004300057 -0.009643912 0.01892721 0.01321929 -0.009578406 0.01425623 0.01860803 -0.009507954 0.00575143 0.01902228 -0.009451389 -0.004308402 0.01435106 -0.009423911 -0.01322776 0.005846083 -0.009432792 -0.01861667 -0.004213809 -0.009475767 -0.01903116 -0.01205104 -0.02431207 -0.01333743 -0.01702433 -0.0243771 -0.005488216 -0.01740664 -0.02442932 0.003795981 -0.01309555 -0.02445471 0.01202768 -0.005246222 -0.02444648 0.01700115 0.004038035 -0.02440685 0.01738369 0.01226967 -0.02434641 0.01307284 0.01724296 -0.02428138 0.005223631 0.01762527 -0.02422916 -0.004060566 0.01331418 -0.02420377 -0.01229226 0.005464911 -0.024212 -0.01726573 -0.003819406 -0.02425163 -0.01764827 -0.01189309 -0.0594598 -0.01352852 -0.01686638 -0.05952483 -0.005679368 -0.01724869 -0.05957704 0.003604829 -0.0129376 -0.05960243 0.01183658 -0.005088269 -0.05959421 0.01680999 0.004195988 -0.05955457 0.01719254 0.01242762 -0.05949413 0.01288169 0.01740092 -0.0594291 0.005032539 0.01778322 -0.05937689 -0.004251718 0.01347213 -0.0593515 -0.01248341 0.005622863 -0.05935972 -0.01745688 -0.003661453 -0.05939936 -0.01783943 -0.01183503 -0.0723738 -0.01359879 -0.01680833 -0.07243883 -0.005749583 -0.01719063 -0.07249104 0.003534615 -0.01287955 -0.07251644 0.01176631 -0.005030274 -0.07250821 0.01673978 0.004254043 -0.07246857 0.01712232 0.01248568 -0.07240813 0.01281148 0.01745897 -0.07234311 0.004962265 0.01784127 -0.07229089 -0.004321932 0.01353019 -0.0722655 -0.01255363 0.005680859 -0.07227373 -0.0175271 -0.003603398 -0.07231336 -0.01790964 0.1257352 -0.06936496 -0.006631195 0.1268824 -0.06874352 -0.003520727 0.1273995 -0.06840461 0.001801967 0.127148 -0.06843894 0.007910847 0.1261951 -0.0688374 0.01316899 0.1247963 -0.06949311 0.0161674 0.1241861 -0.06165295 -0.006511032 0.1253334 -0.06103152 -0.003400564 0.1258505 -0.0606926 0.00192219 0.1255989 -0.06072694 0.00803107 0.1246461 -0.06112539 0.01328915 0.1232473 -0.06178116 0.01628756 0.1369404 -0.0198214 -0.006400227 0.1345047 -0.01898777 -0.006495833 0.1376608 -0.01831007 -0.003302335 0.1379315 -0.0174573 0.002013087 0.1376799 -0.01749163 0.008121967 0.1369736 -0.01840388 0.01338738 0.1360016 -0.01994961 0.01639837 0.1335659 -0.01911598 0.01630276 0.1352251 -0.01747643 -0.003397941 0.1354959 -0.01662367 0.001917481 0.1352443 -0.016658 0.008026361 0.1345379 -0.01757025 0.01329177 3.25309e-4 -0.07239097 -3.93676e-4</float_array>
          <technique_common>
            <accessor source="#Handle_Back_005-mesh-positions-array" count="146" stride="3">
              <param name="X" type="float"/>
              <param name="Y" type="float"/>
              <param name="Z" type="float"/>
            </accessor>
          </technique_common>
        </source>
        <source id="Handle_Back_005-mesh-normals">
          <float_array id="Handle_Back_005-mesh-normals-array" count="438">-0.004493653 0.9999752 0.005438029 -0.5358362 0.6178019 -0.5755001 -0.7538419 0.6149512 -0.2314248 -0.7705995 0.6126626 0.1755594 -0.5816184 0.6115495 0.5364022 -0.2375364 0.6119102 0.7544153 0.1694505 0.6136481 0.7711825 0.5302903 0.6162973 0.5822113 0.7482958 0.6191483 0.2381361 0.7650539 0.6214362 -0.1688477 0.5760729 0.6225496 -0.5296905 0.2319911 0.6221889 -0.7477039 -0.1749963 0.620451 -0.7644716 -0.6892217 -0.6902905 -0.2201648 -0.7046692 -0.692403 0.1549823 -0.5304775 -0.6934257 0.4876009 -0.2133129 -0.6930935 0.6885631 0.1618375 -0.6914916 0.7040228 0.4944548 -0.6890464 0.5298392 0.6954089 -0.6864213 0.2126787 0.7108559 -0.6843157 -0.1624685 0.5366644 -0.6832863 -0.495087 0.2195001 -0.6836187 -0.6960497 -0.1556514 -0.6852172 -0.7115125 -0.4882664 -0.6876626 -0.5373233 -0.4285731 -0.7695947 -0.4733384 -0.6052575 -0.7719089 -0.1944735 -0.6188499 -0.7737557 0.1353774 -0.4656794 -0.7746641 0.4278297 -0.1868124 -0.7743698 0.6045267 0.1430408 -0.7729614 0.6181182 0.4354915 -0.7708169 0.4649609 0.612187 -0.7685012 0.1860996 0.6257663 -0.7666496 -0.1437532 0.4726051 -0.7657466 -0.4362071 0.1937355 -0.7660364 -0.6129069 -0.1361199 -0.7674494 -0.6264924 -0.9544485 -0.002669155 -0.298364 -0.5099913 -0.6524621 -0.5605374 -0.6774049 9.56125e-4 -0.7356098 -0.7197539 -0.6552125 -0.229458 -0.9757478 -0.005573868 0.2188274 -0.7355961 -0.006988823 0.6773844 -0.7358829 -0.6574072 0.1621487 -0.5540381 -0.6584822 0.5093556 -0.2983413 -0.006530523 0.954437 -0.2229545 -0.6581384 0.7191281 0.2188533 -0.004322171 0.9757482 0.1686549 -0.6564594 0.7352665 0.6774088 -9.56768e-4 0.7356062 0.7256242 -0.6511703 0.2223667 0.9544506 0.002667725 0.2983575 0.9757462 0.005574584 -0.2188344 0.741753 -0.6489685 -0.1692411 0.5599171 -0.6478972 -0.5164515 0.7355909 0.006990253 -0.6773899 0.2288375 -0.6482444 -0.7262318 0.2983362 0.006531596 -0.9544386 -0.2188545 0.004322946 -0.975748 -0.162779 -0.6499098 -0.7423747 0.6329113 -0.7498581 0.1927074 0.6469533 -0.7479459 -0.1484196 0.4885588 -0.7470094 -0.4508739 0.2001579 -0.7473092 -0.6336133 -0.1409747 -0.7487663 -0.647669 -0.4434196 -0.7509946 -0.4892712 0.5158495 -0.6539241 0.5534282 -0.626159 -0.7533739 -0.2008802 -0.6402001 -0.7552973 0.1402497 -0.4817996 -0.7562302 0.4427021 -0.1933969 -0.7559279 0.6254364 0.1477328 -0.7544682 0.6394943 0.4501734 -0.7522588 0.4810931 0.9525513 0.06121522 0.2981593 0.9738079 0.06411856 -0.2181445 0.7340633 0.06553035 -0.6759119 0.2975566 0.06507259 -0.952484 -0.2187433 0.06286799 -0.9737552 -0.6765089 0.05950707 -0.7340263 -0.9530749 0.05589061 -0.2975305 -0.9743377 0.05298751 0.218766 -0.7346003 0.0515756 0.6765371 -0.2980979 0.05203312 0.9531161 0.2182092 0.05423778 0.9743937 0.6759828 0.05759865 0.734663 -0.9544497 -0.002666532 -0.2983601 -0.6774061 9.56252e-4 -0.7356086 -0.9544496 -0.002666652 -0.2983604 -0.9757472 -0.005574882 0.2188296 -0.9757468 -0.005574762 0.2188313 -0.7355938 -0.0069893 0.6773868 -0.7355948 -0.006989359 0.6773858 -0.2983386 -0.006531059 0.9544378 -0.2983388 -0.006531 0.9544378 0.2188611 -0.004322707 0.9757465 0.1008464 0.07227748 0.9922732 0.677412 -9.56153e-4 0.7356032 0.4367092 0.7532469 0.4918376 0.9544495 0.002666592 0.298361 0.6131197 0.7645813 0.1987455 0.6270323 0.7664771 -0.1390804 0.9757483 0.005574822 -0.218825 0.4753537 0.7584528 -0.4458568 0.735594 0.006989359 -0.6773865 0.2983395 0.006531059 -0.9544375 0.1826435 0.08298206 -0.9796711 -0.2188556 0.004322767 -0.9757477 -0.2188554 0.004322767 -0.9757478 -0.6774125 9.56179e-4 -0.7356029 -0.7197524 -0.6552122 -0.2294635 -0.7358728 -0.6574198 0.1621435 -0.5540348 -0.6584906 0.5093484 -0.2229574 -0.658149 0.7191175 -0.006659984 -0.7057489 0.7084308 -0.1627769 -0.6499203 -0.7423661 0.05273288 -0.6974856 -0.7146559 -0.2039417 0.4512848 -0.8687635 0.4300538 -0.6933593 -0.5781926 0.01893401 -0.9995669 -0.02253139 0.6702392 -0.7386845 -0.07158648 0.0216701 -0.9997206 -0.009446561 0.6654317 -0.7464544 0.00256139 0.02128231 -0.9997735 -2.65826e-5 0.6641297 -0.7463003 0.0443592 0.6639046 -0.7381229 0.1200216 0.01747953 -0.9997655 0.01278877 0.3891373 -0.7036988 0.5944579 -0.2068582 0.4309756 0.8783335 -0.6487253 0.7583277 0.06398844 -0.6434587 0.7654705 -0.003979802 -0.6439545 0.7569173 -0.1113506 -0.6425779 0.7651132 -0.04117488 0.6624335 0.2422161 -0.7088817 0.8379032 0.4817417 -0.2565994 0.859215 0.5099207 -0.04160195 0.8525514 0.5092355 0.1176248 0.8133506 0.4792764 0.3297803 0.6063383 0.2433318 0.7570624 -0.5570853 0.5667764 0.6069766 -0.5042815 0.5655116 -0.6526079 -0.4445091 0.8675741 -0.2229951 -0.4619956 0.8859739 0.0401318 -0.4572607 0.8867515 -0.06770855 -0.4629358 0.864532 0.1956396 -0.5099768 -0.6524798 -0.56053 0.004493594 -0.9999752 -0.005437731</float_array>
          <technique_common>
            <accessor source="#Handle_Back_005-mesh-normals-array" count="146" stride="3">
              <param name="X" type="float"/>
              <param name="Y" type="float"/>
              <param name="Z" type="float"/>
            </accessor>
          </technique_common>
        </source>
        <vertices id="Handle_Back_005-mesh-vertices">
          <input semantic="POSITION" source="#Handle_Back_005-mesh-positions"/>
        </vertices>
        <triangles material="steel-material" count="264">
          <input semantic="VERTEX" source="#Handle_Back_005-mesh-vertices" offset="0"/>
          <input semantic="NORMAL" source="#Handle_Back_005-mesh-normals" offset="1"/>
          <p>24 0 0 1 1 2 24 0 1 2 2 3 24 0 2 3 3 4 24 0 3 4 4 5 24 0 4 5 5 6 24 0 5 6 6 7 24 0 6 7 7 8 24 0 7 8 8 9 24 0 8 9 9 10 24 0 9 10 10 11 24 0 10 11 11 12 11 12 0 1 24 0 0 1 13 13 1 2 1 2 14 14 2 3 2 3 15 15 3 4 3 4 16 16 4 5 4 5 17 17 5 6 5 6 18 18 6 7 6 7 19 19 7 8 7 8 20 20 8 9 8 9 21 21 9 10 9 10 22 22 10 11 10 11 23 23 11 12 12 24 11 12 23 23 13 13 25 25 26 26 14 14 26 26 27 27 14 14 28 28 15 15 15 15 29 29 16 16 16 16 30 30 17 17 17 17 31 31 18 18 19 19 31 31 32 32 20 20 32 32 33 33 20 20 34 34 21 21 21 21 35 35 22 22 22 22 36 36 23 23 12 24 36 36 25 25 25 25 50 37 26 26 37 38 50 37 49 39 50 37 27 27 26 26 38 40 51 41 50 37 27 27 52 42 28 28 39 43 52 42 51 41 52 42 29 29 28 28 40 44 53 45 52 42 53 45 30 30 29 29 41 46 54 47 53 45 54 47 31 31 30 30 42 48 55 49 54 47 55 49 32 32 31 31 55 49 44 50 56 51 32 32 57 52 33 33 56 51 45 53 57 52 57 52 34 34 33 33 57 52 46 54 58 55 58 55 35 35 34 34 58 55 47 56 59 57 35 35 60 58 36 36 59 57 48 59 60 58 36 36 49 39 25 25 48 59 49 39 60 58 37 38 62 60 38 40 39 43 62 60 63 61 39 43 64 62 40 44 40 44 65 63 41 46 42 48 65 63 66 64 42 48 67 65 43 66 43 66 68 67 44 50 44 50 69 68 45 53 45 53 70 69 46 54 46 54 71 70 47 56 47 56 72 71 48 59 37 38 72 71 61 72 61 72 73 73 62 60 62 60 75 74 63 61 63 61 76 75 64 62 64 62 77 76 65 63 65 63 78 77 66 64 67 65 78 77 79 78 67 65 80 79 68 67 69 68 80 79 81 80 70 69 81 80 82 81 71 70 82 81 83 82 72 71 83 82 84 83 61 72 84 83 74 84 86 85 97 86 98 87 86 85 99 88 87 89 88 90 99 88 100 91 88 90 101 92 89 93 90 94 101 92 102 95 91 96 102 95 103 97 92 98 103 97 104 99 92 98 105 100 93 101 93 101 106 102 94 103 95 104 106 102 107 105 95 104 108 106 96 107 85 108 108 106 97 86 97 86 110 109 98 87 99 88 110 109 111 110 100 91 111 110 112 111 101 92 112 111 113 112 101 92 114 113 102 95 107 105 120 114 108 106 120 114 97 86 108 106 119 115 127 116 121 117 118 118 121 117 122 119 117 120 122 119 123 121 116 122 123 121 124 123 116 122 125 124 115 125 115 125 126 126 114 113 114 113 132 127 102 95 106 102 127 116 107 105 105 100 128 128 106 102 104 99 129 129 105 100 104 99 131 130 130 131 103 97 132 127 131 130 127 116 133 132 121 117 122 119 133 132 135 133 123 121 135 133 136 134 123 121 137 135 124 123 124 123 138 136 125 124 125 124 139 137 126 126 132 127 139 137 140 138 128 128 134 139 127 116 129 129 141 140 128 128 129 129 143 141 142 142 130 131 144 143 143 141 131 130 140 138 144 143 144 143 139 137 138 136 143 141 138 136 137 135 142 142 137 135 136 134 135 133 142 142 136 134 133 132 141 140 135 133 110 109 109 144 145 145 111 110 110 109 145 145 112 111 111 110 145 145 113 112 112 111 145 145 114 113 113 112 145 145 115 125 114 113 145 145 116 122 115 125 145 145 117 120 116 122 145 145 118 118 117 120 145 145 119 115 118 118 145 145 120 114 119 115 145 145 109 144 120 114 145 145 0 1 12 24 13 13 1 2 13 13 14 14 2 3 14 14 15 15 3 4 15 15 16 16 4 5 16 16 17 17 5 6 17 17 18 18 6 7 18 18 19 19 7 8 19 19 20 20 8 9 20 20 21 21 9 10 21 21 22 22 10 11 22 22 23 23 12 24 0 1 11 12 13 13 12 24 25 25 14 14 13 13 26 26 14 14 27 27 28 28 15 15 28 28 29 29 16 16 29 29 30 30 17 17 30 30 31 31 19 19 18 18 31 31 20 20 19 19 32 32 20 20 33 33 34 34 21 21 34 34 35 35 22 22 35 35 36 36 12 24 23 23 36 36 25 25 49 39 50 37 37 38 38 40 50 37 50 37 51 41 27 27 38 40 39 43 51 41 27 27 51 41 52 42 39 43 40 44 52 42 52 42 53 45 29 29 40 44 41 46 53 45 53 45 54 47 30 30 41 46 42 48 54 47 54 47 55 49 31 31 42 48 43 66 55 49 55 49 56 51 32 32 55 49 43 66 44 50 32 32 56 51 57 52 56 51 44 50 45 53 57 52 58 55 34 34 57 52 45 53 46 54 58 55 59 57 35 35 58 55 46 54 47 56 35 35 59 57 60 58 59 57 47 56 48 59 36 36 60 58 49 39 48 59 37 38 49 39 37 38 61 72 62 60 39 43 38 40 62 60 39 43 63 61 64 62 40 44 64 62 65 63 42 48 41 46 65 63 42 48 66 64 67 65 43 66 67 65 68 67 44 50 68 67 69 68 45 53 69 68 70 69 46 54 70 69 71 70 47 56 71 70 72 71 37 38 48 59 72 71 61 72 74 84 73 73 62 60 73 73 75 74 63 61 75 74 76 75 64 62 76 75 77 76 65 63 77 76 78 77 67 65 66 64 78 77 67 65 79 78 80 79 69 68 68 67 80 79 70 69 69 68 81 80 71 70 70 69 82 81 72 71 71 70 83 82 61 72 72 71 84 83 86 85 85 108 97 86 86 85 98 87 99 88 88 90 87 89 99 88 88 90 100 91 101 92 90 94 89 93 101 92 91 96 90 94 102 95 92 98 91 96 103 97 92 98 104 99 105 100 93 101 105 100 106 102 95 104 94 103 106 102 95 104 107 105 108 106 85 108 96 107 108 106 97 86 109 144 110 109 99 88 98 87 110 109 100 91 99 88 111 110 101 92 100 91 112 111 101 92 113 112 114 113 107 105 119 115 120 114 120 114 109 144 97 86 119 115 107 105 127 116 118 118 119 115 121 117 117 120 118 118 122 119 116 122 117 120 123 121 116 122 124 123 125 124 115 125 125 124 126 126 114 113 126 126 132 127 106 102 128 128 127 116 105 100 129 129 128 128 104 99 130 131 129 129 104 99 103 97 131 130 103 97 102 95 132 127 127 116 134 139 133 132 122 119 121 117 133 132 123 121 122 119 135 133 123 121 136 134 137 135 124 123 137 135 138 136 125 124 138 136 139 137 132 127 126 126 139 137 128 128 141 140 134 139 129 129 142 142 141 140 129 129 130 131 143 141 130 131 131 130 144 143 131 130 132 127 140 138 144 143 140 138 139 137 143 141 144 143 138 136 142 142 143 141 137 135 135 133 141 140 142 142 133 132 134 139 141 140</p>
        </triangles>
      </mesh>
    </geometry>
    <geometry id="Handle_Front_005-mesh" name="Handle_Front.005">
      <mesh>
        <source id="Handle_Front_005-mesh-positions">
          <float_array id="Handle_Front_005-mesh-positions-array" count="438">-0.03019267 -0.002780556 -0.03281581 -0.04254585 -0.002942085 -0.01331907 -0.04349547 -0.003071784 0.009742319 -0.03278702 -0.003134846 0.03018921 -0.01328992 -0.003114402 0.04254281 0.009771585 -0.003015935 0.04349297 0.0302183 -0.00286585 0.03278511 0.04257148 -0.002704322 0.01328843 0.0435211 -0.002574622 -0.009772956 0.03281271 -0.00251156 -0.03021985 0.01331561 -0.002532005 -0.04257351 -0.009745895 -0.002630472 -0.04352366 -0.02902269 -0.01958918 -0.03171879 -0.0409283 -0.01974487 -0.01292848 -0.04184353 -0.01986986 0.009297311 -0.03152316 -0.01993066 0.02900338 -0.0127325 -0.01991099 0.0409094 0.00949347 -0.01981604 0.04182523 0.02919942 -0.01967138 0.03150534 0.04110503 -0.01951569 0.01271504 0.04202026 -0.0193907 -0.009510755 0.03169989 -0.0193299 -0.02921688 0.01290923 -0.01934963 -0.04112291 -0.009316742 -0.01944452 -0.04203867 1.28343e-5 -0.002823233 -1.53401e-5 -0.0144611 -0.01961213 -0.01590621 -0.02041143 -0.01968991 -0.006514966 -0.02086883 -0.01975238 0.004593312 -0.01571083 -0.01978278 0.01444226 -0.006319344 -0.01977294 0.02039283 0.004788994 -0.0197255 0.02085053 0.01463782 -0.0196532 0.01569271 0.02058821 -0.01957541 0.006301462 0.02104562 -0.01951295 -0.004806816 0.01588755 -0.01948255 -0.01465576 0.006496131 -0.01949238 -0.02060627 -0.004612207 -0.01953983 -0.02106404 -0.01440769 -0.03150087 -0.01597088 -0.02035802 -0.03157871 -0.006579577 -0.02081543 -0.03164118 0.004528701 -0.01565736 -0.03167152 0.01437765 -0.006265938 -0.03166168 0.02032816 0.0048424 -0.03161424 0.02078586 0.01469129 -0.03154194 0.01562809 0.02064162 -0.03146415 0.006236851 0.02109903 -0.03140169 -0.004871428 0.01594102 -0.03137129 -0.01472038 0.006549537 -0.03138113 -0.02067095 -0.004558801 -0.03142857 -0.02112865 -0.01445657 -0.02062267 -0.01591169 -0.0204069 -0.02070051 -0.00652045 -0.0208643 -0.02076297 0.004587829 -0.01570624 -0.02079331 0.01443678 -0.006314814 -0.02078348 0.02038735 0.004793524 -0.02073603 0.02084499 0.01464235 -0.02066373 0.01568722 0.02059274 -0.02058595 0.006295979 0.02105015 -0.02052348 -0.0048123 0.01589208 -0.02049309 -0.01466125 0.006500661 -0.02050292 -0.02061182 -0.004607677 -0.02055037 -0.02106952 -0.01216179 -0.03150403 -0.01353198 -0.01719361 -0.03156983 -0.005590379 -0.01758038 -0.03162264 0.003803133 -0.01321858 -0.03164833 0.01213181 -0.005276799 -0.03164005 0.01716381 0.004116773 -0.03159993 0.01755082 0.01244539 -0.03153878 0.01318919 0.01747721 -0.03147298 0.005247652 0.01786404 -0.03142017 -0.00414592 0.01350218 -0.03139448 -0.01247459 0.005560457 -0.03140282 -0.01750659 -0.003833174 -0.03144288 -0.01789361 -0.01852178 -0.009611725 -0.005855321 -0.0131331 -0.009541213 -0.01436018 -0.01893603 -0.00966829 0.004204452 -0.01426482 -0.009695768 0.01312381 -0.005759835 -0.009686887 0.01851272 0.004300057 -0.009643912 0.01892721 0.01321929 -0.009578406 0.01425623 0.01860803 -0.009507954 0.00575143 0.01902228 -0.009451389 -0.004308402 0.01435106 -0.009423911 -0.01322776 0.005846083 -0.009432792 -0.01861667 -0.004213809 -0.009475767 -0.01903116 -0.01205104 -0.02431207 -0.01333743 -0.01702433 -0.0243771 -0.005488216 -0.01740664 -0.02442932 0.003795981 -0.01309555 -0.02445471 0.01202768 -0.005246222 -0.02444648 0.01700115 0.004038035 -0.02440685 0.01738369 0.01226967 -0.02434641 0.01307284 0.01724296 -0.02428138 0.005223631 0.01762527 -0.02422916 -0.004060566 0.01331418 -0.02420377 -0.01229226 0.005464911 -0.024212 -0.01726573 -0.003819406 -0.02425163 -0.01764827 -0.01189309 -0.0594598 -0.01352852 -0.01686638 -0.05952483 -0.005679368 -0.01724869 -0.05957704 0.003604829 -0.0129376 -0.05960243 0.01183658 -0.005088269 -0.05959421 0.01680999 0.004195988 -0.05955457 0.01719254 0.01242762 -0.05949413 0.01288169 0.01740092 -0.0594291 0.005032539 0.01778322 -0.05937689 -0.004251718 0.01347213 -0.0593515 -0.01248341 0.005622863 -0.05935972 -0.01745688 -0.003661453 -0.05939936 -0.01783943 -0.01183503 -0.0723738 -0.01359879 -0.01680833 -0.07243883 -0.005749583 -0.01719063 -0.07249104 0.003534615 -0.01287955 -0.07251644 0.01176631 -0.005030274 -0.07250821 0.01673978 0.004254043 -0.07246857 0.01712232 0.01248568 -0.07240813 0.01281148 0.01745897 -0.07234311 0.004962265 0.01784127 -0.07229089 -0.004321932 0.01353019 -0.0722655 -0.01255363 0.005680859 -0.07227373 -0.0175271 -0.003603398 -0.07231336 -0.01790964 0.1257352 -0.06936496 -0.006631195 0.1268824 -0.06874352 -0.003520727 0.1273995 -0.06840461 0.001801967 0.127148 -0.06843894 0.007910847 0.1261951 -0.0688374 0.01316899 0.1247963 -0.06949311 0.0161674 0.1241861 -0.06165295 -0.006511032 0.1253334 -0.06103152 -0.003400564 0.1258505 -0.0606926 0.00192219 0.1255989 -0.06072694 0.00803107 0.1246461 -0.06112539 0.01328915 0.1232473 -0.06178116 0.01628756 0.1369404 -0.0198214 -0.006400227 0.1345047 -0.01898777 -0.006495833 0.1376608 -0.01831007 -0.003302335 0.1379315 -0.0174573 0.002013087 0.1376799 -0.01749163 0.008121967 0.1369736 -0.01840388 0.01338738 0.1360016 -0.01994961 0.01639837 0.1335659 -0.01911598 0.01630276 0.1352251 -0.01747643 -0.003397941 0.1354959 -0.01662367 0.001917481 0.1352443 -0.016658 0.008026361 0.1345379 -0.01757025 0.01329177 3.25309e-4 -0.07239097 -3.93676e-4</float_array>
          <technique_common>
            <accessor source="#Handle_Front_005-mesh-positions-array" count="146" stride="3">
              <param name="X" type="float"/>
              <param name="Y" type="float"/>
              <param name="Z" type="float"/>
            </accessor>
          </technique_common>
        </source>
        <source id="Handle_Front_005-mesh-normals">
          <float_array id="Handle_Front_005-mesh-normals-array" count="438">-0.004493653 0.9999752 0.005438029 -0.5358362 0.6178019 -0.5755001 -0.7538419 0.6149512 -0.2314248 -0.7705995 0.6126626 0.1755594 -0.5816184 0.6115495 0.5364022 -0.2375364 0.6119102 0.7544153 0.1694505 0.6136481 0.7711825 0.5302903 0.6162973 0.5822113 0.7482958 0.6191483 0.2381361 0.7650539 0.6214362 -0.1688477 0.5760729 0.6225496 -0.5296905 0.2319911 0.6221889 -0.7477039 -0.1749963 0.620451 -0.7644716 -0.6892217 -0.6902905 -0.2201648 -0.7046692 -0.692403 0.1549823 -0.5304775 -0.6934257 0.4876009 -0.2133129 -0.6930935 0.6885631 0.1618375 -0.6914916 0.7040228 0.4944548 -0.6890464 0.5298392 0.6954089 -0.6864213 0.2126787 0.7108559 -0.6843157 -0.1624685 0.5366644 -0.6832863 -0.495087 0.2195001 -0.6836187 -0.6960497 -0.1556514 -0.6852172 -0.7115125 -0.4882664 -0.6876626 -0.5373233 -0.4285731 -0.7695947 -0.4733384 -0.6052575 -0.7719089 -0.1944735 -0.6188499 -0.7737557 0.1353774 -0.4656794 -0.7746641 0.4278297 -0.1868124 -0.7743698 0.6045267 0.1430408 -0.7729614 0.6181182 0.4354915 -0.7708169 0.4649609 0.612187 -0.7685012 0.1860996 0.6257663 -0.7666496 -0.1437532 0.4726051 -0.7657466 -0.4362071 0.1937355 -0.7660364 -0.6129069 -0.1361199 -0.7674494 -0.6264924 -0.9544485 -0.002669155 -0.298364 -0.5099913 -0.6524621 -0.5605374 -0.6774049 9.56125e-4 -0.7356098 -0.7197539 -0.6552125 -0.229458 -0.9757478 -0.005573868 0.2188274 -0.7355961 -0.006988823 0.6773844 -0.7358829 -0.6574072 0.1621487 -0.5540381 -0.6584822 0.5093556 -0.2983413 -0.006530523 0.954437 -0.2229545 -0.6581384 0.7191281 0.2188533 -0.004322171 0.9757482 0.1686549 -0.6564594 0.7352665 0.6774088 -9.56768e-4 0.7356062 0.7256242 -0.6511703 0.2223667 0.9544506 0.002667725 0.2983575 0.9757462 0.005574584 -0.2188344 0.741753 -0.6489685 -0.1692411 0.5599171 -0.6478972 -0.5164515 0.7355909 0.006990253 -0.6773899 0.2288375 -0.6482444 -0.7262318 0.2983362 0.006531596 -0.9544386 -0.2188545 0.004322946 -0.975748 -0.162779 -0.6499098 -0.7423747 0.6329113 -0.7498581 0.1927074 0.6469533 -0.7479459 -0.1484196 0.4885588 -0.7470094 -0.4508739 0.2001579 -0.7473092 -0.6336133 -0.1409747 -0.7487663 -0.647669 -0.4434196 -0.7509946 -0.4892712 0.5158495 -0.6539241 0.5534282 -0.626159 -0.7533739 -0.2008802 -0.6402001 -0.7552973 0.1402497 -0.4817996 -0.7562302 0.4427021 -0.1933969 -0.7559279 0.6254364 0.1477328 -0.7544682 0.6394943 0.4501734 -0.7522588 0.4810931 0.9525513 0.06121522 0.2981593 0.9738079 0.06411856 -0.2181445 0.7340633 0.06553035 -0.6759119 0.2975566 0.06507259 -0.952484 -0.2187433 0.06286799 -0.9737552 -0.6765089 0.05950707 -0.7340263 -0.9530749 0.05589061 -0.2975305 -0.9743377 0.05298751 0.218766 -0.7346003 0.0515756 0.6765371 -0.2980979 0.05203312 0.9531161 0.2182092 0.05423778 0.9743937 0.6759828 0.05759865 0.734663 -0.9544497 -0.002666532 -0.2983601 -0.6774061 9.56252e-4 -0.7356086 -0.9544496 -0.002666652 -0.2983604 -0.9757472 -0.005574882 0.2188296 -0.9757468 -0.005574762 0.2188313 -0.7355938 -0.0069893 0.6773868 -0.7355948 -0.006989359 0.6773858 -0.2983386 -0.006531059 0.9544378 -0.2983388 -0.006531 0.9544378 0.2188611 -0.004322707 0.9757465 0.1008464 0.07227748 0.9922732 0.677412 -9.56153e-4 0.7356032 0.4367092 0.7532469 0.4918376 0.9544495 0.002666592 0.298361 0.6131197 0.7645813 0.1987455 0.6270323 0.7664771 -0.1390804 0.9757483 0.005574822 -0.218825 0.4753537 0.7584528 -0.4458568 0.735594 0.006989359 -0.6773865 0.2983395 0.006531059 -0.9544375 0.1826435 0.08298206 -0.9796711 -0.2188556 0.004322767 -0.9757477 -0.2188554 0.004322767 -0.9757478 -0.6774125 9.56179e-4 -0.7356029 -0.7197524 -0.6552122 -0.2294635 -0.7358728 -0.6574198 0.1621435 -0.5540348 -0.6584906 0.5093484 -0.2229574 -0.658149 0.7191175 -0.006659984 -0.7057489 0.7084308 -0.1627769 -0.6499203 -0.7423661 0.05273288 -0.6974856 -0.7146559 -0.2039417 0.4512848 -0.8687635 0.4300538 -0.6933593 -0.5781926 0.01893401 -0.9995669 -0.02253139 0.6702392 -0.7386845 -0.07158648 0.0216701 -0.9997206 -0.009446561 0.6654317 -0.7464544 0.00256139 0.02128231 -0.9997735 -2.65826e-5 0.6641297 -0.7463003 0.0443592 0.6639046 -0.7381229 0.1200216 0.01747953 -0.9997655 0.01278877 0.3891373 -0.7036988 0.5944579 -0.2068582 0.4309756 0.8783335 -0.6487253 0.7583277 0.06398844 -0.6434587 0.7654705 -0.003979802 -0.6439545 0.7569173 -0.1113506 -0.6425779 0.7651132 -0.04117488 0.6624335 0.2422161 -0.7088817 0.8379032 0.4817417 -0.2565994 0.859215 0.5099207 -0.04160195 0.8525514 0.5092355 0.1176248 0.8133506 0.4792764 0.3297803 0.6063383 0.2433318 0.7570624 -0.5570853 0.5667764 0.6069766 -0.5042815 0.5655116 -0.6526079 -0.4445091 0.8675741 -0.2229951 -0.4619956 0.8859739 0.0401318 -0.4572607 0.8867515 -0.06770855 -0.4629358 0.864532 0.1956396 -0.5099768 -0.6524798 -0.56053 0.004493594 -0.9999752 -0.005437731</float_array>
          <technique_common>
            <accessor source="#Handle_Front_005-mesh-normals-array" count="146" stride="3">
              <param name="X" type="float"/>
              <param name="Y" type="float"/>
              <param name="Z" type="float"/>
            </accessor>
          </technique_common>
        </source>
        <vertices id="Handle_Front_005-mesh-vertices">
          <input semantic="POSITION" source="#Handle_Front_005-mesh-positions"/>
        </vertices>
        <triangles material="steel-material" count="264">
          <input semantic="VERTEX" source="#Handle_Front_005-mesh-vertices" offset="0"/>
          <input semantic="NORMAL" source="#Handle_Front_005-mesh-normals" offset="1"/>
          <p>24 0 0 1 1 2 24 0 1 2 2 3 24 0 2 3 3 4 24 0 3 4 4 5 24 0 4 5 5 6 24 0 5 6 6 7 24 0 6 7 7 8 24 0 7 8 8 9 24 0 8 9 9 10 24 0 9 10 10 11 24 0 10 11 11 12 11 12 0 1 24 0 0 1 13 13 1 2 1 2 14 14 2 3 2 3 15 15 3 4 3 4 16 16 4 5 4 5 17 17 5 6 5 6 18 18 6 7 6 7 19 19 7 8 7 8 20 20 8 9 8 9 21 21 9 10 9 10 22 22 10 11 10 11 23 23 11 12 12 24 11 12 23 23 13 13 25 25 26 26 14 14 26 26 27 27 14 14 28 28 15 15 15 15 29 29 16 16 16 16 30 30 17 17 17 17 31 31 18 18 19 19 31 31 32 32 20 20 32 32 33 33 20 20 34 34 21 21 21 21 35 35 22 22 22 22 36 36 23 23 12 24 36 36 25 25 25 25 50 37 26 26 37 38 50 37 49 39 50 37 27 27 26 26 38 40 51 41 50 37 27 27 52 42 28 28 39 43 52 42 51 41 52 42 29 29 28 28 40 44 53 45 52 42 53 45 30 30 29 29 41 46 54 47 53 45 54 47 31 31 30 30 42 48 55 49 54 47 55 49 32 32 31 31 55 49 44 50 56 51 32 32 57 52 33 33 56 51 45 53 57 52 57 52 34 34 33 33 57 52 46 54 58 55 58 55 35 35 34 34 58 55 47 56 59 57 35 35 60 58 36 36 59 57 48 59 60 58 36 36 49 39 25 25 48 59 49 39 60 58 37 38 62 60 38 40 39 43 62 60 63 61 39 43 64 62 40 44 40 44 65 63 41 46 42 48 65 63 66 64 42 48 67 65 43 66 43 66 68 67 44 50 44 50 69 68 45 53 45 53 70 69 46 54 46 54 71 70 47 56 47 56 72 71 48 59 37 38 72 71 61 72 61 72 73 73 62 60 62 60 75 74 63 61 63 61 76 75 64 62 64 62 77 76 65 63 65 63 78 77 66 64 67 65 78 77 79 78 67 65 80 79 68 67 69 68 80 79 81 80 70 69 81 80 82 81 71 70 82 81 83 82 72 71 83 82 84 83 61 72 84 83 74 84 86 85 97 86 98 87 86 85 99 88 87 89 88 90 99 88 100 91 88 90 101 92 89 93 90 94 101 92 102 95 91 96 102 95 103 97 92 98 103 97 104 99 92 98 105 100 93 101 93 101 106 102 94 103 95 104 106 102 107 105 95 104 108 106 96 107 85 108 108 106 97 86 97 86 110 109 98 87 99 88 110 109 111 110 100 91 111 110 112 111 101 92 112 111 113 112 101 92 114 113 102 95 107 105 120 114 108 106 120 114 97 86 108 106 119 115 127 116 121 117 118 118 121 117 122 119 117 120 122 119 123 121 116 122 123 121 124 123 116 122 125 124 115 125 115 125 126 126 114 113 114 113 132 127 102 95 106 102 127 116 107 105 105 100 128 128 106 102 104 99 129 129 105 100 104 99 131 130 130 131 103 97 132 127 131 130 127 116 133 132 121 117 122 119 133 132 135 133 123 121 135 133 136 134 123 121 137 135 124 123 124 123 138 136 125 124 125 124 139 137 126 126 132 127 139 137 140 138 128 128 134 139 127 116 129 129 141 140 128 128 129 129 143 141 142 142 130 131 144 143 143 141 131 130 140 138 144 143 144 143 139 137 138 136 143 141 138 136 137 135 142 142 137 135 136 134 135 133 142 142 136 134 133 132 141 140 135 133 110 109 109 144 145 145 111 110 110 109 145 145 112 111 111 110 145 145 113 112 112 111 145 145 114 113 113 112 145 145 115 125 114 113 145 145 116 122 115 125 145 145 117 120 116 122 145 145 118 118 117 120 145 145 119 115 118 118 145 145 120 114 119 115 145 145 109 144 120 114 145 145 0 1 12 24 13 13 1 2 13 13 14 14 2 3 14 14 15 15 3 4 15 15 16 16 4 5 16 16 17 17 5 6 17 17 18 18 6 7 18 18 19 19 7 8 19 19 20 20 8 9 20 20 21 21 9 10 21 21 22 22 10 11 22 22 23 23 12 24 0 1 11 12 13 13 12 24 25 25 14 14 13 13 26 26 14 14 27 27 28 28 15 15 28 28 29 29 16 16 29 29 30 30 17 17 30 30 31 31 19 19 18 18 31 31 20 20 19 19 32 32 20 20 33 33 34 34 21 21 34 34 35 35 22 22 35 35 36 36 12 24 23 23 36 36 25 25 49 39 50 37 37 38 38 40 50 37 50 37 51 41 27 27 38 40 39 43 51 41 27 27 51 41 52 42 39 43 40 44 52 42 52 42 53 45 29 29 40 44 41 46 53 45 53 45 54 47 30 30 41 46 42 48 54 47 54 47 55 49 31 31 42 48 43 66 55 49 55 49 56 51 32 32 55 49 43 66 44 50 32 32 56 51 57 52 56 51 44 50 45 53 57 52 58 55 34 34 57 52 45 53 46 54 58 55 59 57 35 35 58 55 46 54 47 56 35 35 59 57 60 58 59 57 47 56 48 59 36 36 60 58 49 39 48 59 37 38 49 39 37 38 61 72 62 60 39 43 38 40 62 60 39 43 63 61 64 62 40 44 64 62 65 63 42 48 41 46 65 63 42 48 66 64 67 65 43 66 67 65 68 67 44 50 68 67 69 68 45 53 69 68 70 69 46 54 70 69 71 70 47 56 71 70 72 71 37 38 48 59 72 71 61 72 74 84 73 73 62 60 73 73 75 74 63 61 75 74 76 75 64 62 76 75 77 76 65 63 77 76 78 77 67 65 66 64 78 77 67 65 79 78 80 79 69 68 68 67 80 79 70 69 69 68 81 80 71 70 70 69 82 81 72 71 71 70 83 82 61 72 72 71 84 83 86 85 85 108 97 86 86 85 98 87 99 88 88 90 87 89 99 88 88 90 100 91 101 92 90 94 89 93 101 92 91 96 90 94 102 95 92 98 91 96 103 97 92 98 104 99 105 100 93 101 105 100 106 102 95 104 94 103 106 102 95 104 107 105 108 106 85 108 96 107 108 106 97 86 109 144 110 109 99 88 98 87 110 109 100 91 99 88 111 110 101 92 100 91 112 111 101 92 113 112 114 113 107 105 119 115 120 114 120 114 109 144 97 86 119 115 107 105 127 116 118 118 119 115 121 117 117 120 118 118 122 119 116 122 117 120 123 121 116 122 124 123 125 124 115 125 125 124 126 126 114 113 126 126 132 127 106 102 128 128 127 116 105 100 129 129 128 128 104 99 130 131 129 129 104 99 103 97 131 130 103 97 102 95 132 127 127 116 134 139 133 132 122 119 121 117 133 132 123 121 122 119 135 133 123 121 136 134 137 135 124 123 137 135 138 136 125 124 138 136 139 137 132 127 126 126 139 137 128 128 141 140 134 139 129 129 142 142 141 140 129 129 130 131 143 141 130 131 131 130 144 143 131 130 132 127 140 138 144 143 140 138 139 137 143 141 144 143 138 136 142 142 143 141 137 135 135 133 141 140 142 142 133 132 134 139 141 140</p>
        </triangles>
      </mesh>
    </geometry>
    <geometry id="Door_005-mesh" name="Door.005">
      <mesh>
        <source id="Door_005-mesh-positions">
          <float_array id="Door_005-mesh-positions-array" count="24">-0.956 0 -1.046 -0.956 0.04899996 -1.046 0 0.04899996 -1.046 0 0 -1.046 -0.956 0 0.994 -0.956 0.04899996 0.994 0 0.04899996 0.994 0 0 0.994</float_array>
          <technique_common>
            <accessor source="#Door_005-mesh-positions-array" count="8" stride="3">
              <param name="X" type="float"/>
              <param name="Y" type="float"/>
              <param name="Z" type="float"/>
            </accessor>
          </technique_common>
        </source>
        <source id="Door_005-mesh-normals">
          <float_array id="Door_005-mesh-normals-array" count="36">-1 0 0 0 1 0 1 0 0 0 -1 0 0 0 -1 0 0 1 -1 0 0 0 1 0 1 0 0 0 -1 0 0 0 -1 0 0 1</float_array>
          <technique_common>
            <accessor source="#Door_005-mesh-normals-array" count="12" stride="3">
              <param name="X" type="float"/>
              <param name="Y" type="float"/>
              <param name="Z" type="float"/>
            </accessor>
          </technique_common>
        </source>
        <vertices id="Door_005-mesh-vertices">
          <input semantic="POSITION" source="#Door_005-mesh-positions"/>
        </vertices>
        <triangles material="fine_grained_wood-material" count="12">
          <input semantic="VERTEX" source="#Door_005-mesh-vertices" offset="0"/>
          <input semantic="NORMAL" source="#Door_005-mesh-normals" offset="1"/>
          <p>5 0 0 0 4 0 6 1 1 1 5 1 7 2 2 2 6 2 4 3 3 3 7 3 1 4 3 4 0 4 6 5 4 5 7 5 5 6 1 6 0 6 6 7 2 7 1 7 7 8 3 8 2 8 4 9 0 9 3 9 1 10 2 10 3 10 6 11 5 11 4 11</p>
        </triangles>
      </mesh>
    </geometry>
    <geometry id="DoorFrane_010-mesh" name="DoorFrane.010">
      <mesh>
        <source id="DoorFrane_010-mesh-positions">
          <float_array id="DoorFrane_010-mesh-positions-array" count="96">-0.53 -0.03666663 0 -0.53 0.07333332 0 -0.48 0.07333332 0 -0.53 -0.03666663 2.1 -0.53 0.07333332 2.1 0.53 0.07333332 2.1 0.53 -0.03666663 2.1 0.48 -0.03666663 2.05 -0.48 0.07333332 2.05 0.48 -0.03666663 0 0.53 -0.03666663 0 0.53 0.07333332 0 0.48 0.01833331 2.05 -0.48 0.01833331 2.05 -0.48 0.01833331 0 -0.46 0.01833331 2.05 -0.46 0.01833331 0 -0.46 0.07333332 2.05 -0.46 0.07333332 0 0.48 0.01833331 0 -0.48 -0.03666663 2.05 -0.48 -0.03666663 0 0.48 0.07333332 2.05 0.48 0.07333332 0 0.46 0.07333332 0 0.46 0.01833331 0 0.46 0.07333332 2.05 0.46 0.01833331 2.03 0.46 0.01833331 2.05 -0.46 0.07333332 2.03 -0.46 0.01833331 2.03 0.46 0.07333332 2.03</float_array>
          <technique_common>
            <accessor source="#DoorFrane_010-mesh-positions-array" count="32" stride="3">
              <param name="X" type="float"/>
              <param name="Y" type="float"/>
              <param name="Z" type="float"/>
            </accessor>
          </technique_common>
        </source>
        <source id="DoorFrane_010-mesh-normals">
          <float_array id="DoorFrane_010-mesh-normals-array" count="141">-1 0 0 -1 0 0 0 0 1 1 0 0 1 0 0 1 0 0 0 1 0 0 0 -1 0 -1 0 0 -1 0 0 -1 0 0 1 0 0 0 -1 0 -1 0 0 1 0 0 0 -1 0 1 0 0 -1 0 -1 0 0 0 0 -1 0 1 0 0 1 0 0 -1 0 0 0 1 -1 0 0 -1 0 0 0 0 1 1 0 0 1 0 0 1 0 0 0 1 0 0 0 -1 0 -1 0 0 -1 0 0 -1 0 0 1 0 0 0 -1 0 -1 0 0 1 0 0 0 -1 0 1 0 0 -1 0 -1 0 0 0 0 -1 0 1 0 0 1 0 0 -1 0</float_array>
          <technique_common>
            <accessor source="#DoorFrane_010-mesh-normals-array" count="47" stride="3">
              <param name="X" type="float"/>
              <param name="Y" type="float"/>
              <param name="Z" type="float"/>
            </accessor>
          </technique_common>
        </source>
        <vertices id="DoorFrane_010-mesh-vertices">
          <input semantic="POSITION" source="#DoorFrane_010-mesh-positions"/>
        </vertices>
        <triangles material="Plastic-material" count="47">
          <input semantic="VERTEX" source="#DoorFrane_010-mesh-vertices" offset="0"/>
          <input semantic="NORMAL" source="#DoorFrane_010-mesh-normals" offset="1"/>
          <p>4 0 0 0 3 0 12 1 9 1 7 1 3 2 5 2 4 2 11 3 6 3 10 3 20 4 14 4 13 4 15 5 18 5 17 5 11 6 22 6 5 6 13 7 7 7 20 7 20 8 0 8 21 8 10 9 7 9 9 9 14 10 15 10 13 10 8 11 1 11 4 11 31 12 30 12 29 12 6 13 20 13 7 13 4 14 22 14 8 14 2 15 16 15 14 15 18 16 8 16 17 16 25 17 12 17 28 17 26 18 25 18 28 18 24 19 19 19 25 19 23 20 26 20 22 20 17 21 31 21 29 21 30 22 28 22 15 22 8 23 22 23 26 23 4 24 1 24 0 24 12 25 19 25 9 25 3 26 6 26 5 26 11 27 5 27 6 27 20 28 21 28 14 28 15 29 16 29 18 29 11 30 23 30 22 30 13 31 12 31 7 31 20 32 3 32 0 32 10 33 6 33 7 33 14 34 16 34 15 34 8 35 2 35 1 35 31 36 27 36 30 36 6 37 3 37 20 37 4 38 5 38 22 38 2 39 18 39 16 39 18 40 2 40 8 40 25 41 19 41 12 41 26 42 24 42 25 42 24 43 23 43 19 43 23 44 24 44 26 44 17 45 26 45 31 45 30 46 27 46 28 46</p>
        </triangles>
      </mesh>
    </geometry>
    <geometry id="Handle_Back-mesh" name="Handle_Back">
      <mesh>
        <source id="Handle_Back-mesh-positions">
          <float_array id="Handle_Back-mesh-positions-array" count="438">-0.03019267 -0.002780556 -0.03281581 -0.04254585 -0.002942085 -0.01331907 -0.04349547 -0.003071784 0.009742319 -0.03278702 -0.003134846 0.03018921 -0.01328992 -0.003114402 0.04254281 0.009771585 -0.003015935 0.04349297 0.0302183 -0.00286585 0.03278511 0.04257148 -0.002704322 0.01328843 0.0435211 -0.002574622 -0.009772956 0.03281271 -0.00251156 -0.03021985 0.01331561 -0.002532005 -0.04257351 -0.009745895 -0.002630472 -0.04352366 -0.02902269 -0.01958918 -0.03171879 -0.0409283 -0.01974487 -0.01292848 -0.04184353 -0.01986986 0.009297311 -0.03152316 -0.01993066 0.02900338 -0.0127325 -0.01991099 0.0409094 0.00949347 -0.01981604 0.04182523 0.02919942 -0.01967138 0.03150534 0.04110503 -0.01951569 0.01271504 0.04202026 -0.0193907 -0.009510755 0.03169989 -0.0193299 -0.02921688 0.01290923 -0.01934963 -0.04112291 -0.009316742 -0.01944452 -0.04203867 1.28343e-5 -0.002823233 -1.53401e-5 -0.0144611 -0.01961213 -0.01590621 -0.02041143 -0.01968991 -0.006514966 -0.02086883 -0.01975238 0.004593312 -0.01571083 -0.01978278 0.01444226 -0.006319344 -0.01977294 0.02039283 0.004788994 -0.0197255 0.02085053 0.01463782 -0.0196532 0.01569271 0.02058821 -0.01957541 0.006301462 0.02104562 -0.01951295 -0.004806816 0.01588755 -0.01948255 -0.01465576 0.006496131 -0.01949238 -0.02060627 -0.004612207 -0.01953983 -0.02106404 -0.01440769 -0.03150087 -0.01597088 -0.02035802 -0.03157871 -0.006579577 -0.02081543 -0.03164118 0.004528701 -0.01565736 -0.03167152 0.01437765 -0.006265938 -0.03166168 0.02032816 0.0048424 -0.03161424 0.02078586 0.01469129 -0.03154194 0.01562809 0.02064162 -0.03146415 0.006236851 0.02109903 -0.03140169 -0.004871428 0.01594102 -0.03137129 -0.01472038 0.006549537 -0.03138113 -0.02067095 -0.004558801 -0.03142857 -0.02112865 -0.01445657 -0.02062267 -0.01591169 -0.0204069 -0.02070051 -0.00652045 -0.0208643 -0.02076297 0.004587829 -0.01570624 -0.02079331 0.01443678 -0.006314814 -0.02078348 0.02038735 0.004793524 -0.02073603 0.02084499 0.01464235 -0.02066373 0.01568722 0.02059274 -0.02058595 0.006295979 0.02105015 -0.02052348 -0.0048123 0.01589208 -0.02049309 -0.01466125 0.006500661 -0.02050292 -0.02061182 -0.004607677 -0.02055037 -0.02106952 -0.01216179 -0.03150403 -0.01353198 -0.01719361 -0.03156983 -0.005590379 -0.01758038 -0.03162264 0.003803133 -0.01321858 -0.03164833 0.01213181 -0.005276799 -0.03164005 0.01716381 0.004116773 -0.03159993 0.01755082 0.01244539 -0.03153878 0.01318919 0.01747721 -0.03147298 0.005247652 0.01786404 -0.03142017 -0.00414592 0.01350218 -0.03139448 -0.01247459 0.005560457 -0.03140282 -0.01750659 -0.003833174 -0.03144288 -0.01789361 -0.01852178 -0.009611725 -0.005855321 -0.0131331 -0.009541213 -0.01436018 -0.01893603 -0.00966829 0.004204452 -0.01426482 -0.009695768 0.01312381 -0.005759835 -0.009686887 0.01851272 0.004300057 -0.009643912 0.01892721 0.01321929 -0.009578406 0.01425623 0.01860803 -0.009507954 0.00575143 0.01902228 -0.009451389 -0.004308402 0.01435106 -0.009423911 -0.01322776 0.005846083 -0.009432792 -0.01861667 -0.004213809 -0.009475767 -0.01903116 -0.01205104 -0.02431207 -0.01333743 -0.01702433 -0.0243771 -0.005488216 -0.01740664 -0.02442932 0.003795981 -0.01309555 -0.02445471 0.01202768 -0.005246222 -0.02444648 0.01700115 0.004038035 -0.02440685 0.01738369 0.01226967 -0.02434641 0.01307284 0.01724296 -0.02428138 0.005223631 0.01762527 -0.02422916 -0.004060566 0.01331418 -0.02420377 -0.01229226 0.005464911 -0.024212 -0.01726573 -0.003819406 -0.02425163 -0.01764827 -0.01189309 -0.0594598 -0.01352852 -0.01686638 -0.05952483 -0.005679368 -0.01724869 -0.05957704 0.003604829 -0.0129376 -0.05960243 0.01183658 -0.005088269 -0.05959421 0.01680999 0.004195988 -0.05955457 0.01719254 0.01242762 -0.05949413 0.01288169 0.01740092 -0.0594291 0.005032539 0.01778322 -0.05937689 -0.004251718 0.01347213 -0.0593515 -0.01248341 0.005622863 -0.05935972 -0.01745688 -0.003661453 -0.05939936 -0.01783943 -0.01183503 -0.0723738 -0.01359879 -0.01680833 -0.07243883 -0.005749583 -0.01719063 -0.07249104 0.003534615 -0.01287955 -0.07251644 0.01176631 -0.005030274 -0.07250821 0.01673978 0.004254043 -0.07246857 0.01712232 0.01248568 -0.07240813 0.01281148 0.01745897 -0.07234311 0.004962265 0.01784127 -0.07229089 -0.004321932 0.01353019 -0.0722655 -0.01255363 0.005680859 -0.07227373 -0.0175271 -0.003603398 -0.07231336 -0.01790964 0.1257352 -0.06936496 -0.006631195 0.1268824 -0.06874352 -0.003520727 0.1273995 -0.06840461 0.001801967 0.127148 -0.06843894 0.007910847 0.1261951 -0.0688374 0.01316899 0.1247963 -0.06949311 0.0161674 0.1241861 -0.06165295 -0.006511032 0.1253334 -0.06103152 -0.003400564 0.1258505 -0.0606926 0.00192219 0.1255989 -0.06072694 0.00803107 0.1246461 -0.06112539 0.01328915 0.1232473 -0.06178116 0.01628756 0.1369404 -0.0198214 -0.006400227 0.1345047 -0.01898777 -0.006495833 0.1376608 -0.01831007 -0.003302335 0.1379315 -0.0174573 0.002013087 0.1376799 -0.01749163 0.008121967 0.1369736 -0.01840388 0.01338738 0.1360016 -0.01994961 0.01639837 0.1335659 -0.01911598 0.01630276 0.1352251 -0.01747643 -0.003397941 0.1354959 -0.01662367 0.001917481 0.1352443 -0.016658 0.008026361 0.1345379 -0.01757025 0.01329177 3.25309e-4 -0.07239097 -3.93676e-4</float_array>
          <technique_common>
            <accessor source="#Handle_Back-mesh-positions-array" count="146" stride="3">
              <param name="X" type="float"/>
              <param name="Y" type="float"/>
              <param name="Z" type="float"/>
            </accessor>
          </technique_common>
        </source>
        <source id="Handle_Back-mesh-normals">
          <float_array id="Handle_Back-mesh-normals-array" count="438">-0.004493653 0.9999752 0.005438029 -0.5358362 0.6178019 -0.5755001 -0.7538419 0.6149512 -0.2314248 -0.7705995 0.6126626 0.1755594 -0.5816184 0.6115495 0.5364022 -0.2375364 0.6119102 0.7544153 0.1694505 0.6136481 0.7711825 0.5302903 0.6162973 0.5822113 0.7482958 0.6191483 0.2381361 0.7650539 0.6214362 -0.1688477 0.5760729 0.6225496 -0.5296905 0.2319911 0.6221889 -0.7477039 -0.1749963 0.620451 -0.7644716 -0.6892217 -0.6902905 -0.2201648 -0.7046692 -0.692403 0.1549823 -0.5304775 -0.6934257 0.4876009 -0.2133129 -0.6930935 0.6885631 0.1618375 -0.6914916 0.7040228 0.4944548 -0.6890464 0.5298392 0.6954089 -0.6864213 0.2126787 0.7108559 -0.6843157 -0.1624685 0.5366644 -0.6832863 -0.495087 0.2195001 -0.6836187 -0.6960497 -0.1556514 -0.6852172 -0.7115125 -0.4882664 -0.6876626 -0.5373233 -0.4285731 -0.7695947 -0.4733384 -0.6052575 -0.7719089 -0.1944735 -0.6188499 -0.7737557 0.1353774 -0.4656794 -0.7746641 0.4278297 -0.1868124 -0.7743698 0.6045267 0.1430408 -0.7729614 0.6181182 0.4354915 -0.7708169 0.4649609 0.612187 -0.7685012 0.1860996 0.6257663 -0.7666496 -0.1437532 0.4726051 -0.7657466 -0.4362071 0.1937355 -0.7660364 -0.6129069 -0.1361199 -0.7674494 -0.6264924 -0.9544485 -0.002669155 -0.298364 -0.5099913 -0.6524621 -0.5605374 -0.6774049 9.56125e-4 -0.7356098 -0.7197539 -0.6552125 -0.229458 -0.9757478 -0.005573868 0.2188274 -0.7355961 -0.006988823 0.6773844 -0.7358829 -0.6574072 0.1621487 -0.5540381 -0.6584822 0.5093556 -0.2983413 -0.006530523 0.954437 -0.2229545 -0.6581384 0.7191281 0.2188533 -0.004322171 0.9757482 0.1686549 -0.6564594 0.7352665 0.6774088 -9.56768e-4 0.7356062 0.7256242 -0.6511703 0.2223667 0.9544506 0.002667725 0.2983575 0.9757462 0.005574584 -0.2188344 0.741753 -0.6489685 -0.1692411 0.5599171 -0.6478972 -0.5164515 0.7355909 0.006990253 -0.6773899 0.2288375 -0.6482444 -0.7262318 0.2983362 0.006531596 -0.9544386 -0.2188545 0.004322946 -0.975748 -0.162779 -0.6499098 -0.7423747 0.6329113 -0.7498581 0.1927074 0.6469533 -0.7479459 -0.1484196 0.4885588 -0.7470094 -0.4508739 0.2001579 -0.7473092 -0.6336133 -0.1409747 -0.7487663 -0.647669 -0.4434196 -0.7509946 -0.4892712 0.5158495 -0.6539241 0.5534282 -0.626159 -0.7533739 -0.2008802 -0.6402001 -0.7552973 0.1402497 -0.4817996 -0.7562302 0.4427021 -0.1933969 -0.7559279 0.6254364 0.1477328 -0.7544682 0.6394943 0.4501734 -0.7522588 0.4810931 0.9525513 0.06121522 0.2981593 0.9738079 0.06411856 -0.2181445 0.7340633 0.06553035 -0.6759119 0.2975566 0.06507259 -0.952484 -0.2187433 0.06286799 -0.9737552 -0.6765089 0.05950707 -0.7340263 -0.9530749 0.05589061 -0.2975305 -0.9743377 0.05298751 0.218766 -0.7346003 0.0515756 0.6765371 -0.2980979 0.05203312 0.9531161 0.2182092 0.05423778 0.9743937 0.6759828 0.05759865 0.734663 -0.9544497 -0.002666532 -0.2983601 -0.6774061 9.56252e-4 -0.7356086 -0.9544496 -0.002666652 -0.2983604 -0.9757472 -0.005574882 0.2188296 -0.9757468 -0.005574762 0.2188313 -0.7355938 -0.0069893 0.6773868 -0.7355948 -0.006989359 0.6773858 -0.2983386 -0.006531059 0.9544378 -0.2983388 -0.006531 0.9544378 0.2188611 -0.004322707 0.9757465 0.1008464 0.07227748 0.9922732 0.677412 -9.56153e-4 0.7356032 0.4367092 0.7532469 0.4918376 0.9544495 0.002666592 0.298361 0.6131197 0.7645813 0.1987455 0.6270323 0.7664771 -0.1390804 0.9757483 0.005574822 -0.218825 0.4753537 0.7584528 -0.4458568 0.735594 0.006989359 -0.6773865 0.2983395 0.006531059 -0.9544375 0.1826435 0.08298206 -0.9796711 -0.2188556 0.004322767 -0.9757477 -0.2188554 0.004322767 -0.9757478 -0.6774125 9.56179e-4 -0.7356029 -0.7197524 -0.6552122 -0.2294635 -0.7358728 -0.6574198 0.1621435 -0.5540348 -0.6584906 0.5093484 -0.2229574 -0.658149 0.7191175 -0.006659984 -0.7057489 0.7084308 -0.1627769 -0.6499203 -0.7423661 0.05273288 -0.6974856 -0.7146559 -0.2039417 0.4512848 -0.8687635 0.4300538 -0.6933593 -0.5781926 0.01893401 -0.9995669 -0.02253139 0.6702392 -0.7386845 -0.07158648 0.0216701 -0.9997206 -0.009446561 0.6654317 -0.7464544 0.00256139 0.02128231 -0.9997735 -2.65826e-5 0.6641297 -0.7463003 0.0443592 0.6639046 -0.7381229 0.1200216 0.01747953 -0.9997655 0.01278877 0.3891373 -0.7036988 0.5944579 -0.2068582 0.4309756 0.8783335 -0.6487253 0.7583277 0.06398844 -0.6434587 0.7654705 -0.003979802 -0.6439545 0.7569173 -0.1113506 -0.6425779 0.7651132 -0.04117488 0.6624335 0.2422161 -0.7088817 0.8379032 0.4817417 -0.2565994 0.859215 0.5099207 -0.04160195 0.8525514 0.5092355 0.1176248 0.8133506 0.4792764 0.3297803 0.6063383 0.2433318 0.7570624 -0.5570853 0.5667764 0.6069766 -0.5042815 0.5655116 -0.6526079 -0.4445091 0.8675741 -0.2229951 -0.4619956 0.8859739 0.0401318 -0.4572607 0.8867515 -0.06770855 -0.4629358 0.864532 0.1956396 -0.5099768 -0.6524798 -0.56053 0.004493594 -0.9999752 -0.005437731</float_array>
          <technique_common>
            <accessor source="#Handle_Back-mesh-normals-array" count="146" stride="3">
              <param name="X" type="float"/>
              <param name="Y" type="float"/>
              <param name="Z" type="float"/>
            </accessor>
          </technique_common>
        </source>
        <vertices id="Handle_Back-mesh-vertices">
          <input semantic="POSITION" source="#Handle_Back-mesh-positions"/>
        </vertices>
        <triangles material="steel-material" count="264">
          <input semantic="VERTEX" source="#Handle_Back-mesh-vertices" offset="0"/>
          <input semantic="NORMAL" source="#Handle_Back-mesh-normals" offset="1"/>
          <p>24 0 0 1 1 2 24 0 1 2 2 3 24 0 2 3 3 4 24 0 3 4 4 5 24 0 4 5 5 6 24 0 5 6 6 7 24 0 6 7 7 8 24 0 7 8 8 9 24 0 8 9 9 10 24 0 9 10 10 11 24 0 10 11 11 12 11 12 0 1 24 0 0 1 13 13 1 2 1 2 14 14 2 3 2 3 15 15 3 4 3 4 16 16 4 5 4 5 17 17 5 6 5 6 18 18 6 7 6 7 19 19 7 8 7 8 20 20 8 9 8 9 21 21 9 10 9 10 22 22 10 11 10 11 23 23 11 12 12 24 11 12 23 23 13 13 25 25 26 26 14 14 26 26 27 27 14 14 28 28 15 15 15 15 29 29 16 16 16 16 30 30 17 17 17 17 31 31 18 18 19 19 31 31 32 32 20 20 32 32 33 33 20 20 34 34 21 21 21 21 35 35 22 22 22 22 36 36 23 23 12 24 36 36 25 25 25 25 50 37 26 26 37 38 50 37 49 39 50 37 27 27 26 26 38 40 51 41 50 37 27 27 52 42 28 28 39 43 52 42 51 41 52 42 29 29 28 28 40 44 53 45 52 42 53 45 30 30 29 29 41 46 54 47 53 45 54 47 31 31 30 30 42 48 55 49 54 47 55 49 32 32 31 31 55 49 44 50 56 51 32 32 57 52 33 33 56 51 45 53 57 52 57 52 34 34 33 33 57 52 46 54 58 55 58 55 35 35 34 34 58 55 47 56 59 57 35 35 60 58 36 36 59 57 48 59 60 58 36 36 49 39 25 25 48 59 49 39 60 58 37 38 62 60 38 40 39 43 62 60 63 61 39 43 64 62 40 44 40 44 65 63 41 46 42 48 65 63 66 64 42 48 67 65 43 66 43 66 68 67 44 50 44 50 69 68 45 53 45 53 70 69 46 54 46 54 71 70 47 56 47 56 72 71 48 59 37 38 72 71 61 72 61 72 73 73 62 60 62 60 75 74 63 61 63 61 76 75 64 62 64 62 77 76 65 63 65 63 78 77 66 64 67 65 78 77 79 78 67 65 80 79 68 67 69 68 80 79 81 80 70 69 81 80 82 81 71 70 82 81 83 82 72 71 83 82 84 83 61 72 84 83 74 84 86 85 97 86 98 87 86 85 99 88 87 89 88 90 99 88 100 91 88 90 101 92 89 93 90 94 101 92 102 95 91 96 102 95 103 97 92 98 103 97 104 99 92 98 105 100 93 101 93 101 106 102 94 103 95 104 106 102 107 105 95 104 108 106 96 107 85 108 108 106 97 86 97 86 110 109 98 87 99 88 110 109 111 110 100 91 111 110 112 111 101 92 112 111 113 112 101 92 114 113 102 95 107 105 120 114 108 106 120 114 97 86 108 106 119 115 127 116 121 117 118 118 121 117 122 119 117 120 122 119 123 121 116 122 123 121 124 123 116 122 125 124 115 125 115 125 126 126 114 113 114 113 132 127 102 95 106 102 127 116 107 105 105 100 128 128 106 102 104 99 129 129 105 100 104 99 131 130 130 131 103 97 132 127 131 130 127 116 133 132 121 117 122 119 133 132 135 133 123 121 135 133 136 134 123 121 137 135 124 123 124 123 138 136 125 124 125 124 139 137 126 126 132 127 139 137 140 138 128 128 134 139 127 116 129 129 141 140 128 128 129 129 143 141 142 142 130 131 144 143 143 141 131 130 140 138 144 143 144 143 139 137 138 136 143 141 138 136 137 135 142 142 137 135 136 134 135 133 142 142 136 134 133 132 141 140 135 133 110 109 109 144 145 145 111 110 110 109 145 145 112 111 111 110 145 145 113 112 112 111 145 145 114 113 113 112 145 145 115 125 114 113 145 145 116 122 115 125 145 145 117 120 116 122 145 145 118 118 117 120 145 145 119 115 118 118 145 145 120 114 119 115 145 145 109 144 120 114 145 145 0 1 12 24 13 13 1 2 13 13 14 14 2 3 14 14 15 15 3 4 15 15 16 16 4 5 16 16 17 17 5 6 17 17 18 18 6 7 18 18 19 19 7 8 19 19 20 20 8 9 20 20 21 21 9 10 21 21 22 22 10 11 22 22 23 23 12 24 0 1 11 12 13 13 12 24 25 25 14 14 13 13 26 26 14 14 27 27 28 28 15 15 28 28 29 29 16 16 29 29 30 30 17 17 30 30 31 31 19 19 18 18 31 31 20 20 19 19 32 32 20 20 33 33 34 34 21 21 34 34 35 35 22 22 35 35 36 36 12 24 23 23 36 36 25 25 49 39 50 37 37 38 38 40 50 37 50 37 51 41 27 27 38 40 39 43 51 41 27 27 51 41 52 42 39 43 40 44 52 42 52 42 53 45 29 29 40 44 41 46 53 45 53 45 54 47 30 30 41 46 42 48 54 47 54 47 55 49 31 31 42 48 43 66 55 49 55 49 56 51 32 32 55 49 43 66 44 50 32 32 56 51 57 52 56 51 44 50 45 53 57 52 58 55 34 34 57 52 45 53 46 54 58 55 59 57 35 35 58 55 46 54 47 56 35 35 59 57 60 58 59 57 47 56 48 59 36 36 60 58 49 39 48 59 37 38 49 39 37 38 61 72 62 60 39 43 38 40 62 60 39 43 63 61 64 62 40 44 64 62 65 63 42 48 41 46 65 63 42 48 66 64 67 65 43 66 67 65 68 67 44 50 68 67 69 68 45 53 69 68 70 69 46 54 70 69 71 70 47 56 71 70 72 71 37 38 48 59 72 71 61 72 74 84 73 73 62 60 73 73 75 74 63 61 75 74 76 75 64 62 76 75 77 76 65 63 77 76 78 77 67 65 66 64 78 77 67 65 79 78 80 79 69 68 68 67 80 79 70 69 69 68 81 80 71 70 70 69 82 81 72 71 71 70 83 82 61 72 72 71 84 83 86 85 85 108 97 86 86 85 98 87 99 88 88 90 87 89 99 88 88 90 100 91 101 92 90 94 89 93 101 92 91 96 90 94 102 95 92 98 91 96 103 97 92 98 104 99 105 100 93 101 105 100 106 102 95 104 94 103 106 102 95 104 107 105 108 106 85 108 96 107 108 106 97 86 109 144 110 109 99 88 98 87 110 109 100 91 99 88 111 110 101 92 100 91 112 111 101 92 113 112 114 113 107 105 119 115 120 114 120 114 109 144 97 86 119 115 107 105 127 116 118 118 119 115 121 117 117 120 118 118 122 119 116 122 117 120 123 121 116 122 124 123 125 124 115 125 125 124 126 126 114 113 126 126 132 127 106 102 128 128 127 116 105 100 129 129 128 128 104 99 130 131 129 129 104 99 103 97 131 130 103 97 102 95 132 127 127 116 134 139 133 132 122 119 121 117 133 132 123 121 122 119 135 133 123 121 136 134 137 135 124 123 137 135 138 136 125 124 138 136 139 137 132 127 126 126 139 137 128 128 141 140 134 139 129 129 142 142 141 140 129 129 130 131 143 141 130 131 131 130 144 143 131 130 132 127 140 138 144 143 140 138 139 137 143 141 144 143 138 136 142 142 143 141 137 135 135 133 141 140 142 142 133 132 134 139 141 140</p>
        </triangles>
      </mesh>
    </geometry>
    <geometry id="Handle_Front-mesh" name="Handle_Front">
      <mesh>
        <source id="Handle_Front-mesh-positions">
          <float_array id="Handle_Front-mesh-positions-array" count="438">-0.03019267 -0.002780556 -0.03281581 -0.04254585 -0.002942085 -0.01331907 -0.04349547 -0.003071784 0.009742319 -0.03278702 -0.003134846 0.03018921 -0.01328992 -0.003114402 0.04254281 0.009771585 -0.003015935 0.04349297 0.0302183 -0.00286585 0.03278511 0.04257148 -0.002704322 0.01328843 0.0435211 -0.002574622 -0.009772956 0.03281271 -0.00251156 -0.03021985 0.01331561 -0.002532005 -0.04257351 -0.009745895 -0.002630472 -0.04352366 -0.02902269 -0.01958918 -0.03171879 -0.0409283 -0.01974487 -0.01292848 -0.04184353 -0.01986986 0.009297311 -0.03152316 -0.01993066 0.02900338 -0.0127325 -0.01991099 0.0409094 0.00949347 -0.01981604 0.04182523 0.02919942 -0.01967138 0.03150534 0.04110503 -0.01951569 0.01271504 0.04202026 -0.0193907 -0.009510755 0.03169989 -0.0193299 -0.02921688 0.01290923 -0.01934963 -0.04112291 -0.009316742 -0.01944452 -0.04203867 1.28343e-5 -0.002823233 -1.53401e-5 -0.0144611 -0.01961213 -0.01590621 -0.02041143 -0.01968991 -0.006514966 -0.02086883 -0.01975238 0.004593312 -0.01571083 -0.01978278 0.01444226 -0.006319344 -0.01977294 0.02039283 0.004788994 -0.0197255 0.02085053 0.01463782 -0.0196532 0.01569271 0.02058821 -0.01957541 0.006301462 0.02104562 -0.01951295 -0.004806816 0.01588755 -0.01948255 -0.01465576 0.006496131 -0.01949238 -0.02060627 -0.004612207 -0.01953983 -0.02106404 -0.01440769 -0.03150087 -0.01597088 -0.02035802 -0.03157871 -0.006579577 -0.02081543 -0.03164118 0.004528701 -0.01565736 -0.03167152 0.01437765 -0.006265938 -0.03166168 0.02032816 0.0048424 -0.03161424 0.02078586 0.01469129 -0.03154194 0.01562809 0.02064162 -0.03146415 0.006236851 0.02109903 -0.03140169 -0.004871428 0.01594102 -0.03137129 -0.01472038 0.006549537 -0.03138113 -0.02067095 -0.004558801 -0.03142857 -0.02112865 -0.01445657 -0.02062267 -0.01591169 -0.0204069 -0.02070051 -0.00652045 -0.0208643 -0.02076297 0.004587829 -0.01570624 -0.02079331 0.01443678 -0.006314814 -0.02078348 0.02038735 0.004793524 -0.02073603 0.02084499 0.01464235 -0.02066373 0.01568722 0.02059274 -0.02058595 0.006295979 0.02105015 -0.02052348 -0.0048123 0.01589208 -0.02049309 -0.01466125 0.006500661 -0.02050292 -0.02061182 -0.004607677 -0.02055037 -0.02106952 -0.01216179 -0.03150403 -0.01353198 -0.01719361 -0.03156983 -0.005590379 -0.01758038 -0.03162264 0.003803133 -0.01321858 -0.03164833 0.01213181 -0.005276799 -0.03164005 0.01716381 0.004116773 -0.03159993 0.01755082 0.01244539 -0.03153878 0.01318919 0.01747721 -0.03147298 0.005247652 0.01786404 -0.03142017 -0.00414592 0.01350218 -0.03139448 -0.01247459 0.005560457 -0.03140282 -0.01750659 -0.003833174 -0.03144288 -0.01789361 -0.01852178 -0.009611725 -0.005855321 -0.0131331 -0.009541213 -0.01436018 -0.01893603 -0.00966829 0.004204452 -0.01426482 -0.009695768 0.01312381 -0.005759835 -0.009686887 0.01851272 0.004300057 -0.009643912 0.01892721 0.01321929 -0.009578406 0.01425623 0.01860803 -0.009507954 0.00575143 0.01902228 -0.009451389 -0.004308402 0.01435106 -0.009423911 -0.01322776 0.005846083 -0.009432792 -0.01861667 -0.004213809 -0.009475767 -0.01903116 -0.01205104 -0.02431207 -0.01333743 -0.01702433 -0.0243771 -0.005488216 -0.01740664 -0.02442932 0.003795981 -0.01309555 -0.02445471 0.01202768 -0.005246222 -0.02444648 0.01700115 0.004038035 -0.02440685 0.01738369 0.01226967 -0.02434641 0.01307284 0.01724296 -0.02428138 0.005223631 0.01762527 -0.02422916 -0.004060566 0.01331418 -0.02420377 -0.01229226 0.005464911 -0.024212 -0.01726573 -0.003819406 -0.02425163 -0.01764827 -0.01189309 -0.0594598 -0.01352852 -0.01686638 -0.05952483 -0.005679368 -0.01724869 -0.05957704 0.003604829 -0.0129376 -0.05960243 0.01183658 -0.005088269 -0.05959421 0.01680999 0.004195988 -0.05955457 0.01719254 0.01242762 -0.05949413 0.01288169 0.01740092 -0.0594291 0.005032539 0.01778322 -0.05937689 -0.004251718 0.01347213 -0.0593515 -0.01248341 0.005622863 -0.05935972 -0.01745688 -0.003661453 -0.05939936 -0.01783943 -0.01183503 -0.0723738 -0.01359879 -0.01680833 -0.07243883 -0.005749583 -0.01719063 -0.07249104 0.003534615 -0.01287955 -0.07251644 0.01176631 -0.005030274 -0.07250821 0.01673978 0.004254043 -0.07246857 0.01712232 0.01248568 -0.07240813 0.01281148 0.01745897 -0.07234311 0.004962265 0.01784127 -0.07229089 -0.004321932 0.01353019 -0.0722655 -0.01255363 0.005680859 -0.07227373 -0.0175271 -0.003603398 -0.07231336 -0.01790964 0.1257352 -0.06936496 -0.006631195 0.1268824 -0.06874352 -0.003520727 0.1273995 -0.06840461 0.001801967 0.127148 -0.06843894 0.007910847 0.1261951 -0.0688374 0.01316899 0.1247963 -0.06949311 0.0161674 0.1241861 -0.06165295 -0.006511032 0.1253334 -0.06103152 -0.003400564 0.1258505 -0.0606926 0.00192219 0.1255989 -0.06072694 0.00803107 0.1246461 -0.06112539 0.01328915 0.1232473 -0.06178116 0.01628756 0.1369404 -0.0198214 -0.006400227 0.1345047 -0.01898777 -0.006495833 0.1376608 -0.01831007 -0.003302335 0.1379315 -0.0174573 0.002013087 0.1376799 -0.01749163 0.008121967 0.1369736 -0.01840388 0.01338738 0.1360016 -0.01994961 0.01639837 0.1335659 -0.01911598 0.01630276 0.1352251 -0.01747643 -0.003397941 0.1354959 -0.01662367 0.001917481 0.1352443 -0.016658 0.008026361 0.1345379 -0.01757025 0.01329177 3.25309e-4 -0.07239097 -3.93676e-4</float_array>
          <technique_common>
            <accessor source="#Handle_Front-mesh-positions-array" count="146" stride="3">
              <param name="X" type="float"/>
              <param name="Y" type="float"/>
              <param name="Z" type="float"/>
            </accessor>
          </technique_common>
        </source>
        <source id="Handle_Front-mesh-normals">
          <float_array id="Handle_Front-mesh-normals-array" count="438">-0.004493653 0.9999752 0.005438029 -0.5358362 0.6178019 -0.5755001 -0.7538419 0.6149512 -0.2314248 -0.7705995 0.6126626 0.1755594 -0.5816184 0.6115495 0.5364022 -0.2375364 0.6119102 0.7544153 0.1694505 0.6136481 0.7711825 0.5302903 0.6162973 0.5822113 0.7482958 0.6191483 0.2381361 0.7650539 0.6214362 -0.1688477 0.5760729 0.6225496 -0.5296905 0.2319911 0.6221889 -0.7477039 -0.1749963 0.620451 -0.7644716 -0.6892217 -0.6902905 -0.2201648 -0.7046692 -0.692403 0.1549823 -0.5304775 -0.6934257 0.4876009 -0.2133129 -0.6930935 0.6885631 0.1618375 -0.6914916 0.7040228 0.4944548 -0.6890464 0.5298392 0.6954089 -0.6864213 0.2126787 0.7108559 -0.6843157 -0.1624685 0.5366644 -0.6832863 -0.495087 0.2195001 -0.6836187 -0.6960497 -0.1556514 -0.6852172 -0.7115125 -0.4882664 -0.6876626 -0.5373233 -0.4285731 -0.7695947 -0.4733384 -0.6052575 -0.7719089 -0.1944735 -0.6188499 -0.7737557 0.1353774 -0.4656794 -0.7746641 0.4278297 -0.1868124 -0.7743698 0.6045267 0.1430408 -0.7729614 0.6181182 0.4354915 -0.7708169 0.4649609 0.612187 -0.7685012 0.1860996 0.6257663 -0.7666496 -0.1437532 0.4726051 -0.7657466 -0.4362071 0.1937355 -0.7660364 -0.6129069 -0.1361199 -0.7674494 -0.6264924 -0.9544485 -0.002669155 -0.298364 -0.5099913 -0.6524621 -0.5605374 -0.6774049 9.56125e-4 -0.7356098 -0.7197539 -0.6552125 -0.229458 -0.9757478 -0.005573868 0.2188274 -0.7355961 -0.006988823 0.6773844 -0.7358829 -0.6574072 0.1621487 -0.5540381 -0.6584822 0.5093556 -0.2983413 -0.006530523 0.954437 -0.2229545 -0.6581384 0.7191281 0.2188533 -0.004322171 0.9757482 0.1686549 -0.6564594 0.7352665 0.6774088 -9.56768e-4 0.7356062 0.7256242 -0.6511703 0.2223667 0.9544506 0.002667725 0.2983575 0.9757462 0.005574584 -0.2188344 0.741753 -0.6489685 -0.1692411 0.5599171 -0.6478972 -0.5164515 0.7355909 0.006990253 -0.6773899 0.2288375 -0.6482444 -0.7262318 0.2983362 0.006531596 -0.9544386 -0.2188545 0.004322946 -0.975748 -0.162779 -0.6499098 -0.7423747 0.6329113 -0.7498581 0.1927074 0.6469533 -0.7479459 -0.1484196 0.4885588 -0.7470094 -0.4508739 0.2001579 -0.7473092 -0.6336133 -0.1409747 -0.7487663 -0.647669 -0.4434196 -0.7509946 -0.4892712 0.5158495 -0.6539241 0.5534282 -0.626159 -0.7533739 -0.2008802 -0.6402001 -0.7552973 0.1402497 -0.4817996 -0.7562302 0.4427021 -0.1933969 -0.7559279 0.6254364 0.1477328 -0.7544682 0.6394943 0.4501734 -0.7522588 0.4810931 0.9525513 0.06121522 0.2981593 0.9738079 0.06411856 -0.2181445 0.7340633 0.06553035 -0.6759119 0.2975566 0.06507259 -0.952484 -0.2187433 0.06286799 -0.9737552 -0.6765089 0.05950707 -0.7340263 -0.9530749 0.05589061 -0.2975305 -0.9743377 0.05298751 0.218766 -0.7346003 0.0515756 0.6765371 -0.2980979 0.05203312 0.9531161 0.2182092 0.05423778 0.9743937 0.6759828 0.05759865 0.734663 -0.9544497 -0.002666532 -0.2983601 -0.6774061 9.56252e-4 -0.7356086 -0.9544496 -0.002666652 -0.2983604 -0.9757472 -0.005574882 0.2188296 -0.9757468 -0.005574762 0.2188313 -0.7355938 -0.0069893 0.6773868 -0.7355948 -0.006989359 0.6773858 -0.2983386 -0.006531059 0.9544378 -0.2983388 -0.006531 0.9544378 0.2188611 -0.004322707 0.9757465 0.1008464 0.07227748 0.9922732 0.677412 -9.56153e-4 0.7356032 0.4367092 0.7532469 0.4918376 0.9544495 0.002666592 0.298361 0.6131197 0.7645813 0.1987455 0.6270323 0.7664771 -0.1390804 0.9757483 0.005574822 -0.218825 0.4753537 0.7584528 -0.4458568 0.735594 0.006989359 -0.6773865 0.2983395 0.006531059 -0.9544375 0.1826435 0.08298206 -0.9796711 -0.2188556 0.004322767 -0.9757477 -0.2188554 0.004322767 -0.9757478 -0.6774125 9.56179e-4 -0.7356029 -0.7197524 -0.6552122 -0.2294635 -0.7358728 -0.6574198 0.1621435 -0.5540348 -0.6584906 0.5093484 -0.2229574 -0.658149 0.7191175 -0.006659984 -0.7057489 0.7084308 -0.1627769 -0.6499203 -0.7423661 0.05273288 -0.6974856 -0.7146559 -0.2039417 0.4512848 -0.8687635 0.4300538 -0.6933593 -0.5781926 0.01893401 -0.9995669 -0.02253139 0.6702392 -0.7386845 -0.07158648 0.0216701 -0.9997206 -0.009446561 0.6654317 -0.7464544 0.00256139 0.02128231 -0.9997735 -2.65826e-5 0.6641297 -0.7463003 0.0443592 0.6639046 -0.7381229 0.1200216 0.01747953 -0.9997655 0.01278877 0.3891373 -0.7036988 0.5944579 -0.2068582 0.4309756 0.8783335 -0.6487253 0.7583277 0.06398844 -0.6434587 0.7654705 -0.003979802 -0.6439545 0.7569173 -0.1113506 -0.6425779 0.7651132 -0.04117488 0.6624335 0.2422161 -0.7088817 0.8379032 0.4817417 -0.2565994 0.859215 0.5099207 -0.04160195 0.8525514 0.5092355 0.1176248 0.8133506 0.4792764 0.3297803 0.6063383 0.2433318 0.7570624 -0.5570853 0.5667764 0.6069766 -0.5042815 0.5655116 -0.6526079 -0.4445091 0.8675741 -0.2229951 -0.4619956 0.8859739 0.0401318 -0.4572607 0.8867515 -0.06770855 -0.4629358 0.864532 0.1956396 -0.5099768 -0.6524798 -0.56053 0.004493594 -0.9999752 -0.005437731</float_array>
          <technique_common>
            <accessor source="#Handle_Front-mesh-normals-array" count="146" stride="3">
              <param name="X" type="float"/>
              <param name="Y" type="float"/>
              <param name="Z" type="float"/>
            </accessor>
          </technique_common>
        </source>
        <vertices id="Handle_Front-mesh-vertices">
          <input semantic="POSITION" source="#Handle_Front-mesh-positions"/>
        </vertices>
        <triangles material="steel-material" count="264">
          <input semantic="VERTEX" source="#Handle_Front-mesh-vertices" offset="0"/>
          <input semantic="NORMAL" source="#Handle_Front-mesh-normals" offset="1"/>
          <p>24 0 0 1 1 2 24 0 1 2 2 3 24 0 2 3 3 4 24 0 3 4 4 5 24 0 4 5 5 6 24 0 5 6 6 7 24 0 6 7 7 8 24 0 7 8 8 9 24 0 8 9 9 10 24 0 9 10 10 11 24 0 10 11 11 12 11 12 0 1 24 0 0 1 13 13 1 2 1 2 14 14 2 3 2 3 15 15 3 4 3 4 16 16 4 5 4 5 17 17 5 6 5 6 18 18 6 7 6 7 19 19 7 8 7 8 20 20 8 9 8 9 21 21 9 10 9 10 22 22 10 11 10 11 23 23 11 12 12 24 11 12 23 23 13 13 25 25 26 26 14 14 26 26 27 27 14 14 28 28 15 15 15 15 29 29 16 16 16 16 30 30 17 17 17 17 31 31 18 18 19 19 31 31 32 32 20 20 32 32 33 33 20 20 34 34 21 21 21 21 35 35 22 22 22 22 36 36 23 23 12 24 36 36 25 25 25 25 50 37 26 26 37 38 50 37 49 39 50 37 27 27 26 26 38 40 51 41 50 37 27 27 52 42 28 28 39 43 52 42 51 41 52 42 29 29 28 28 40 44 53 45 52 42 53 45 30 30 29 29 41 46 54 47 53 45 54 47 31 31 30 30 42 48 55 49 54 47 55 49 32 32 31 31 55 49 44 50 56 51 32 32 57 52 33 33 56 51 45 53 57 52 57 52 34 34 33 33 57 52 46 54 58 55 58 55 35 35 34 34 58 55 47 56 59 57 35 35 60 58 36 36 59 57 48 59 60 58 36 36 49 39 25 25 48 59 49 39 60 58 37 38 62 60 38 40 39 43 62 60 63 61 39 43 64 62 40 44 40 44 65 63 41 46 42 48 65 63 66 64 42 48 67 65 43 66 43 66 68 67 44 50 44 50 69 68 45 53 45 53 70 69 46 54 46 54 71 70 47 56 47 56 72 71 48 59 37 38 72 71 61 72 61 72 73 73 62 60 62 60 75 74 63 61 63 61 76 75 64 62 64 62 77 76 65 63 65 63 78 77 66 64 67 65 78 77 79 78 67 65 80 79 68 67 69 68 80 79 81 80 70 69 81 80 82 81 71 70 82 81 83 82 72 71 83 82 84 83 61 72 84 83 74 84 86 85 97 86 98 87 86 85 99 88 87 89 88 90 99 88 100 91 88 90 101 92 89 93 90 94 101 92 102 95 91 96 102 95 103 97 92 98 103 97 104 99 92 98 105 100 93 101 93 101 106 102 94 103 95 104 106 102 107 105 95 104 108 106 96 107 85 108 108 106 97 86 97 86 110 109 98 87 99 88 110 109 111 110 100 91 111 110 112 111 101 92 112 111 113 112 101 92 114 113 102 95 107 105 120 114 108 106 120 114 97 86 108 106 119 115 127 116 121 117 118 118 121 117 122 119 117 120 122 119 123 121 116 122 123 121 124 123 116 122 125 124 115 125 115 125 126 126 114 113 114 113 132 127 102 95 106 102 127 116 107 105 105 100 128 128 106 102 104 99 129 129 105 100 104 99 131 130 130 131 103 97 132 127 131 130 127 116 133 132 121 117 122 119 133 132 135 133 123 121 135 133 136 134 123 121 137 135 124 123 124 123 138 136 125 124 125 124 139 137 126 126 132 127 139 137 140 138 128 128 134 139 127 116 129 129 141 140 128 128 129 129 143 141 142 142 130 131 144 143 143 141 131 130 140 138 144 143 144 143 139 137 138 136 143 141 138 136 137 135 142 142 137 135 136 134 135 133 142 142 136 134 133 132 141 140 135 133 110 109 109 144 145 145 111 110 110 109 145 145 112 111 111 110 145 145 113 112 112 111 145 145 114 113 113 112 145 145 115 125 114 113 145 145 116 122 115 125 145 145 117 120 116 122 145 145 118 118 117 120 145 145 119 115 118 118 145 145 120 114 119 115 145 145 109 144 120 114 145 145 0 1 12 24 13 13 1 2 13 13 14 14 2 3 14 14 15 15 3 4 15 15 16 16 4 5 16 16 17 17 5 6 17 17 18 18 6 7 18 18 19 19 7 8 19 19 20 20 8 9 20 20 21 21 9 10 21 21 22 22 10 11 22 22 23 23 12 24 0 1 11 12 13 13 12 24 25 25 14 14 13 13 26 26 14 14 27 27 28 28 15 15 28 28 29 29 16 16 29 29 30 30 17 17 30 30 31 31 19 19 18 18 31 31 20 20 19 19 32 32 20 20 33 33 34 34 21 21 34 34 35 35 22 22 35 35 36 36 12 24 23 23 36 36 25 25 49 39 50 37 37 38 38 40 50 37 50 37 51 41 27 27 38 40 39 43 51 41 27 27 51 41 52 42 39 43 40 44 52 42 52 42 53 45 29 29 40 44 41 46 53 45 53 45 54 47 30 30 41 46 42 48 54 47 54 47 55 49 31 31 42 48 43 66 55 49 55 49 56 51 32 32 55 49 43 66 44 50 32 32 56 51 57 52 56 51 44 50 45 53 57 52 58 55 34 34 57 52 45 53 46 54 58 55 59 57 35 35 58 55 46 54 47 56 35 35 59 57 60 58 59 57 47 56 48 59 36 36 60 58 49 39 48 59 37 38 49 39 37 38 61 72 62 60 39 43 38 40 62 60 39 43 63 61 64 62 40 44 64 62 65 63 42 48 41 46 65 63 42 48 66 64 67 65 43 66 67 65 68 67 44 50 68 67 69 68 45 53 69 68 70 69 46 54 70 69 71 70 47 56 71 70 72 71 37 38 48 59 72 71 61 72 74 84 73 73 62 60 73 73 75 74 63 61 75 74 76 75 64 62 76 75 77 76 65 63 77 76 78 77 67 65 66 64 78 77 67 65 79 78 80 79 69 68 68 67 80 79 70 69 69 68 81 80 71 70 70 69 82 81 72 71 71 70 83 82 61 72 72 71 84 83 86 85 85 108 97 86 86 85 98 87 99 88 88 90 87 89 99 88 88 90 100 91 101 92 90 94 89 93 101 92 91 96 90 94 102 95 92 98 91 96 103 97 92 98 104 99 105 100 93 101 105 100 106 102 95 104 94 103 106 102 95 104 107 105 108 106 85 108 96 107 108 106 97 86 109 144 110 109 99 88 98 87 110 109 100 91 99 88 111 110 101 92 100 91 112 111 101 92 113 112 114 113 107 105 119 115 120 114 120 114 109 144 97 86 119 115 107 105 127 116 118 118 119 115 121 117 117 120 118 118 122 119 116 122 117 120 123 121 116 122 124 123 125 124 115 125 125 124 126 126 114 113 126 126 132 127 106 102 128 128 127 116 105 100 129 129 128 128 104 99 130 131 129 129 104 99 103 97 131 130 103 97 102 95 132 127 127 116 134 139 133 132 122 119 121 117 133 132 123 121 122 119 135 133 123 121 136 134 137 135 124 123 137 135 138 136 125 124 138 136 139 137 132 127 126 126 139 137 128 128 141 140 134 139 129 129 142 142 141 140 129 129 130 131 143 141 130 131 131 130 144 143 131 130 132 127 140 138 144 143 140 138 139 137 143 141 144 143 138 136 142 142 143 141 137 135 135 133 141 140 142 142 133 132 134 139 141 140</p>
        </triangles>
      </mesh>
    </geometry>
    <geometry id="Door-mesh" name="Door">
      <mesh>
        <source id="Door-mesh-positions">
          <float_array id="Door-mesh-positions-array" count="24">-0.8660001 0 -1.046 -0.8660001 0.04899996 -1.046 0 0.04899996 -1.046 0 0 -1.046 -0.8660001 0 0.994 -0.8660001 0.04899996 0.994 0 0.04899996 0.994 0 0 0.994</float_array>
          <technique_common>
            <accessor source="#Door-mesh-positions-array" count="8" stride="3">
              <param name="X" type="float"/>
              <param name="Y" type="float"/>
              <param name="Z" type="float"/>
            </accessor>
          </technique_common>
        </source>
        <source id="Door-mesh-normals">
          <float_array id="Door-mesh-normals-array" count="36">-1 0 0 0 1 0 1 0 0 0 -1 0 0 0 -1 0 0 1 -1 0 0 0 1 0 1 0 0 0 -1 0 0 0 -1 0 0 1</float_array>
          <technique_common>
            <accessor source="#Door-mesh-normals-array" count="12" stride="3">
              <param name="X" type="float"/>
              <param name="Y" type="float"/>
              <param name="Z" type="float"/>
            </accessor>
          </technique_common>
        </source>
        <vertices id="Door-mesh-vertices">
          <input semantic="POSITION" source="#Door-mesh-positions"/>
        </vertices>
        <triangles material="fine_grained_wood-material" count="12">
          <input semantic="VERTEX" source="#Door-mesh-vertices" offset="0"/>
          <input semantic="NORMAL" source="#Door-mesh-normals" offset="1"/>
          <p>5 0 0 0 4 0 6 1 1 1 5 1 7 2 2 2 6 2 4 3 3 3 7 3 1 4 3 4 0 4 6 5 4 5 7 5 5 6 1 6 0 6 6 7 2 7 1 7 7 8 3 8 2 8 4 9 0 9 3 9 1 10 2 10 3 10 6 11 5 11 4 11</p>
        </triangles>
      </mesh>
    </geometry>
    <geometry id="DoorFrane_002-mesh" name="DoorFrane.002">
      <mesh>
        <source id="DoorFrane_002-mesh-positions">
          <float_array id="DoorFrane_002-mesh-positions-array" count="96">-0.485 -0.03666663 0 -0.485 0.07333332 0 -0.435 0.07333332 0 -0.485 -0.03666663 2.1 -0.485 0.07333332 2.1 0.485 0.07333332 2.1 0.485 -0.03666663 2.1 0.435 -0.03666663 2.05 -0.435 0.07333332 2.05 0.435 -0.03666663 0 0.485 -0.03666663 0 0.485 0.07333332 0 0.435 0.01833331 2.05 -0.435 0.01833331 2.05 -0.435 0.01833331 0 -0.415 0.01833331 2.05 -0.415 0.01833331 0 -0.415 0.07333332 2.05 -0.415 0.07333332 0 0.435 0.01833331 0 -0.435 -0.03666663 2.05 -0.435 -0.03666663 0 0.435 0.07333332 2.05 0.435 0.07333332 0 0.415 0.07333332 0 0.415 0.01833331 0 0.415 0.07333332 2.05 0.415 0.01833331 2.03 0.415 0.01833331 2.05 -0.415 0.07333332 2.03 -0.415 0.01833331 2.03 0.415 0.07333332 2.03</float_array>
          <technique_common>
            <accessor source="#DoorFrane_002-mesh-positions-array" count="32" stride="3">
              <param name="X" type="float"/>
              <param name="Y" type="float"/>
              <param name="Z" type="float"/>
            </accessor>
          </technique_common>
        </source>
        <source id="DoorFrane_002-mesh-normals">
          <float_array id="DoorFrane_002-mesh-normals-array" count="141">-1 0 0 -1 0 0 0 0 1 1 0 0 1 0 0 1 0 0 0 1 0 0 0 -1 0 -1 0 0 -1 0 0 -1 0 0 1 0 0 0 -1 0 -1 0 0 1 0 0 0 -1 0 1 0 0 -1 0 -1 0 0 0 0 -1 0 1 0 0 1 0 0 -1 0 0 0 1 -1 0 0 -1 0 0 0 0 1 1 0 0 1 0 0 1 0 0 0 1 0 0 0 -1 0 -1 0 0 -1 0 0 -1 0 0 1 0 0 0 -1 0 -1 0 0 1 0 0 0 -1 0 1 0 0 -1 0 -1 0 0 0 0 -1 0 1 0 0 1 0 0 -1 0</float_array>
          <technique_common>
            <accessor source="#DoorFrane_002-mesh-normals-array" count="47" stride="3">
              <param name="X" type="float"/>
              <param name="Y" type="float"/>
              <param name="Z" type="float"/>
            </accessor>
          </technique_common>
        </source>
        <vertices id="DoorFrane_002-mesh-vertices">
          <input semantic="POSITION" source="#DoorFrane_002-mesh-positions"/>
        </vertices>
        <triangles material="Plastic-material" count="47">
          <input semantic="VERTEX" source="#DoorFrane_002-mesh-vertices" offset="0"/>
          <input semantic="NORMAL" source="#DoorFrane_002-mesh-normals" offset="1"/>
          <p>4 0 0 0 3 0 12 1 9 1 7 1 3 2 5 2 4 2 11 3 6 3 10 3 20 4 14 4 13 4 15 5 18 5 17 5 11 6 22 6 5 6 13 7 7 7 20 7 20 8 0 8 21 8 10 9 7 9 9 9 14 10 15 10 13 10 8 11 1 11 4 11 31 12 30 12 29 12 6 13 20 13 7 13 4 14 22 14 8 14 2 15 16 15 14 15 18 16 8 16 17 16 25 17 12 17 28 17 26 18 25 18 28 18 24 19 19 19 25 19 23 20 26 20 22 20 17 21 31 21 29 21 30 22 28 22 15 22 8 23 22 23 26 23 4 24 1 24 0 24 12 25 19 25 9 25 3 26 6 26 5 26 11 27 5 27 6 27 20 28 21 28 14 28 15 29 16 29 18 29 11 30 23 30 22 30 13 31 12 31 7 31 20 32 3 32 0 32 10 33 6 33 7 33 14 34 16 34 15 34 8 35 2 35 1 35 31 36 27 36 30 36 6 37 3 37 20 37 4 38 5 38 22 38 2 39 18 39 16 39 18 40 2 40 8 40 25 41 19 41 12 41 26 42 24 42 25 42 24 43 23 43 19 43 23 44 24 44 26 44 17 45 26 45 31 45 30 46 27 46 28 46</p>
        </triangles>
      </mesh>
    </geometry>
    <geometry id="Handle_Back_016-mesh" name="Handle_Back.016">
      <mesh>
        <source id="Handle_Back_016-mesh-positions">
          <float_array id="Handle_Back_016-mesh-positions-array" count="438">-0.03019267 -0.002780556 -0.03281581 -0.04254585 -0.002942085 -0.01331907 -0.04349547 -0.003071784 0.009742319 -0.03278702 -0.003134846 0.03018921 -0.01328992 -0.003114402 0.04254281 0.009771585 -0.003015935 0.04349297 0.0302183 -0.00286585 0.03278511 0.04257148 -0.002704322 0.01328843 0.0435211 -0.002574622 -0.009772956 0.03281271 -0.00251156 -0.03021985 0.01331561 -0.002532005 -0.04257351 -0.009745895 -0.002630472 -0.04352366 -0.02902269 -0.01958918 -0.03171879 -0.0409283 -0.01974487 -0.01292848 -0.04184353 -0.01986986 0.009297311 -0.03152316 -0.01993066 0.02900338 -0.0127325 -0.01991099 0.0409094 0.00949347 -0.01981604 0.04182523 0.02919942 -0.01967138 0.03150534 0.04110503 -0.01951569 0.01271504 0.04202026 -0.0193907 -0.009510755 0.03169989 -0.0193299 -0.02921688 0.01290923 -0.01934963 -0.04112291 -0.009316742 -0.01944452 -0.04203867 1.28343e-5 -0.002823233 -1.53401e-5 -0.0144611 -0.01961213 -0.01590621 -0.02041143 -0.01968991 -0.006514966 -0.02086883 -0.01975238 0.004593312 -0.01571083 -0.01978278 0.01444226 -0.006319344 -0.01977294 0.02039283 0.004788994 -0.0197255 0.02085053 0.01463782 -0.0196532 0.01569271 0.02058821 -0.01957541 0.006301462 0.02104562 -0.01951295 -0.004806816 0.01588755 -0.01948255 -0.01465576 0.006496131 -0.01949238 -0.02060627 -0.004612207 -0.01953983 -0.02106404 -0.01440769 -0.03150087 -0.01597088 -0.02035802 -0.03157871 -0.006579577 -0.02081543 -0.03164118 0.004528701 -0.01565736 -0.03167152 0.01437765 -0.006265938 -0.03166168 0.02032816 0.0048424 -0.03161424 0.02078586 0.01469129 -0.03154194 0.01562809 0.02064162 -0.03146415 0.006236851 0.02109903 -0.03140169 -0.004871428 0.01594102 -0.03137129 -0.01472038 0.006549537 -0.03138113 -0.02067095 -0.004558801 -0.03142857 -0.02112865 -0.01445657 -0.02062267 -0.01591169 -0.0204069 -0.02070051 -0.00652045 -0.0208643 -0.02076297 0.004587829 -0.01570624 -0.02079331 0.01443678 -0.006314814 -0.02078348 0.02038735 0.004793524 -0.02073603 0.02084499 0.01464235 -0.02066373 0.01568722 0.02059274 -0.02058595 0.006295979 0.02105015 -0.02052348 -0.0048123 0.01589208 -0.02049309 -0.01466125 0.006500661 -0.02050292 -0.02061182 -0.004607677 -0.02055037 -0.02106952 -0.01216179 -0.03150403 -0.01353198 -0.01719361 -0.03156983 -0.005590379 -0.01758038 -0.03162264 0.003803133 -0.01321858 -0.03164833 0.01213181 -0.005276799 -0.03164005 0.01716381 0.004116773 -0.03159993 0.01755082 0.01244539 -0.03153878 0.01318919 0.01747721 -0.03147298 0.005247652 0.01786404 -0.03142017 -0.00414592 0.01350218 -0.03139448 -0.01247459 0.005560457 -0.03140282 -0.01750659 -0.003833174 -0.03144288 -0.01789361 -0.01852178 -0.009611725 -0.005855321 -0.0131331 -0.009541213 -0.01436018 -0.01893603 -0.00966829 0.004204452 -0.01426482 -0.009695768 0.01312381 -0.005759835 -0.009686887 0.01851272 0.004300057 -0.009643912 0.01892721 0.01321929 -0.009578406 0.01425623 0.01860803 -0.009507954 0.00575143 0.01902228 -0.009451389 -0.004308402 0.01435106 -0.009423911 -0.01322776 0.005846083 -0.009432792 -0.01861667 -0.004213809 -0.009475767 -0.01903116 -0.01205104 -0.02431207 -0.01333743 -0.01702433 -0.0243771 -0.005488216 -0.01740664 -0.02442932 0.003795981 -0.01309555 -0.02445471 0.01202768 -0.005246222 -0.02444648 0.01700115 0.004038035 -0.02440685 0.01738369 0.01226967 -0.02434641 0.01307284 0.01724296 -0.02428138 0.005223631 0.01762527 -0.02422916 -0.004060566 0.01331418 -0.02420377 -0.01229226 0.005464911 -0.024212 -0.01726573 -0.003819406 -0.02425163 -0.01764827 -0.01189309 -0.0594598 -0.01352852 -0.01686638 -0.05952483 -0.005679368 -0.01724869 -0.05957704 0.003604829 -0.0129376 -0.05960243 0.01183658 -0.005088269 -0.05959421 0.01680999 0.004195988 -0.05955457 0.01719254 0.01242762 -0.05949413 0.01288169 0.01740092 -0.0594291 0.005032539 0.01778322 -0.05937689 -0.004251718 0.01347213 -0.0593515 -0.01248341 0.005622863 -0.05935972 -0.01745688 -0.003661453 -0.05939936 -0.01783943 -0.01183503 -0.0723738 -0.01359879 -0.01680833 -0.07243883 -0.005749583 -0.01719063 -0.07249104 0.003534615 -0.01287955 -0.07251644 0.01176631 -0.005030274 -0.07250821 0.01673978 0.004254043 -0.07246857 0.01712232 0.01248568 -0.07240813 0.01281148 0.01745897 -0.07234311 0.004962265 0.01784127 -0.07229089 -0.004321932 0.01353019 -0.0722655 -0.01255363 0.005680859 -0.07227373 -0.0175271 -0.003603398 -0.07231336 -0.01790964 0.1257352 -0.06936496 -0.006631195 0.1268824 -0.06874352 -0.003520727 0.1273995 -0.06840461 0.001801967 0.127148 -0.06843894 0.007910847 0.1261951 -0.0688374 0.01316899 0.1247963 -0.06949311 0.0161674 0.1241861 -0.06165295 -0.006511032 0.1253334 -0.06103152 -0.003400564 0.1258505 -0.0606926 0.00192219 0.1255989 -0.06072694 0.00803107 0.1246461 -0.06112539 0.01328915 0.1232473 -0.06178116 0.01628756 0.1369404 -0.0198214 -0.006400227 0.1345047 -0.01898777 -0.006495833 0.1376608 -0.01831007 -0.003302335 0.1379315 -0.0174573 0.002013087 0.1376799 -0.01749163 0.008121967 0.1369736 -0.01840388 0.01338738 0.1360016 -0.01994961 0.01639837 0.1335659 -0.01911598 0.01630276 0.1352251 -0.01747643 -0.003397941 0.1354959 -0.01662367 0.001917481 0.1352443 -0.016658 0.008026361 0.1345379 -0.01757025 0.01329177 3.25309e-4 -0.07239097 -3.93676e-4</float_array>
          <technique_common>
            <accessor source="#Handle_Back_016-mesh-positions-array" count="146" stride="3">
              <param name="X" type="float"/>
              <param name="Y" type="float"/>
              <param name="Z" type="float"/>
            </accessor>
          </technique_common>
        </source>
        <source id="Handle_Back_016-mesh-normals">
          <float_array id="Handle_Back_016-mesh-normals-array" count="438">-0.004493653 0.9999752 0.005438029 -0.5358362 0.6178019 -0.5755001 -0.7538419 0.6149512 -0.2314248 -0.7705995 0.6126626 0.1755594 -0.5816184 0.6115495 0.5364022 -0.2375364 0.6119102 0.7544153 0.1694505 0.6136481 0.7711825 0.5302903 0.6162973 0.5822113 0.7482958 0.6191483 0.2381361 0.7650539 0.6214362 -0.1688477 0.5760729 0.6225496 -0.5296905 0.2319911 0.6221889 -0.7477039 -0.1749963 0.620451 -0.7644716 -0.6892217 -0.6902905 -0.2201648 -0.7046692 -0.692403 0.1549823 -0.5304775 -0.6934257 0.4876009 -0.2133129 -0.6930935 0.6885631 0.1618375 -0.6914916 0.7040228 0.4944548 -0.6890464 0.5298392 0.6954089 -0.6864213 0.2126787 0.7108559 -0.6843157 -0.1624685 0.5366644 -0.6832863 -0.495087 0.2195001 -0.6836187 -0.6960497 -0.1556514 -0.6852172 -0.7115125 -0.4882664 -0.6876626 -0.5373233 -0.4285731 -0.7695947 -0.4733384 -0.6052575 -0.7719089 -0.1944735 -0.6188499 -0.7737557 0.1353774 -0.4656794 -0.7746641 0.4278297 -0.1868124 -0.7743698 0.6045267 0.1430408 -0.7729614 0.6181182 0.4354915 -0.7708169 0.4649609 0.612187 -0.7685012 0.1860996 0.6257663 -0.7666496 -0.1437532 0.4726051 -0.7657466 -0.4362071 0.1937355 -0.7660364 -0.6129069 -0.1361199 -0.7674494 -0.6264924 -0.9544485 -0.002669155 -0.298364 -0.5099913 -0.6524621 -0.5605374 -0.6774049 9.56125e-4 -0.7356098 -0.7197539 -0.6552125 -0.229458 -0.9757478 -0.005573868 0.2188274 -0.7355961 -0.006988823 0.6773844 -0.7358829 -0.6574072 0.1621487 -0.5540381 -0.6584822 0.5093556 -0.2983413 -0.006530523 0.954437 -0.2229545 -0.6581384 0.7191281 0.2188533 -0.004322171 0.9757482 0.1686549 -0.6564594 0.7352665 0.6774088 -9.56768e-4 0.7356062 0.7256242 -0.6511703 0.2223667 0.9544506 0.002667725 0.2983575 0.9757462 0.005574584 -0.2188344 0.741753 -0.6489685 -0.1692411 0.5599171 -0.6478972 -0.5164515 0.7355909 0.006990253 -0.6773899 0.2288375 -0.6482444 -0.7262318 0.2983362 0.006531596 -0.9544386 -0.2188545 0.004322946 -0.975748 -0.162779 -0.6499098 -0.7423747 0.6329113 -0.7498581 0.1927074 0.6469533 -0.7479459 -0.1484196 0.4885588 -0.7470094 -0.4508739 0.2001579 -0.7473092 -0.6336133 -0.1409747 -0.7487663 -0.647669 -0.4434196 -0.7509946 -0.4892712 0.5158495 -0.6539241 0.5534282 -0.626159 -0.7533739 -0.2008802 -0.6402001 -0.7552973 0.1402497 -0.4817996 -0.7562302 0.4427021 -0.1933969 -0.7559279 0.6254364 0.1477328 -0.7544682 0.6394943 0.4501734 -0.7522588 0.4810931 0.9525513 0.06121522 0.2981593 0.9738079 0.06411856 -0.2181445 0.7340633 0.06553035 -0.6759119 0.2975566 0.06507259 -0.952484 -0.2187433 0.06286799 -0.9737552 -0.6765089 0.05950707 -0.7340263 -0.9530749 0.05589061 -0.2975305 -0.9743377 0.05298751 0.218766 -0.7346003 0.0515756 0.6765371 -0.2980979 0.05203312 0.9531161 0.2182092 0.05423778 0.9743937 0.6759828 0.05759865 0.734663 -0.9544497 -0.002666532 -0.2983601 -0.6774061 9.56252e-4 -0.7356086 -0.9544496 -0.002666652 -0.2983604 -0.9757472 -0.005574882 0.2188296 -0.9757468 -0.005574762 0.2188313 -0.7355938 -0.0069893 0.6773868 -0.7355948 -0.006989359 0.6773858 -0.2983386 -0.006531059 0.9544378 -0.2983388 -0.006531 0.9544378 0.2188611 -0.004322707 0.9757465 0.1008464 0.07227748 0.9922732 0.677412 -9.56153e-4 0.7356032 0.4367092 0.7532469 0.4918376 0.9544495 0.002666592 0.298361 0.6131197 0.7645813 0.1987455 0.6270323 0.7664771 -0.1390804 0.9757483 0.005574822 -0.218825 0.4753537 0.7584528 -0.4458568 0.735594 0.006989359 -0.6773865 0.2983395 0.006531059 -0.9544375 0.1826435 0.08298206 -0.9796711 -0.2188556 0.004322767 -0.9757477 -0.2188554 0.004322767 -0.9757478 -0.6774125 9.56179e-4 -0.7356029 -0.7197524 -0.6552122 -0.2294635 -0.7358728 -0.6574198 0.1621435 -0.5540348 -0.6584906 0.5093484 -0.2229574 -0.658149 0.7191175 -0.006659984 -0.7057489 0.7084308 -0.1627769 -0.6499203 -0.7423661 0.05273288 -0.6974856 -0.7146559 -0.2039417 0.4512848 -0.8687635 0.4300538 -0.6933593 -0.5781926 0.01893401 -0.9995669 -0.02253139 0.6702392 -0.7386845 -0.07158648 0.0216701 -0.9997206 -0.009446561 0.6654317 -0.7464544 0.00256139 0.02128231 -0.9997735 -2.65826e-5 0.6641297 -0.7463003 0.0443592 0.6639046 -0.7381229 0.1200216 0.01747953 -0.9997655 0.01278877 0.3891373 -0.7036988 0.5944579 -0.2068582 0.4309756 0.8783335 -0.6487253 0.7583277 0.06398844 -0.6434587 0.7654705 -0.003979802 -0.6439545 0.7569173 -0.1113506 -0.6425779 0.7651132 -0.04117488 0.6624335 0.2422161 -0.7088817 0.8379032 0.4817417 -0.2565994 0.859215 0.5099207 -0.04160195 0.8525514 0.5092355 0.1176248 0.8133506 0.4792764 0.3297803 0.6063383 0.2433318 0.7570624 -0.5570853 0.5667764 0.6069766 -0.5042815 0.5655116 -0.6526079 -0.4445091 0.8675741 -0.2229951 -0.4619956 0.8859739 0.0401318 -0.4572607 0.8867515 -0.06770855 -0.4629358 0.864532 0.1956396 -0.5099768 -0.6524798 -0.56053 0.004493594 -0.9999752 -0.005437731</float_array>
          <technique_common>
            <accessor source="#Handle_Back_016-mesh-normals-array" count="146" stride="3">
              <param name="X" type="float"/>
              <param name="Y" type="float"/>
              <param name="Z" type="float"/>
            </accessor>
          </technique_common>
        </source>
        <vertices id="Handle_Back_016-mesh-vertices">
          <input semantic="POSITION" source="#Handle_Back_016-mesh-positions"/>
        </vertices>
        <triangles material="steel-material" count="264">
          <input semantic="VERTEX" source="#Handle_Back_016-mesh-vertices" offset="0"/>
          <input semantic="NORMAL" source="#Handle_Back_016-mesh-normals" offset="1"/>
          <p>24 0 0 1 1 2 24 0 1 2 2 3 24 0 2 3 3 4 24 0 3 4 4 5 24 0 4 5 5 6 24 0 5 6 6 7 24 0 6 7 7 8 24 0 7 8 8 9 24 0 8 9 9 10 24 0 9 10 10 11 24 0 10 11 11 12 11 12 0 1 24 0 0 1 13 13 1 2 1 2 14 14 2 3 2 3 15 15 3 4 3 4 16 16 4 5 4 5 17 17 5 6 5 6 18 18 6 7 6 7 19 19 7 8 7 8 20 20 8 9 8 9 21 21 9 10 9 10 22 22 10 11 10 11 23 23 11 12 12 24 11 12 23 23 13 13 25 25 26 26 14 14 26 26 27 27 14 14 28 28 15 15 15 15 29 29 16 16 16 16 30 30 17 17 17 17 31 31 18 18 19 19 31 31 32 32 20 20 32 32 33 33 20 20 34 34 21 21 21 21 35 35 22 22 22 22 36 36 23 23 12 24 36 36 25 25 25 25 50 37 26 26 37 38 50 37 49 39 50 37 27 27 26 26 38 40 51 41 50 37 27 27 52 42 28 28 39 43 52 42 51 41 52 42 29 29 28 28 40 44 53 45 52 42 53 45 30 30 29 29 41 46 54 47 53 45 54 47 31 31 30 30 42 48 55 49 54 47 55 49 32 32 31 31 55 49 44 50 56 51 32 32 57 52 33 33 56 51 45 53 57 52 57 52 34 34 33 33 57 52 46 54 58 55 58 55 35 35 34 34 58 55 47 56 59 57 35 35 60 58 36 36 59 57 48 59 60 58 36 36 49 39 25 25 48 59 49 39 60 58 37 38 62 60 38 40 39 43 62 60 63 61 39 43 64 62 40 44 40 44 65 63 41 46 42 48 65 63 66 64 42 48 67 65 43 66 43 66 68 67 44 50 44 50 69 68 45 53 45 53 70 69 46 54 46 54 71 70 47 56 47 56 72 71 48 59 37 38 72 71 61 72 61 72 73 73 62 60 62 60 75 74 63 61 63 61 76 75 64 62 64 62 77 76 65 63 65 63 78 77 66 64 67 65 78 77 79 78 67 65 80 79 68 67 69 68 80 79 81 80 70 69 81 80 82 81 71 70 82 81 83 82 72 71 83 82 84 83 61 72 84 83 74 84 86 85 97 86 98 87 86 85 99 88 87 89 88 90 99 88 100 91 88 90 101 92 89 93 90 94 101 92 102 95 91 96 102 95 103 97 92 98 103 97 104 99 92 98 105 100 93 101 93 101 106 102 94 103 95 104 106 102 107 105 95 104 108 106 96 107 85 108 108 106 97 86 97 86 110 109 98 87 99 88 110 109 111 110 100 91 111 110 112 111 101 92 112 111 113 112 101 92 114 113 102 95 107 105 120 114 108 106 120 114 97 86 108 106 119 115 127 116 121 117 118 118 121 117 122 119 117 120 122 119 123 121 116 122 123 121 124 123 116 122 125 124 115 125 115 125 126 126 114 113 114 113 132 127 102 95 106 102 127 116 107 105 105 100 128 128 106 102 104 99 129 129 105 100 104 99 131 130 130 131 103 97 132 127 131 130 127 116 133 132 121 117 122 119 133 132 135 133 123 121 135 133 136 134 123 121 137 135 124 123 124 123 138 136 125 124 125 124 139 137 126 126 132 127 139 137 140 138 128 128 134 139 127 116 129 129 141 140 128 128 129 129 143 141 142 142 130 131 144 143 143 141 131 130 140 138 144 143 144 143 139 137 138 136 143 141 138 136 137 135 142 142 137 135 136 134 135 133 142 142 136 134 133 132 141 140 135 133 110 109 109 144 145 145 111 110 110 109 145 145 112 111 111 110 145 145 113 112 112 111 145 145 114 113 113 112 145 145 115 125 114 113 145 145 116 122 115 125 145 145 117 120 116 122 145 145 118 118 117 120 145 145 119 115 118 118 145 145 120 114 119 115 145 145 109 144 120 114 145 145 0 1 12 24 13 13 1 2 13 13 14 14 2 3 14 14 15 15 3 4 15 15 16 16 4 5 16 16 17 17 5 6 17 17 18 18 6 7 18 18 19 19 7 8 19 19 20 20 8 9 20 20 21 21 9 10 21 21 22 22 10 11 22 22 23 23 12 24 0 1 11 12 13 13 12 24 25 25 14 14 13 13 26 26 14 14 27 27 28 28 15 15 28 28 29 29 16 16 29 29 30 30 17 17 30 30 31 31 19 19 18 18 31 31 20 20 19 19 32 32 20 20 33 33 34 34 21 21 34 34 35 35 22 22 35 35 36 36 12 24 23 23 36 36 25 25 49 39 50 37 37 38 38 40 50 37 50 37 51 41 27 27 38 40 39 43 51 41 27 27 51 41 52 42 39 43 40 44 52 42 52 42 53 45 29 29 40 44 41 46 53 45 53 45 54 47 30 30 41 46 42 48 54 47 54 47 55 49 31 31 42 48 43 66 55 49 55 49 56 51 32 32 55 49 43 66 44 50 32 32 56 51 57 52 56 51 44 50 45 53 57 52 58 55 34 34 57 52 45 53 46 54 58 55 59 57 35 35 58 55 46 54 47 56 35 35 59 57 60 58 59 57 47 56 48 59 36 36 60 58 49 39 48 59 37 38 49 39 37 38 61 72 62 60 39 43 38 40 62 60 39 43 63 61 64 62 40 44 64 62 65 63 42 48 41 46 65 63 42 48 66 64 67 65 43 66 67 65 68 67 44 50 68 67 69 68 45 53 69 68 70 69 46 54 70 69 71 70 47 56 71 70 72 71 37 38 48 59 72 71 61 72 74 84 73 73 62 60 73 73 75 74 63 61 75 74 76 75 64 62 76 75 77 76 65 63 77 76 78 77 67 65 66 64 78 77 67 65 79 78 80 79 69 68 68 67 80 79 70 69 69 68 81 80 71 70 70 69 82 81 72 71 71 70 83 82 61 72 72 71 84 83 86 85 85 108 97 86 86 85 98 87 99 88 88 90 87 89 99 88 88 90 100 91 101 92 90 94 89 93 101 92 91 96 90 94 102 95 92 98 91 96 103 97 92 98 104 99 105 100 93 101 105 100 106 102 95 104 94 103 106 102 95 104 107 105 108 106 85 108 96 107 108 106 97 86 109 144 110 109 99 88 98 87 110 109 100 91 99 88 111 110 101 92 100 91 112 111 101 92 113 112 114 113 107 105 119 115 120 114 120 114 109 144 97 86 119 115 107 105 127 116 118 118 119 115 121 117 117 120 118 118 122 119 116 122 117 120 123 121 116 122 124 123 125 124 115 125 125 124 126 126 114 113 126 126 132 127 106 102 128 128 127 116 105 100 129 129 128 128 104 99 130 131 129 129 104 99 103 97 131 130 103 97 102 95 132 127 127 116 134 139 133 132 122 119 121 117 133 132 123 121 122 119 135 133 123 121 136 134 137 135 124 123 137 135 138 136 125 124 138 136 139 137 132 127 126 126 139 137 128 128 141 140 134 139 129 129 142 142 141 140 129 129 130 131 143 141 130 131 131 130 144 143 131 130 132 127 140 138 144 143 140 138 139 137 143 141 144 143 138 136 142 142 143 141 137 135 135 133 141 140 142 142 133 132 134 139 141 140</p>
        </triangles>
      </mesh>
    </geometry>
    <geometry id="Handle_Front_016-mesh" name="Handle_Front.016">
      <mesh>
        <source id="Handle_Front_016-mesh-positions">
          <float_array id="Handle_Front_016-mesh-positions-array" count="438">-0.03019267 -0.002780556 -0.03281581 -0.04254585 -0.002942085 -0.01331907 -0.04349547 -0.003071784 0.009742319 -0.03278702 -0.003134846 0.03018921 -0.01328992 -0.003114402 0.04254281 0.009771585 -0.003015935 0.04349297 0.0302183 -0.00286585 0.03278511 0.04257148 -0.002704322 0.01328843 0.0435211 -0.002574622 -0.009772956 0.03281271 -0.00251156 -0.03021985 0.01331561 -0.002532005 -0.04257351 -0.009745895 -0.002630472 -0.04352366 -0.02902269 -0.01958918 -0.03171879 -0.0409283 -0.01974487 -0.01292848 -0.04184353 -0.01986986 0.009297311 -0.03152316 -0.01993066 0.02900338 -0.0127325 -0.01991099 0.0409094 0.00949347 -0.01981604 0.04182523 0.02919942 -0.01967138 0.03150534 0.04110503 -0.01951569 0.01271504 0.04202026 -0.0193907 -0.009510755 0.03169989 -0.0193299 -0.02921688 0.01290923 -0.01934963 -0.04112291 -0.009316742 -0.01944452 -0.04203867 1.28343e-5 -0.002823233 -1.53401e-5 -0.0144611 -0.01961213 -0.01590621 -0.02041143 -0.01968991 -0.006514966 -0.02086883 -0.01975238 0.004593312 -0.01571083 -0.01978278 0.01444226 -0.006319344 -0.01977294 0.02039283 0.004788994 -0.0197255 0.02085053 0.01463782 -0.0196532 0.01569271 0.02058821 -0.01957541 0.006301462 0.02104562 -0.01951295 -0.004806816 0.01588755 -0.01948255 -0.01465576 0.006496131 -0.01949238 -0.02060627 -0.004612207 -0.01953983 -0.02106404 -0.01440769 -0.03150087 -0.01597088 -0.02035802 -0.03157871 -0.006579577 -0.02081543 -0.03164118 0.004528701 -0.01565736 -0.03167152 0.01437765 -0.006265938 -0.03166168 0.02032816 0.0048424 -0.03161424 0.02078586 0.01469129 -0.03154194 0.01562809 0.02064162 -0.03146415 0.006236851 0.02109903 -0.03140169 -0.004871428 0.01594102 -0.03137129 -0.01472038 0.006549537 -0.03138113 -0.02067095 -0.004558801 -0.03142857 -0.02112865 -0.01445657 -0.02062267 -0.01591169 -0.0204069 -0.02070051 -0.00652045 -0.0208643 -0.02076297 0.004587829 -0.01570624 -0.02079331 0.01443678 -0.006314814 -0.02078348 0.02038735 0.004793524 -0.02073603 0.02084499 0.01464235 -0.02066373 0.01568722 0.02059274 -0.02058595 0.006295979 0.02105015 -0.02052348 -0.0048123 0.01589208 -0.02049309 -0.01466125 0.006500661 -0.02050292 -0.02061182 -0.004607677 -0.02055037 -0.02106952 -0.01216179 -0.03150403 -0.01353198 -0.01719361 -0.03156983 -0.005590379 -0.01758038 -0.03162264 0.003803133 -0.01321858 -0.03164833 0.01213181 -0.005276799 -0.03164005 0.01716381 0.004116773 -0.03159993 0.01755082 0.01244539 -0.03153878 0.01318919 0.01747721 -0.03147298 0.005247652 0.01786404 -0.03142017 -0.00414592 0.01350218 -0.03139448 -0.01247459 0.005560457 -0.03140282 -0.01750659 -0.003833174 -0.03144288 -0.01789361 -0.01852178 -0.009611725 -0.005855321 -0.0131331 -0.009541213 -0.01436018 -0.01893603 -0.00966829 0.004204452 -0.01426482 -0.009695768 0.01312381 -0.005759835 -0.009686887 0.01851272 0.004300057 -0.009643912 0.01892721 0.01321929 -0.009578406 0.01425623 0.01860803 -0.009507954 0.00575143 0.01902228 -0.009451389 -0.004308402 0.01435106 -0.009423911 -0.01322776 0.005846083 -0.009432792 -0.01861667 -0.004213809 -0.009475767 -0.01903116 -0.01205104 -0.02431207 -0.01333743 -0.01702433 -0.0243771 -0.005488216 -0.01740664 -0.02442932 0.003795981 -0.01309555 -0.02445471 0.01202768 -0.005246222 -0.02444648 0.01700115 0.004038035 -0.02440685 0.01738369 0.01226967 -0.02434641 0.01307284 0.01724296 -0.02428138 0.005223631 0.01762527 -0.02422916 -0.004060566 0.01331418 -0.02420377 -0.01229226 0.005464911 -0.024212 -0.01726573 -0.003819406 -0.02425163 -0.01764827 -0.01189309 -0.0594598 -0.01352852 -0.01686638 -0.05952483 -0.005679368 -0.01724869 -0.05957704 0.003604829 -0.0129376 -0.05960243 0.01183658 -0.005088269 -0.05959421 0.01680999 0.004195988 -0.05955457 0.01719254 0.01242762 -0.05949413 0.01288169 0.01740092 -0.0594291 0.005032539 0.01778322 -0.05937689 -0.004251718 0.01347213 -0.0593515 -0.01248341 0.005622863 -0.05935972 -0.01745688 -0.003661453 -0.05939936 -0.01783943 -0.01183503 -0.0723738 -0.01359879 -0.01680833 -0.07243883 -0.005749583 -0.01719063 -0.07249104 0.003534615 -0.01287955 -0.07251644 0.01176631 -0.005030274 -0.07250821 0.01673978 0.004254043 -0.07246857 0.01712232 0.01248568 -0.07240813 0.01281148 0.01745897 -0.07234311 0.004962265 0.01784127 -0.07229089 -0.004321932 0.01353019 -0.0722655 -0.01255363 0.005680859 -0.07227373 -0.0175271 -0.003603398 -0.07231336 -0.01790964 0.1257352 -0.06936496 -0.006631195 0.1268824 -0.06874352 -0.003520727 0.1273995 -0.06840461 0.001801967 0.127148 -0.06843894 0.007910847 0.1261951 -0.0688374 0.01316899 0.1247963 -0.06949311 0.0161674 0.1241861 -0.06165295 -0.006511032 0.1253334 -0.06103152 -0.003400564 0.1258505 -0.0606926 0.00192219 0.1255989 -0.06072694 0.00803107 0.1246461 -0.06112539 0.01328915 0.1232473 -0.06178116 0.01628756 0.1369404 -0.0198214 -0.006400227 0.1345047 -0.01898777 -0.006495833 0.1376608 -0.01831007 -0.003302335 0.1379315 -0.0174573 0.002013087 0.1376799 -0.01749163 0.008121967 0.1369736 -0.01840388 0.01338738 0.1360016 -0.01994961 0.01639837 0.1335659 -0.01911598 0.01630276 0.1352251 -0.01747643 -0.003397941 0.1354959 -0.01662367 0.001917481 0.1352443 -0.016658 0.008026361 0.1345379 -0.01757025 0.01329177 3.25309e-4 -0.07239097 -3.93676e-4</float_array>
          <technique_common>
            <accessor source="#Handle_Front_016-mesh-positions-array" count="146" stride="3">
              <param name="X" type="float"/>
              <param name="Y" type="float"/>
              <param name="Z" type="float"/>
            </accessor>
          </technique_common>
        </source>
        <source id="Handle_Front_016-mesh-normals">
          <float_array id="Handle_Front_016-mesh-normals-array" count="438">-0.004493653 0.9999752 0.005438029 -0.5358362 0.6178019 -0.5755001 -0.7538419 0.6149512 -0.2314248 -0.7705995 0.6126626 0.1755594 -0.5816184 0.6115495 0.5364022 -0.2375364 0.6119102 0.7544153 0.1694505 0.6136481 0.7711825 0.5302903 0.6162973 0.5822113 0.7482958 0.6191483 0.2381361 0.7650539 0.6214362 -0.1688477 0.5760729 0.6225496 -0.5296905 0.2319911 0.6221889 -0.7477039 -0.1749963 0.620451 -0.7644716 -0.6892217 -0.6902905 -0.2201648 -0.7046692 -0.692403 0.1549823 -0.5304775 -0.6934257 0.4876009 -0.2133129 -0.6930935 0.6885631 0.1618375 -0.6914916 0.7040228 0.4944548 -0.6890464 0.5298392 0.6954089 -0.6864213 0.2126787 0.7108559 -0.6843157 -0.1624685 0.5366644 -0.6832863 -0.495087 0.2195001 -0.6836187 -0.6960497 -0.1556514 -0.6852172 -0.7115125 -0.4882664 -0.6876626 -0.5373233 -0.4285731 -0.7695947 -0.4733384 -0.6052575 -0.7719089 -0.1944735 -0.6188499 -0.7737557 0.1353774 -0.4656794 -0.7746641 0.4278297 -0.1868124 -0.7743698 0.6045267 0.1430408 -0.7729614 0.6181182 0.4354915 -0.7708169 0.4649609 0.612187 -0.7685012 0.1860996 0.6257663 -0.7666496 -0.1437532 0.4726051 -0.7657466 -0.4362071 0.1937355 -0.7660364 -0.6129069 -0.1361199 -0.7674494 -0.6264924 -0.9544485 -0.002669155 -0.298364 -0.5099913 -0.6524621 -0.5605374 -0.6774049 9.56125e-4 -0.7356098 -0.7197539 -0.6552125 -0.229458 -0.9757478 -0.005573868 0.2188274 -0.7355961 -0.006988823 0.6773844 -0.7358829 -0.6574072 0.1621487 -0.5540381 -0.6584822 0.5093556 -0.2983413 -0.006530523 0.954437 -0.2229545 -0.6581384 0.7191281 0.2188533 -0.004322171 0.9757482 0.1686549 -0.6564594 0.7352665 0.6774088 -9.56768e-4 0.7356062 0.7256242 -0.6511703 0.2223667 0.9544506 0.002667725 0.2983575 0.9757462 0.005574584 -0.2188344 0.741753 -0.6489685 -0.1692411 0.5599171 -0.6478972 -0.5164515 0.7355909 0.006990253 -0.6773899 0.2288375 -0.6482444 -0.7262318 0.2983362 0.006531596 -0.9544386 -0.2188545 0.004322946 -0.975748 -0.162779 -0.6499098 -0.7423747 0.6329113 -0.7498581 0.1927074 0.6469533 -0.7479459 -0.1484196 0.4885588 -0.7470094 -0.4508739 0.2001579 -0.7473092 -0.6336133 -0.1409747 -0.7487663 -0.647669 -0.4434196 -0.7509946 -0.4892712 0.5158495 -0.6539241 0.5534282 -0.626159 -0.7533739 -0.2008802 -0.6402001 -0.7552973 0.1402497 -0.4817996 -0.7562302 0.4427021 -0.1933969 -0.7559279 0.6254364 0.1477328 -0.7544682 0.6394943 0.4501734 -0.7522588 0.4810931 0.9525513 0.06121522 0.2981593 0.9738079 0.06411856 -0.2181445 0.7340633 0.06553035 -0.6759119 0.2975566 0.06507259 -0.952484 -0.2187433 0.06286799 -0.9737552 -0.6765089 0.05950707 -0.7340263 -0.9530749 0.05589061 -0.2975305 -0.9743377 0.05298751 0.218766 -0.7346003 0.0515756 0.6765371 -0.2980979 0.05203312 0.9531161 0.2182092 0.05423778 0.9743937 0.6759828 0.05759865 0.734663 -0.9544497 -0.002666532 -0.2983601 -0.6774061 9.56252e-4 -0.7356086 -0.9544496 -0.002666652 -0.2983604 -0.9757472 -0.005574882 0.2188296 -0.9757468 -0.005574762 0.2188313 -0.7355938 -0.0069893 0.6773868 -0.7355948 -0.006989359 0.6773858 -0.2983386 -0.006531059 0.9544378 -0.2983388 -0.006531 0.9544378 0.2188611 -0.004322707 0.9757465 0.1008464 0.07227748 0.9922732 0.677412 -9.56153e-4 0.7356032 0.4367092 0.7532469 0.4918376 0.9544495 0.002666592 0.298361 0.6131197 0.7645813 0.1987455 0.6270323 0.7664771 -0.1390804 0.9757483 0.005574822 -0.218825 0.4753537 0.7584528 -0.4458568 0.735594 0.006989359 -0.6773865 0.2983395 0.006531059 -0.9544375 0.1826435 0.08298206 -0.9796711 -0.2188556 0.004322767 -0.9757477 -0.2188554 0.004322767 -0.9757478 -0.6774125 9.56179e-4 -0.7356029 -0.7197524 -0.6552122 -0.2294635 -0.7358728 -0.6574198 0.1621435 -0.5540348 -0.6584906 0.5093484 -0.2229574 -0.658149 0.7191175 -0.006659984 -0.7057489 0.7084308 -0.1627769 -0.6499203 -0.7423661 0.05273288 -0.6974856 -0.7146559 -0.2039417 0.4512848 -0.8687635 0.4300538 -0.6933593 -0.5781926 0.01893401 -0.9995669 -0.02253139 0.6702392 -0.7386845 -0.07158648 0.0216701 -0.9997206 -0.009446561 0.6654317 -0.7464544 0.00256139 0.02128231 -0.9997735 -2.65826e-5 0.6641297 -0.7463003 0.0443592 0.6639046 -0.7381229 0.1200216 0.01747953 -0.9997655 0.01278877 0.3891373 -0.7036988 0.5944579 -0.2068582 0.4309756 0.8783335 -0.6487253 0.7583277 0.06398844 -0.6434587 0.7654705 -0.003979802 -0.6439545 0.7569173 -0.1113506 -0.6425779 0.7651132 -0.04117488 0.6624335 0.2422161 -0.7088817 0.8379032 0.4817417 -0.2565994 0.859215 0.5099207 -0.04160195 0.8525514 0.5092355 0.1176248 0.8133506 0.4792764 0.3297803 0.6063383 0.2433318 0.7570624 -0.5570853 0.5667764 0.6069766 -0.5042815 0.5655116 -0.6526079 -0.4445091 0.8675741 -0.2229951 -0.4619956 0.8859739 0.0401318 -0.4572607 0.8867515 -0.06770855 -0.4629358 0.864532 0.1956396 -0.5099768 -0.6524798 -0.56053 0.004493594 -0.9999752 -0.005437731</float_array>
          <technique_common>
            <accessor source="#Handle_Front_016-mesh-normals-array" count="146" stride="3">
              <param name="X" type="float"/>
              <param name="Y" type="float"/>
              <param name="Z" type="float"/>
            </accessor>
          </technique_common>
        </source>
        <vertices id="Handle_Front_016-mesh-vertices">
          <input semantic="POSITION" source="#Handle_Front_016-mesh-positions"/>
        </vertices>
        <triangles material="steel-material" count="264">
          <input semantic="VERTEX" source="#Handle_Front_016-mesh-vertices" offset="0"/>
          <input semantic="NORMAL" source="#Handle_Front_016-mesh-normals" offset="1"/>
          <p>24 0 0 1 1 2 24 0 1 2 2 3 24 0 2 3 3 4 24 0 3 4 4 5 24 0 4 5 5 6 24 0 5 6 6 7 24 0 6 7 7 8 24 0 7 8 8 9 24 0 8 9 9 10 24 0 9 10 10 11 24 0 10 11 11 12 11 12 0 1 24 0 0 1 13 13 1 2 1 2 14 14 2 3 2 3 15 15 3 4 3 4 16 16 4 5 4 5 17 17 5 6 5 6 18 18 6 7 6 7 19 19 7 8 7 8 20 20 8 9 8 9 21 21 9 10 9 10 22 22 10 11 10 11 23 23 11 12 12 24 11 12 23 23 13 13 25 25 26 26 14 14 26 26 27 27 14 14 28 28 15 15 15 15 29 29 16 16 16 16 30 30 17 17 17 17 31 31 18 18 19 19 31 31 32 32 20 20 32 32 33 33 20 20 34 34 21 21 21 21 35 35 22 22 22 22 36 36 23 23 12 24 36 36 25 25 25 25 50 37 26 26 37 38 50 37 49 39 50 37 27 27 26 26 38 40 51 41 50 37 27 27 52 42 28 28 39 43 52 42 51 41 52 42 29 29 28 28 40 44 53 45 52 42 53 45 30 30 29 29 41 46 54 47 53 45 54 47 31 31 30 30 42 48 55 49 54 47 55 49 32 32 31 31 55 49 44 50 56 51 32 32 57 52 33 33 56 51 45 53 57 52 57 52 34 34 33 33 57 52 46 54 58 55 58 55 35 35 34 34 58 55 47 56 59 57 35 35 60 58 36 36 59 57 48 59 60 58 36 36 49 39 25 25 48 59 49 39 60 58 37 38 62 60 38 40 39 43 62 60 63 61 39 43 64 62 40 44 40 44 65 63 41 46 42 48 65 63 66 64 42 48 67 65 43 66 43 66 68 67 44 50 44 50 69 68 45 53 45 53 70 69 46 54 46 54 71 70 47 56 47 56 72 71 48 59 37 38 72 71 61 72 61 72 73 73 62 60 62 60 75 74 63 61 63 61 76 75 64 62 64 62 77 76 65 63 65 63 78 77 66 64 67 65 78 77 79 78 67 65 80 79 68 67 69 68 80 79 81 80 70 69 81 80 82 81 71 70 82 81 83 82 72 71 83 82 84 83 61 72 84 83 74 84 86 85 97 86 98 87 86 85 99 88 87 89 88 90 99 88 100 91 88 90 101 92 89 93 90 94 101 92 102 95 91 96 102 95 103 97 92 98 103 97 104 99 92 98 105 100 93 101 93 101 106 102 94 103 95 104 106 102 107 105 95 104 108 106 96 107 85 108 108 106 97 86 97 86 110 109 98 87 99 88 110 109 111 110 100 91 111 110 112 111 101 92 112 111 113 112 101 92 114 113 102 95 107 105 120 114 108 106 120 114 97 86 108 106 119 115 127 116 121 117 118 118 121 117 122 119 117 120 122 119 123 121 116 122 123 121 124 123 116 122 125 124 115 125 115 125 126 126 114 113 114 113 132 127 102 95 106 102 127 116 107 105 105 100 128 128 106 102 104 99 129 129 105 100 104 99 131 130 130 131 103 97 132 127 131 130 127 116 133 132 121 117 122 119 133 132 135 133 123 121 135 133 136 134 123 121 137 135 124 123 124 123 138 136 125 124 125 124 139 137 126 126 132 127 139 137 140 138 128 128 134 139 127 116 129 129 141 140 128 128 129 129 143 141 142 142 130 131 144 143 143 141 131 130 140 138 144 143 144 143 139 137 138 136 143 141 138 136 137 135 142 142 137 135 136 134 135 133 142 142 136 134 133 132 141 140 135 133 110 109 109 144 145 145 111 110 110 109 145 145 112 111 111 110 145 145 113 112 112 111 145 145 114 113 113 112 145 145 115 125 114 113 145 145 116 122 115 125 145 145 117 120 116 122 145 145 118 118 117 120 145 145 119 115 118 118 145 145 120 114 119 115 145 145 109 144 120 114 145 145 0 1 12 24 13 13 1 2 13 13 14 14 2 3 14 14 15 15 3 4 15 15 16 16 4 5 16 16 17 17 5 6 17 17 18 18 6 7 18 18 19 19 7 8 19 19 20 20 8 9 20 20 21 21 9 10 21 21 22 22 10 11 22 22 23 23 12 24 0 1 11 12 13 13 12 24 25 25 14 14 13 13 26 26 14 14 27 27 28 28 15 15 28 28 29 29 16 16 29 29 30 30 17 17 30 30 31 31 19 19 18 18 31 31 20 20 19 19 32 32 20 20 33 33 34 34 21 21 34 34 35 35 22 22 35 35 36 36 12 24 23 23 36 36 25 25 49 39 50 37 37 38 38 40 50 37 50 37 51 41 27 27 38 40 39 43 51 41 27 27 51 41 52 42 39 43 40 44 52 42 52 42 53 45 29 29 40 44 41 46 53 45 53 45 54 47 30 30 41 46 42 48 54 47 54 47 55 49 31 31 42 48 43 66 55 49 55 49 56 51 32 32 55 49 43 66 44 50 32 32 56 51 57 52 56 51 44 50 45 53 57 52 58 55 34 34 57 52 45 53 46 54 58 55 59 57 35 35 58 55 46 54 47 56 35 35 59 57 60 58 59 57 47 56 48 59 36 36 60 58 49 39 48 59 37 38 49 39 37 38 61 72 62 60 39 43 38 40 62 60 39 43 63 61 64 62 40 44 64 62 65 63 42 48 41 46 65 63 42 48 66 64 67 65 43 66 67 65 68 67 44 50 68 67 69 68 45 53 69 68 70 69 46 54 70 69 71 70 47 56 71 70 72 71 37 38 48 59 72 71 61 72 74 84 73 73 62 60 73 73 75 74 63 61 75 74 76 75 64 62 76 75 77 76 65 63 77 76 78 77 67 65 66 64 78 77 67 65 79 78 80 79 69 68 68 67 80 79 70 69 69 68 81 80 71 70 70 69 82 81 72 71 71 70 83 82 61 72 72 71 84 83 86 85 85 108 97 86 86 85 98 87 99 88 88 90 87 89 99 88 88 90 100 91 101 92 90 94 89 93 101 92 91 96 90 94 102 95 92 98 91 96 103 97 92 98 104 99 105 100 93 101 105 100 106 102 95 104 94 103 106 102 95 104 107 105 108 106 85 108 96 107 108 106 97 86 109 144 110 109 99 88 98 87 110 109 100 91 99 88 111 110 101 92 100 91 112 111 101 92 113 112 114 113 107 105 119 115 120 114 120 114 109 144 97 86 119 115 107 105 127 116 118 118 119 115 121 117 117 120 118 118 122 119 116 122 117 120 123 121 116 122 124 123 125 124 115 125 125 124 126 126 114 113 126 126 132 127 106 102 128 128 127 116 105 100 129 129 128 128 104 99 130 131 129 129 104 99 103 97 131 130 103 97 102 95 132 127 127 116 134 139 133 132 122 119 121 117 133 132 123 121 122 119 135 133 123 121 136 134 137 135 124 123 137 135 138 136 125 124 138 136 139 137 132 127 126 126 139 137 128 128 141 140 134 139 129 129 142 142 141 140 129 129 130 131 143 141 130 131 131 130 144 143 131 130 132 127 140 138 144 143 140 138 139 137 143 141 144 143 138 136 142 142 143 141 137 135 135 133 141 140 142 142 133 132 134 139 141 140</p>
        </triangles>
      </mesh>
    </geometry>
    <geometry id="Door_016-mesh" name="Door.016">
      <mesh>
        <source id="Door_016-mesh-positions">
          <float_array id="Door_016-mesh-positions-array" count="24">-0.956 0 -1.046 -0.956 0.04899996 -1.046 0 0.04899996 -1.046 0 0 -1.046 -0.956 0 0.994 -0.956 0.04899996 0.994 0 0.04899996 0.994 0 0 0.994</float_array>
          <technique_common>
            <accessor source="#Door_016-mesh-positions-array" count="8" stride="3">
              <param name="X" type="float"/>
              <param name="Y" type="float"/>
              <param name="Z" type="float"/>
            </accessor>
          </technique_common>
        </source>
        <source id="Door_016-mesh-normals">
          <float_array id="Door_016-mesh-normals-array" count="36">-1 0 0 0 1 0 1 0 0 0 -1 0 0 0 -1 0 0 1 -1 0 0 0 1 0 1 0 0 0 -1 0 0 0 -1 0 0 1</float_array>
          <technique_common>
            <accessor source="#Door_016-mesh-normals-array" count="12" stride="3">
              <param name="X" type="float"/>
              <param name="Y" type="float"/>
              <param name="Z" type="float"/>
            </accessor>
          </technique_common>
        </source>
        <vertices id="Door_016-mesh-vertices">
          <input semantic="POSITION" source="#Door_016-mesh-positions"/>
        </vertices>
        <triangles material="fine_grained_wood-material" count="12">
          <input semantic="VERTEX" source="#Door_016-mesh-vertices" offset="0"/>
          <input semantic="NORMAL" source="#Door_016-mesh-normals" offset="1"/>
          <p>5 0 0 0 4 0 6 1 1 1 5 1 7 2 2 2 6 2 4 3 3 3 7 3 1 4 3 4 0 4 6 5 4 5 7 5 5 6 1 6 0 6 6 7 2 7 1 7 7 8 3 8 2 8 4 9 0 9 3 9 1 10 2 10 3 10 6 11 5 11 4 11</p>
        </triangles>
      </mesh>
    </geometry>
    <geometry id="DoorFrane_015-mesh" name="DoorFrane.015">
      <mesh>
        <source id="DoorFrane_015-mesh-positions">
          <float_array id="DoorFrane_015-mesh-positions-array" count="96">-0.53 -0.03666663 0 -0.53 0.07333332 0 -0.48 0.07333332 0 -0.53 -0.03666663 2.1 -0.53 0.07333332 2.1 0.53 0.07333332 2.1 0.53 -0.03666663 2.1 0.48 -0.03666663 2.05 -0.48 0.07333332 2.05 0.48 -0.03666663 0 0.53 -0.03666663 0 0.53 0.07333332 0 0.48 0.01833331 2.05 -0.48 0.01833331 2.05 -0.48 0.01833331 0 -0.46 0.01833331 2.05 -0.46 0.01833331 0 -0.46 0.07333332 2.05 -0.46 0.07333332 0 0.48 0.01833331 0 -0.48 -0.03666663 2.05 -0.48 -0.03666663 0 0.48 0.07333332 2.05 0.48 0.07333332 0 0.46 0.07333332 0 0.46 0.01833331 0 0.46 0.07333332 2.05 0.46 0.01833331 2.03 0.46 0.01833331 2.05 -0.46 0.07333332 2.03 -0.46 0.01833331 2.03 0.46 0.07333332 2.03</float_array>
          <technique_common>
            <accessor source="#DoorFrane_015-mesh-positions-array" count="32" stride="3">
              <param name="X" type="float"/>
              <param name="Y" type="float"/>
              <param name="Z" type="float"/>
            </accessor>
          </technique_common>
        </source>
        <source id="DoorFrane_015-mesh-normals">
          <float_array id="DoorFrane_015-mesh-normals-array" count="141">-1 0 0 -1 0 0 0 0 1 1 0 0 1 0 0 1 0 0 0 1 0 0 0 -1 0 -1 0 0 -1 0 0 -1 0 0 1 0 0 0 -1 0 -1 0 0 1 0 0 0 -1 0 1 0 0 -1 0 -1 0 0 0 0 -1 0 1 0 0 1 0 0 -1 0 0 0 1 -1 0 0 -1 0 0 0 0 1 1 0 0 1 0 0 1 0 0 0 1 0 0 0 -1 0 -1 0 0 -1 0 0 -1 0 0 1 0 0 0 -1 0 -1 0 0 1 0 0 0 -1 0 1 0 0 -1 0 -1 0 0 0 0 -1 0 1 0 0 1 0 0 -1 0</float_array>
          <technique_common>
            <accessor source="#DoorFrane_015-mesh-normals-array" count="47" stride="3">
              <param name="X" type="float"/>
              <param name="Y" type="float"/>
              <param name="Z" type="float"/>
            </accessor>
          </technique_common>
        </source>
        <vertices id="DoorFrane_015-mesh-vertices">
          <input semantic="POSITION" source="#DoorFrane_015-mesh-positions"/>
        </vertices>
        <triangles material="Plastic-material" count="47">
          <input semantic="VERTEX" source="#DoorFrane_015-mesh-vertices" offset="0"/>
          <input semantic="NORMAL" source="#DoorFrane_015-mesh-normals" offset="1"/>
          <p>4 0 0 0 3 0 12 1 9 1 7 1 3 2 5 2 4 2 11 3 6 3 10 3 20 4 14 4 13 4 15 5 18 5 17 5 11 6 22 6 5 6 13 7 7 7 20 7 20 8 0 8 21 8 10 9 7 9 9 9 14 10 15 10 13 10 8 11 1 11 4 11 31 12 30 12 29 12 6 13 20 13 7 13 4 14 22 14 8 14 2 15 16 15 14 15 18 16 8 16 17 16 25 17 12 17 28 17 26 18 25 18 28 18 24 19 19 19 25 19 23 20 26 20 22 20 17 21 31 21 29 21 30 22 28 22 15 22 8 23 22 23 26 23 4 24 1 24 0 24 12 25 19 25 9 25 3 26 6 26 5 26 11 27 5 27 6 27 20 28 21 28 14 28 15 29 16 29 18 29 11 30 23 30 22 30 13 31 12 31 7 31 20 32 3 32 0 32 10 33 6 33 7 33 14 34 16 34 15 34 8 35 2 35 1 35 31 36 27 36 30 36 6 37 3 37 20 37 4 38 5 38 22 38 2 39 18 39 16 39 18 40 2 40 8 40 25 41 19 41 12 41 26 42 24 42 25 42 24 43 23 43 19 43 23 44 24 44 26 44 17 45 26 45 31 45 30 46 27 46 28 46</p>
        </triangles>
      </mesh>
    </geometry>
    <geometry id="Handle_Back_006-mesh" name="Handle_Back.006">
      <mesh>
        <source id="Handle_Back_006-mesh-positions">
          <float_array id="Handle_Back_006-mesh-positions-array" count="438">-0.03019267 -0.002780556 -0.03281581 -0.04254585 -0.002942085 -0.01331907 -0.04349547 -0.003071784 0.009742319 -0.03278702 -0.003134846 0.03018921 -0.01328992 -0.003114402 0.04254281 0.009771585 -0.003015935 0.04349297 0.0302183 -0.00286585 0.03278511 0.04257148 -0.002704322 0.01328843 0.0435211 -0.002574622 -0.009772956 0.03281271 -0.00251156 -0.03021985 0.01331561 -0.002532005 -0.04257351 -0.009745895 -0.002630472 -0.04352366 -0.02902269 -0.01958918 -0.03171879 -0.0409283 -0.01974487 -0.01292848 -0.04184353 -0.01986986 0.009297311 -0.03152316 -0.01993066 0.02900338 -0.0127325 -0.01991099 0.0409094 0.00949347 -0.01981604 0.04182523 0.02919942 -0.01967138 0.03150534 0.04110503 -0.01951569 0.01271504 0.04202026 -0.0193907 -0.009510755 0.03169989 -0.0193299 -0.02921688 0.01290923 -0.01934963 -0.04112291 -0.009316742 -0.01944452 -0.04203867 1.28343e-5 -0.002823233 -1.53401e-5 -0.0144611 -0.01961213 -0.01590621 -0.02041143 -0.01968991 -0.006514966 -0.02086883 -0.01975238 0.004593312 -0.01571083 -0.01978278 0.01444226 -0.006319344 -0.01977294 0.02039283 0.004788994 -0.0197255 0.02085053 0.01463782 -0.0196532 0.01569271 0.02058821 -0.01957541 0.006301462 0.02104562 -0.01951295 -0.004806816 0.01588755 -0.01948255 -0.01465576 0.006496131 -0.01949238 -0.02060627 -0.004612207 -0.01953983 -0.02106404 -0.01440769 -0.03150087 -0.01597088 -0.02035802 -0.03157871 -0.006579577 -0.02081543 -0.03164118 0.004528701 -0.01565736 -0.03167152 0.01437765 -0.006265938 -0.03166168 0.02032816 0.0048424 -0.03161424 0.02078586 0.01469129 -0.03154194 0.01562809 0.02064162 -0.03146415 0.006236851 0.02109903 -0.03140169 -0.004871428 0.01594102 -0.03137129 -0.01472038 0.006549537 -0.03138113 -0.02067095 -0.004558801 -0.03142857 -0.02112865 -0.01445657 -0.02062267 -0.01591169 -0.0204069 -0.02070051 -0.00652045 -0.0208643 -0.02076297 0.004587829 -0.01570624 -0.02079331 0.01443678 -0.006314814 -0.02078348 0.02038735 0.004793524 -0.02073603 0.02084499 0.01464235 -0.02066373 0.01568722 0.02059274 -0.02058595 0.006295979 0.02105015 -0.02052348 -0.0048123 0.01589208 -0.02049309 -0.01466125 0.006500661 -0.02050292 -0.02061182 -0.004607677 -0.02055037 -0.02106952 -0.01216179 -0.03150403 -0.01353198 -0.01719361 -0.03156983 -0.005590379 -0.01758038 -0.03162264 0.003803133 -0.01321858 -0.03164833 0.01213181 -0.005276799 -0.03164005 0.01716381 0.004116773 -0.03159993 0.01755082 0.01244539 -0.03153878 0.01318919 0.01747721 -0.03147298 0.005247652 0.01786404 -0.03142017 -0.00414592 0.01350218 -0.03139448 -0.01247459 0.005560457 -0.03140282 -0.01750659 -0.003833174 -0.03144288 -0.01789361 -0.01852178 -0.009611725 -0.005855321 -0.0131331 -0.009541213 -0.01436018 -0.01893603 -0.00966829 0.004204452 -0.01426482 -0.009695768 0.01312381 -0.005759835 -0.009686887 0.01851272 0.004300057 -0.009643912 0.01892721 0.01321929 -0.009578406 0.01425623 0.01860803 -0.009507954 0.00575143 0.01902228 -0.009451389 -0.004308402 0.01435106 -0.009423911 -0.01322776 0.005846083 -0.009432792 -0.01861667 -0.004213809 -0.009475767 -0.01903116 -0.01205104 -0.02431207 -0.01333743 -0.01702433 -0.0243771 -0.005488216 -0.01740664 -0.02442932 0.003795981 -0.01309555 -0.02445471 0.01202768 -0.005246222 -0.02444648 0.01700115 0.004038035 -0.02440685 0.01738369 0.01226967 -0.02434641 0.01307284 0.01724296 -0.02428138 0.005223631 0.01762527 -0.02422916 -0.004060566 0.01331418 -0.02420377 -0.01229226 0.005464911 -0.024212 -0.01726573 -0.003819406 -0.02425163 -0.01764827 -0.01189309 -0.0594598 -0.01352852 -0.01686638 -0.05952483 -0.005679368 -0.01724869 -0.05957704 0.003604829 -0.0129376 -0.05960243 0.01183658 -0.005088269 -0.05959421 0.01680999 0.004195988 -0.05955457 0.01719254 0.01242762 -0.05949413 0.01288169 0.01740092 -0.0594291 0.005032539 0.01778322 -0.05937689 -0.004251718 0.01347213 -0.0593515 -0.01248341 0.005622863 -0.05935972 -0.01745688 -0.003661453 -0.05939936 -0.01783943 -0.01183503 -0.0723738 -0.01359879 -0.01680833 -0.07243883 -0.005749583 -0.01719063 -0.07249104 0.003534615 -0.01287955 -0.07251644 0.01176631 -0.005030274 -0.07250821 0.01673978 0.004254043 -0.07246857 0.01712232 0.01248568 -0.07240813 0.01281148 0.01745897 -0.07234311 0.004962265 0.01784127 -0.07229089 -0.004321932 0.01353019 -0.0722655 -0.01255363 0.005680859 -0.07227373 -0.0175271 -0.003603398 -0.07231336 -0.01790964 0.1257352 -0.06936496 -0.006631195 0.1268824 -0.06874352 -0.003520727 0.1273995 -0.06840461 0.001801967 0.127148 -0.06843894 0.007910847 0.1261951 -0.0688374 0.01316899 0.1247963 -0.06949311 0.0161674 0.1241861 -0.06165295 -0.006511032 0.1253334 -0.06103152 -0.003400564 0.1258505 -0.0606926 0.00192219 0.1255989 -0.06072694 0.00803107 0.1246461 -0.06112539 0.01328915 0.1232473 -0.06178116 0.01628756 0.1369404 -0.0198214 -0.006400227 0.1345047 -0.01898777 -0.006495833 0.1376608 -0.01831007 -0.003302335 0.1379315 -0.0174573 0.002013087 0.1376799 -0.01749163 0.008121967 0.1369736 -0.01840388 0.01338738 0.1360016 -0.01994961 0.01639837 0.1335659 -0.01911598 0.01630276 0.1352251 -0.01747643 -0.003397941 0.1354959 -0.01662367 0.001917481 0.1352443 -0.016658 0.008026361 0.1345379 -0.01757025 0.01329177 3.25309e-4 -0.07239097 -3.93676e-4</float_array>
          <technique_common>
            <accessor source="#Handle_Back_006-mesh-positions-array" count="146" stride="3">
              <param name="X" type="float"/>
              <param name="Y" type="float"/>
              <param name="Z" type="float"/>
            </accessor>
          </technique_common>
        </source>
        <source id="Handle_Back_006-mesh-normals">
          <float_array id="Handle_Back_006-mesh-normals-array" count="438">-0.004493653 0.9999752 0.005438029 -0.5358362 0.6178019 -0.5755001 -0.7538419 0.6149512 -0.2314248 -0.7705995 0.6126626 0.1755594 -0.5816184 0.6115495 0.5364022 -0.2375364 0.6119102 0.7544153 0.1694505 0.6136481 0.7711825 0.5302903 0.6162973 0.5822113 0.7482958 0.6191483 0.2381361 0.7650539 0.6214362 -0.1688477 0.5760729 0.6225496 -0.5296905 0.2319911 0.6221889 -0.7477039 -0.1749963 0.620451 -0.7644716 -0.6892217 -0.6902905 -0.2201648 -0.7046692 -0.692403 0.1549823 -0.5304775 -0.6934257 0.4876009 -0.2133129 -0.6930935 0.6885631 0.1618375 -0.6914916 0.7040228 0.4944548 -0.6890464 0.5298392 0.6954089 -0.6864213 0.2126787 0.7108559 -0.6843157 -0.1624685 0.5366644 -0.6832863 -0.495087 0.2195001 -0.6836187 -0.6960497 -0.1556514 -0.6852172 -0.7115125 -0.4882664 -0.6876626 -0.5373233 -0.4285731 -0.7695947 -0.4733384 -0.6052575 -0.7719089 -0.1944735 -0.6188499 -0.7737557 0.1353774 -0.4656794 -0.7746641 0.4278297 -0.1868124 -0.7743698 0.6045267 0.1430408 -0.7729614 0.6181182 0.4354915 -0.7708169 0.4649609 0.612187 -0.7685012 0.1860996 0.6257663 -0.7666496 -0.1437532 0.4726051 -0.7657466 -0.4362071 0.1937355 -0.7660364 -0.6129069 -0.1361199 -0.7674494 -0.6264924 -0.9544485 -0.002669155 -0.298364 -0.5099913 -0.6524621 -0.5605374 -0.6774049 9.56125e-4 -0.7356098 -0.7197539 -0.6552125 -0.229458 -0.9757478 -0.005573868 0.2188274 -0.7355961 -0.006988823 0.6773844 -0.7358829 -0.6574072 0.1621487 -0.5540381 -0.6584822 0.5093556 -0.2983413 -0.006530523 0.954437 -0.2229545 -0.6581384 0.7191281 0.2188533 -0.004322171 0.9757482 0.1686549 -0.6564594 0.7352665 0.6774088 -9.56768e-4 0.7356062 0.7256242 -0.6511703 0.2223667 0.9544506 0.002667725 0.2983575 0.9757462 0.005574584 -0.2188344 0.741753 -0.6489685 -0.1692411 0.5599171 -0.6478972 -0.5164515 0.7355909 0.006990253 -0.6773899 0.2288375 -0.6482444 -0.7262318 0.2983362 0.006531596 -0.9544386 -0.2188545 0.004322946 -0.975748 -0.162779 -0.6499098 -0.7423747 0.6329113 -0.7498581 0.1927074 0.6469533 -0.7479459 -0.1484196 0.4885588 -0.7470094 -0.4508739 0.2001579 -0.7473092 -0.6336133 -0.1409747 -0.7487663 -0.647669 -0.4434196 -0.7509946 -0.4892712 0.5158495 -0.6539241 0.5534282 -0.626159 -0.7533739 -0.2008802 -0.6402001 -0.7552973 0.1402497 -0.4817996 -0.7562302 0.4427021 -0.1933969 -0.7559279 0.6254364 0.1477328 -0.7544682 0.6394943 0.4501734 -0.7522588 0.4810931 0.9525513 0.06121522 0.2981593 0.9738079 0.06411856 -0.2181445 0.7340633 0.06553035 -0.6759119 0.2975566 0.06507259 -0.952484 -0.2187433 0.06286799 -0.9737552 -0.6765089 0.05950707 -0.7340263 -0.9530749 0.05589061 -0.2975305 -0.9743377 0.05298751 0.218766 -0.7346003 0.0515756 0.6765371 -0.2980979 0.05203312 0.9531161 0.2182092 0.05423778 0.9743937 0.6759828 0.05759865 0.734663 -0.9544497 -0.002666532 -0.2983601 -0.6774061 9.56252e-4 -0.7356086 -0.9544496 -0.002666652 -0.2983604 -0.9757472 -0.005574882 0.2188296 -0.9757468 -0.005574762 0.2188313 -0.7355938 -0.0069893 0.6773868 -0.7355948 -0.006989359 0.6773858 -0.2983386 -0.006531059 0.9544378 -0.2983388 -0.006531 0.9544378 0.2188611 -0.004322707 0.9757465 0.1008464 0.07227748 0.9922732 0.677412 -9.56153e-4 0.7356032 0.4367092 0.7532469 0.4918376 0.9544495 0.002666592 0.298361 0.6131197 0.7645813 0.1987455 0.6270323 0.7664771 -0.1390804 0.9757483 0.005574822 -0.218825 0.4753537 0.7584528 -0.4458568 0.735594 0.006989359 -0.6773865 0.2983395 0.006531059 -0.9544375 0.1826435 0.08298206 -0.9796711 -0.2188556 0.004322767 -0.9757477 -0.2188554 0.004322767 -0.9757478 -0.6774125 9.56179e-4 -0.7356029 -0.7197524 -0.6552122 -0.2294635 -0.7358728 -0.6574198 0.1621435 -0.5540348 -0.6584906 0.5093484 -0.2229574 -0.658149 0.7191175 -0.006659984 -0.7057489 0.7084308 -0.1627769 -0.6499203 -0.7423661 0.05273288 -0.6974856 -0.7146559 -0.2039417 0.4512848 -0.8687635 0.4300538 -0.6933593 -0.5781926 0.01893401 -0.9995669 -0.02253139 0.6702392 -0.7386845 -0.07158648 0.0216701 -0.9997206 -0.009446561 0.6654317 -0.7464544 0.00256139 0.02128231 -0.9997735 -2.65826e-5 0.6641297 -0.7463003 0.0443592 0.6639046 -0.7381229 0.1200216 0.01747953 -0.9997655 0.01278877 0.3891373 -0.7036988 0.5944579 -0.2068582 0.4309756 0.8783335 -0.6487253 0.7583277 0.06398844 -0.6434587 0.7654705 -0.003979802 -0.6439545 0.7569173 -0.1113506 -0.6425779 0.7651132 -0.04117488 0.6624335 0.2422161 -0.7088817 0.8379032 0.4817417 -0.2565994 0.859215 0.5099207 -0.04160195 0.8525514 0.5092355 0.1176248 0.8133506 0.4792764 0.3297803 0.6063383 0.2433318 0.7570624 -0.5570853 0.5667764 0.6069766 -0.5042815 0.5655116 -0.6526079 -0.4445091 0.8675741 -0.2229951 -0.4619956 0.8859739 0.0401318 -0.4572607 0.8867515 -0.06770855 -0.4629358 0.864532 0.1956396 -0.5099768 -0.6524798 -0.56053 0.004493594 -0.9999752 -0.005437731</float_array>
          <technique_common>
            <accessor source="#Handle_Back_006-mesh-normals-array" count="146" stride="3">
              <param name="X" type="float"/>
              <param name="Y" type="float"/>
              <param name="Z" type="float"/>
            </accessor>
          </technique_common>
        </source>
        <vertices id="Handle_Back_006-mesh-vertices">
          <input semantic="POSITION" source="#Handle_Back_006-mesh-positions"/>
        </vertices>
        <triangles material="steel-material" count="264">
          <input semantic="VERTEX" source="#Handle_Back_006-mesh-vertices" offset="0"/>
          <input semantic="NORMAL" source="#Handle_Back_006-mesh-normals" offset="1"/>
          <p>24 0 0 1 1 2 24 0 1 2 2 3 24 0 2 3 3 4 24 0 3 4 4 5 24 0 4 5 5 6 24 0 5 6 6 7 24 0 6 7 7 8 24 0 7 8 8 9 24 0 8 9 9 10 24 0 9 10 10 11 24 0 10 11 11 12 11 12 0 1 24 0 0 1 13 13 1 2 1 2 14 14 2 3 2 3 15 15 3 4 3 4 16 16 4 5 4 5 17 17 5 6 5 6 18 18 6 7 6 7 19 19 7 8 7 8 20 20 8 9 8 9 21 21 9 10 9 10 22 22 10 11 10 11 23 23 11 12 12 24 11 12 23 23 13 13 25 25 26 26 14 14 26 26 27 27 14 14 28 28 15 15 15 15 29 29 16 16 16 16 30 30 17 17 17 17 31 31 18 18 19 19 31 31 32 32 20 20 32 32 33 33 20 20 34 34 21 21 21 21 35 35 22 22 22 22 36 36 23 23 12 24 36 36 25 25 25 25 50 37 26 26 37 38 50 37 49 39 50 37 27 27 26 26 38 40 51 41 50 37 27 27 52 42 28 28 39 43 52 42 51 41 52 42 29 29 28 28 40 44 53 45 52 42 53 45 30 30 29 29 41 46 54 47 53 45 54 47 31 31 30 30 42 48 55 49 54 47 55 49 32 32 31 31 55 49 44 50 56 51 32 32 57 52 33 33 56 51 45 53 57 52 57 52 34 34 33 33 57 52 46 54 58 55 58 55 35 35 34 34 58 55 47 56 59 57 35 35 60 58 36 36 59 57 48 59 60 58 36 36 49 39 25 25 48 59 49 39 60 58 37 38 62 60 38 40 39 43 62 60 63 61 39 43 64 62 40 44 40 44 65 63 41 46 42 48 65 63 66 64 42 48 67 65 43 66 43 66 68 67 44 50 44 50 69 68 45 53 45 53 70 69 46 54 46 54 71 70 47 56 47 56 72 71 48 59 37 38 72 71 61 72 61 72 73 73 62 60 62 60 75 74 63 61 63 61 76 75 64 62 64 62 77 76 65 63 65 63 78 77 66 64 67 65 78 77 79 78 67 65 80 79 68 67 69 68 80 79 81 80 70 69 81 80 82 81 71 70 82 81 83 82 72 71 83 82 84 83 61 72 84 83 74 84 86 85 97 86 98 87 86 85 99 88 87 89 88 90 99 88 100 91 88 90 101 92 89 93 90 94 101 92 102 95 91 96 102 95 103 97 92 98 103 97 104 99 92 98 105 100 93 101 93 101 106 102 94 103 95 104 106 102 107 105 95 104 108 106 96 107 85 108 108 106 97 86 97 86 110 109 98 87 99 88 110 109 111 110 100 91 111 110 112 111 101 92 112 111 113 112 101 92 114 113 102 95 107 105 120 114 108 106 120 114 97 86 108 106 119 115 127 116 121 117 118 118 121 117 122 119 117 120 122 119 123 121 116 122 123 121 124 123 116 122 125 124 115 125 115 125 126 126 114 113 114 113 132 127 102 95 106 102 127 116 107 105 105 100 128 128 106 102 104 99 129 129 105 100 104 99 131 130 130 131 103 97 132 127 131 130 127 116 133 132 121 117 122 119 133 132 135 133 123 121 135 133 136 134 123 121 137 135 124 123 124 123 138 136 125 124 125 124 139 137 126 126 132 127 139 137 140 138 128 128 134 139 127 116 129 129 141 140 128 128 129 129 143 141 142 142 130 131 144 143 143 141 131 130 140 138 144 143 144 143 139 137 138 136 143 141 138 136 137 135 142 142 137 135 136 134 135 133 142 142 136 134 133 132 141 140 135 133 110 109 109 144 145 145 111 110 110 109 145 145 112 111 111 110 145 145 113 112 112 111 145 145 114 113 113 112 145 145 115 125 114 113 145 145 116 122 115 125 145 145 117 120 116 122 145 145 118 118 117 120 145 145 119 115 118 118 145 145 120 114 119 115 145 145 109 144 120 114 145 145 0 1 12 24 13 13 1 2 13 13 14 14 2 3 14 14 15 15 3 4 15 15 16 16 4 5 16 16 17 17 5 6 17 17 18 18 6 7 18 18 19 19 7 8 19 19 20 20 8 9 20 20 21 21 9 10 21 21 22 22 10 11 22 22 23 23 12 24 0 1 11 12 13 13 12 24 25 25 14 14 13 13 26 26 14 14 27 27 28 28 15 15 28 28 29 29 16 16 29 29 30 30 17 17 30 30 31 31 19 19 18 18 31 31 20 20 19 19 32 32 20 20 33 33 34 34 21 21 34 34 35 35 22 22 35 35 36 36 12 24 23 23 36 36 25 25 49 39 50 37 37 38 38 40 50 37 50 37 51 41 27 27 38 40 39 43 51 41 27 27 51 41 52 42 39 43 40 44 52 42 52 42 53 45 29 29 40 44 41 46 53 45 53 45 54 47 30 30 41 46 42 48 54 47 54 47 55 49 31 31 42 48 43 66 55 49 55 49 56 51 32 32 55 49 43 66 44 50 32 32 56 51 57 52 56 51 44 50 45 53 57 52 58 55 34 34 57 52 45 53 46 54 58 55 59 57 35 35 58 55 46 54 47 56 35 35 59 57 60 58 59 57 47 56 48 59 36 36 60 58 49 39 48 59 37 38 49 39 37 38 61 72 62 60 39 43 38 40 62 60 39 43 63 61 64 62 40 44 64 62 65 63 42 48 41 46 65 63 42 48 66 64 67 65 43 66 67 65 68 67 44 50 68 67 69 68 45 53 69 68 70 69 46 54 70 69 71 70 47 56 71 70 72 71 37 38 48 59 72 71 61 72 74 84 73 73 62 60 73 73 75 74 63 61 75 74 76 75 64 62 76 75 77 76 65 63 77 76 78 77 67 65 66 64 78 77 67 65 79 78 80 79 69 68 68 67 80 79 70 69 69 68 81 80 71 70 70 69 82 81 72 71 71 70 83 82 61 72 72 71 84 83 86 85 85 108 97 86 86 85 98 87 99 88 88 90 87 89 99 88 88 90 100 91 101 92 90 94 89 93 101 92 91 96 90 94 102 95 92 98 91 96 103 97 92 98 104 99 105 100 93 101 105 100 106 102 95 104 94 103 106 102 95 104 107 105 108 106 85 108 96 107 108 106 97 86 109 144 110 109 99 88 98 87 110 109 100 91 99 88 111 110 101 92 100 91 112 111 101 92 113 112 114 113 107 105 119 115 120 114 120 114 109 144 97 86 119 115 107 105 127 116 118 118 119 115 121 117 117 120 118 118 122 119 116 122 117 120 123 121 116 122 124 123 125 124 115 125 125 124 126 126 114 113 126 126 132 127 106 102 128 128 127 116 105 100 129 129 128 128 104 99 130 131 129 129 104 99 103 97 131 130 103 97 102 95 132 127 127 116 134 139 133 132 122 119 121 117 133 132 123 121 122 119 135 133 123 121 136 134 137 135 124 123 137 135 138 136 125 124 138 136 139 137 132 127 126 126 139 137 128 128 141 140 134 139 129 129 142 142 141 140 129 129 130 131 143 141 130 131 131 130 144 143 131 130 132 127 140 138 144 143 140 138 139 137 143 141 144 143 138 136 142 142 143 141 137 135 135 133 141 140 142 142 133 132 134 139 141 140</p>
        </triangles>
      </mesh>
    </geometry>
    <geometry id="Handle_Front_006-mesh" name="Handle_Front.006">
      <mesh>
        <source id="Handle_Front_006-mesh-positions">
          <float_array id="Handle_Front_006-mesh-positions-array" count="438">-0.03019267 -0.002780556 -0.03281581 -0.04254585 -0.002942085 -0.01331907 -0.04349547 -0.003071784 0.009742319 -0.03278702 -0.003134846 0.03018921 -0.01328992 -0.003114402 0.04254281 0.009771585 -0.003015935 0.04349297 0.0302183 -0.00286585 0.03278511 0.04257148 -0.002704322 0.01328843 0.0435211 -0.002574622 -0.009772956 0.03281271 -0.00251156 -0.03021985 0.01331561 -0.002532005 -0.04257351 -0.009745895 -0.002630472 -0.04352366 -0.02902269 -0.01958918 -0.03171879 -0.0409283 -0.01974487 -0.01292848 -0.04184353 -0.01986986 0.009297311 -0.03152316 -0.01993066 0.02900338 -0.0127325 -0.01991099 0.0409094 0.00949347 -0.01981604 0.04182523 0.02919942 -0.01967138 0.03150534 0.04110503 -0.01951569 0.01271504 0.04202026 -0.0193907 -0.009510755 0.03169989 -0.0193299 -0.02921688 0.01290923 -0.01934963 -0.04112291 -0.009316742 -0.01944452 -0.04203867 1.28343e-5 -0.002823233 -1.53401e-5 -0.0144611 -0.01961213 -0.01590621 -0.02041143 -0.01968991 -0.006514966 -0.02086883 -0.01975238 0.004593312 -0.01571083 -0.01978278 0.01444226 -0.006319344 -0.01977294 0.02039283 0.004788994 -0.0197255 0.02085053 0.01463782 -0.0196532 0.01569271 0.02058821 -0.01957541 0.006301462 0.02104562 -0.01951295 -0.004806816 0.01588755 -0.01948255 -0.01465576 0.006496131 -0.01949238 -0.02060627 -0.004612207 -0.01953983 -0.02106404 -0.01440769 -0.03150087 -0.01597088 -0.02035802 -0.03157871 -0.006579577 -0.02081543 -0.03164118 0.004528701 -0.01565736 -0.03167152 0.01437765 -0.006265938 -0.03166168 0.02032816 0.0048424 -0.03161424 0.02078586 0.01469129 -0.03154194 0.01562809 0.02064162 -0.03146415 0.006236851 0.02109903 -0.03140169 -0.004871428 0.01594102 -0.03137129 -0.01472038 0.006549537 -0.03138113 -0.02067095 -0.004558801 -0.03142857 -0.02112865 -0.01445657 -0.02062267 -0.01591169 -0.0204069 -0.02070051 -0.00652045 -0.0208643 -0.02076297 0.004587829 -0.01570624 -0.02079331 0.01443678 -0.006314814 -0.02078348 0.02038735 0.004793524 -0.02073603 0.02084499 0.01464235 -0.02066373 0.01568722 0.02059274 -0.02058595 0.006295979 0.02105015 -0.02052348 -0.0048123 0.01589208 -0.02049309 -0.01466125 0.006500661 -0.02050292 -0.02061182 -0.004607677 -0.02055037 -0.02106952 -0.01216179 -0.03150403 -0.01353198 -0.01719361 -0.03156983 -0.005590379 -0.01758038 -0.03162264 0.003803133 -0.01321858 -0.03164833 0.01213181 -0.005276799 -0.03164005 0.01716381 0.004116773 -0.03159993 0.01755082 0.01244539 -0.03153878 0.01318919 0.01747721 -0.03147298 0.005247652 0.01786404 -0.03142017 -0.00414592 0.01350218 -0.03139448 -0.01247459 0.005560457 -0.03140282 -0.01750659 -0.003833174 -0.03144288 -0.01789361 -0.01852178 -0.009611725 -0.005855321 -0.0131331 -0.009541213 -0.01436018 -0.01893603 -0.00966829 0.004204452 -0.01426482 -0.009695768 0.01312381 -0.005759835 -0.009686887 0.01851272 0.004300057 -0.009643912 0.01892721 0.01321929 -0.009578406 0.01425623 0.01860803 -0.009507954 0.00575143 0.01902228 -0.009451389 -0.004308402 0.01435106 -0.009423911 -0.01322776 0.005846083 -0.009432792 -0.01861667 -0.004213809 -0.009475767 -0.01903116 -0.01205104 -0.02431207 -0.01333743 -0.01702433 -0.0243771 -0.005488216 -0.01740664 -0.02442932 0.003795981 -0.01309555 -0.02445471 0.01202768 -0.005246222 -0.02444648 0.01700115 0.004038035 -0.02440685 0.01738369 0.01226967 -0.02434641 0.01307284 0.01724296 -0.02428138 0.005223631 0.01762527 -0.02422916 -0.004060566 0.01331418 -0.02420377 -0.01229226 0.005464911 -0.024212 -0.01726573 -0.003819406 -0.02425163 -0.01764827 -0.01189309 -0.0594598 -0.01352852 -0.01686638 -0.05952483 -0.005679368 -0.01724869 -0.05957704 0.003604829 -0.0129376 -0.05960243 0.01183658 -0.005088269 -0.05959421 0.01680999 0.004195988 -0.05955457 0.01719254 0.01242762 -0.05949413 0.01288169 0.01740092 -0.0594291 0.005032539 0.01778322 -0.05937689 -0.004251718 0.01347213 -0.0593515 -0.01248341 0.005622863 -0.05935972 -0.01745688 -0.003661453 -0.05939936 -0.01783943 -0.01183503 -0.0723738 -0.01359879 -0.01680833 -0.07243883 -0.005749583 -0.01719063 -0.07249104 0.003534615 -0.01287955 -0.07251644 0.01176631 -0.005030274 -0.07250821 0.01673978 0.004254043 -0.07246857 0.01712232 0.01248568 -0.07240813 0.01281148 0.01745897 -0.07234311 0.004962265 0.01784127 -0.07229089 -0.004321932 0.01353019 -0.0722655 -0.01255363 0.005680859 -0.07227373 -0.0175271 -0.003603398 -0.07231336 -0.01790964 0.1257352 -0.06936496 -0.006631195 0.1268824 -0.06874352 -0.003520727 0.1273995 -0.06840461 0.001801967 0.127148 -0.06843894 0.007910847 0.1261951 -0.0688374 0.01316899 0.1247963 -0.06949311 0.0161674 0.1241861 -0.06165295 -0.006511032 0.1253334 -0.06103152 -0.003400564 0.1258505 -0.0606926 0.00192219 0.1255989 -0.06072694 0.00803107 0.1246461 -0.06112539 0.01328915 0.1232473 -0.06178116 0.01628756 0.1369404 -0.0198214 -0.006400227 0.1345047 -0.01898777 -0.006495833 0.1376608 -0.01831007 -0.003302335 0.1379315 -0.0174573 0.002013087 0.1376799 -0.01749163 0.008121967 0.1369736 -0.01840388 0.01338738 0.1360016 -0.01994961 0.01639837 0.1335659 -0.01911598 0.01630276 0.1352251 -0.01747643 -0.003397941 0.1354959 -0.01662367 0.001917481 0.1352443 -0.016658 0.008026361 0.1345379 -0.01757025 0.01329177 3.25309e-4 -0.07239097 -3.93676e-4</float_array>
          <technique_common>
            <accessor source="#Handle_Front_006-mesh-positions-array" count="146" stride="3">
              <param name="X" type="float"/>
              <param name="Y" type="float"/>
              <param name="Z" type="float"/>
            </accessor>
          </technique_common>
        </source>
        <source id="Handle_Front_006-mesh-normals">
          <float_array id="Handle_Front_006-mesh-normals-array" count="438">-0.004493653 0.9999752 0.005438029 -0.5358362 0.6178019 -0.5755001 -0.7538419 0.6149512 -0.2314248 -0.7705995 0.6126626 0.1755594 -0.5816184 0.6115495 0.5364022 -0.2375364 0.6119102 0.7544153 0.1694505 0.6136481 0.7711825 0.5302903 0.6162973 0.5822113 0.7482958 0.6191483 0.2381361 0.7650539 0.6214362 -0.1688477 0.5760729 0.6225496 -0.5296905 0.2319911 0.6221889 -0.7477039 -0.1749963 0.620451 -0.7644716 -0.6892217 -0.6902905 -0.2201648 -0.7046692 -0.692403 0.1549823 -0.5304775 -0.6934257 0.4876009 -0.2133129 -0.6930935 0.6885631 0.1618375 -0.6914916 0.7040228 0.4944548 -0.6890464 0.5298392 0.6954089 -0.6864213 0.2126787 0.7108559 -0.6843157 -0.1624685 0.5366644 -0.6832863 -0.495087 0.2195001 -0.6836187 -0.6960497 -0.1556514 -0.6852172 -0.7115125 -0.4882664 -0.6876626 -0.5373233 -0.4285731 -0.7695947 -0.4733384 -0.6052575 -0.7719089 -0.1944735 -0.6188499 -0.7737557 0.1353774 -0.4656794 -0.7746641 0.4278297 -0.1868124 -0.7743698 0.6045267 0.1430408 -0.7729614 0.6181182 0.4354915 -0.7708169 0.4649609 0.612187 -0.7685012 0.1860996 0.6257663 -0.7666496 -0.1437532 0.4726051 -0.7657466 -0.4362071 0.1937355 -0.7660364 -0.6129069 -0.1361199 -0.7674494 -0.6264924 -0.9544485 -0.002669155 -0.298364 -0.5099913 -0.6524621 -0.5605374 -0.6774049 9.56125e-4 -0.7356098 -0.7197539 -0.6552125 -0.229458 -0.9757478 -0.005573868 0.2188274 -0.7355961 -0.006988823 0.6773844 -0.7358829 -0.6574072 0.1621487 -0.5540381 -0.6584822 0.5093556 -0.2983413 -0.006530523 0.954437 -0.2229545 -0.6581384 0.7191281 0.2188533 -0.004322171 0.9757482 0.1686549 -0.6564594 0.7352665 0.6774088 -9.56768e-4 0.7356062 0.7256242 -0.6511703 0.2223667 0.9544506 0.002667725 0.2983575 0.9757462 0.005574584 -0.2188344 0.741753 -0.6489685 -0.1692411 0.5599171 -0.6478972 -0.5164515 0.7355909 0.006990253 -0.6773899 0.2288375 -0.6482444 -0.7262318 0.2983362 0.006531596 -0.9544386 -0.2188545 0.004322946 -0.975748 -0.162779 -0.6499098 -0.7423747 0.6329113 -0.7498581 0.1927074 0.6469533 -0.7479459 -0.1484196 0.4885588 -0.7470094 -0.4508739 0.2001579 -0.7473092 -0.6336133 -0.1409747 -0.7487663 -0.647669 -0.4434196 -0.7509946 -0.4892712 0.5158495 -0.6539241 0.5534282 -0.626159 -0.7533739 -0.2008802 -0.6402001 -0.7552973 0.1402497 -0.4817996 -0.7562302 0.4427021 -0.1933969 -0.7559279 0.6254364 0.1477328 -0.7544682 0.6394943 0.4501734 -0.7522588 0.4810931 0.9525513 0.06121522 0.2981593 0.9738079 0.06411856 -0.2181445 0.7340633 0.06553035 -0.6759119 0.2975566 0.06507259 -0.952484 -0.2187433 0.06286799 -0.9737552 -0.6765089 0.05950707 -0.7340263 -0.9530749 0.05589061 -0.2975305 -0.9743377 0.05298751 0.218766 -0.7346003 0.0515756 0.6765371 -0.2980979 0.05203312 0.9531161 0.2182092 0.05423778 0.9743937 0.6759828 0.05759865 0.734663 -0.9544497 -0.002666532 -0.2983601 -0.6774061 9.56252e-4 -0.7356086 -0.9544496 -0.002666652 -0.2983604 -0.9757472 -0.005574882 0.2188296 -0.9757468 -0.005574762 0.2188313 -0.7355938 -0.0069893 0.6773868 -0.7355948 -0.006989359 0.6773858 -0.2983386 -0.006531059 0.9544378 -0.2983388 -0.006531 0.9544378 0.2188611 -0.004322707 0.9757465 0.1008464 0.07227748 0.9922732 0.677412 -9.56153e-4 0.7356032 0.4367092 0.7532469 0.4918376 0.9544495 0.002666592 0.298361 0.6131197 0.7645813 0.1987455 0.6270323 0.7664771 -0.1390804 0.9757483 0.005574822 -0.218825 0.4753537 0.7584528 -0.4458568 0.735594 0.006989359 -0.6773865 0.2983395 0.006531059 -0.9544375 0.1826435 0.08298206 -0.9796711 -0.2188556 0.004322767 -0.9757477 -0.2188554 0.004322767 -0.9757478 -0.6774125 9.56179e-4 -0.7356029 -0.7197524 -0.6552122 -0.2294635 -0.7358728 -0.6574198 0.1621435 -0.5540348 -0.6584906 0.5093484 -0.2229574 -0.658149 0.7191175 -0.006659984 -0.7057489 0.7084308 -0.1627769 -0.6499203 -0.7423661 0.05273288 -0.6974856 -0.7146559 -0.2039417 0.4512848 -0.8687635 0.4300538 -0.6933593 -0.5781926 0.01893401 -0.9995669 -0.02253139 0.6702392 -0.7386845 -0.07158648 0.0216701 -0.9997206 -0.009446561 0.6654317 -0.7464544 0.00256139 0.02128231 -0.9997735 -2.65826e-5 0.6641297 -0.7463003 0.0443592 0.6639046 -0.7381229 0.1200216 0.01747953 -0.9997655 0.01278877 0.3891373 -0.7036988 0.5944579 -0.2068582 0.4309756 0.8783335 -0.6487253 0.7583277 0.06398844 -0.6434587 0.7654705 -0.003979802 -0.6439545 0.7569173 -0.1113506 -0.6425779 0.7651132 -0.04117488 0.6624335 0.2422161 -0.7088817 0.8379032 0.4817417 -0.2565994 0.859215 0.5099207 -0.04160195 0.8525514 0.5092355 0.1176248 0.8133506 0.4792764 0.3297803 0.6063383 0.2433318 0.7570624 -0.5570853 0.5667764 0.6069766 -0.5042815 0.5655116 -0.6526079 -0.4445091 0.8675741 -0.2229951 -0.4619956 0.8859739 0.0401318 -0.4572607 0.8867515 -0.06770855 -0.4629358 0.864532 0.1956396 -0.5099768 -0.6524798 -0.56053 0.004493594 -0.9999752 -0.005437731</float_array>
          <technique_common>
            <accessor source="#Handle_Front_006-mesh-normals-array" count="146" stride="3">
              <param name="X" type="float"/>
              <param name="Y" type="float"/>
              <param name="Z" type="float"/>
            </accessor>
          </technique_common>
        </source>
        <vertices id="Handle_Front_006-mesh-vertices">
          <input semantic="POSITION" source="#Handle_Front_006-mesh-positions"/>
        </vertices>
        <triangles material="steel-material" count="264">
          <input semantic="VERTEX" source="#Handle_Front_006-mesh-vertices" offset="0"/>
          <input semantic="NORMAL" source="#Handle_Front_006-mesh-normals" offset="1"/>
          <p>24 0 0 1 1 2 24 0 1 2 2 3 24 0 2 3 3 4 24 0 3 4 4 5 24 0 4 5 5 6 24 0 5 6 6 7 24 0 6 7 7 8 24 0 7 8 8 9 24 0 8 9 9 10 24 0 9 10 10 11 24 0 10 11 11 12 11 12 0 1 24 0 0 1 13 13 1 2 1 2 14 14 2 3 2 3 15 15 3 4 3 4 16 16 4 5 4 5 17 17 5 6 5 6 18 18 6 7 6 7 19 19 7 8 7 8 20 20 8 9 8 9 21 21 9 10 9 10 22 22 10 11 10 11 23 23 11 12 12 24 11 12 23 23 13 13 25 25 26 26 14 14 26 26 27 27 14 14 28 28 15 15 15 15 29 29 16 16 16 16 30 30 17 17 17 17 31 31 18 18 19 19 31 31 32 32 20 20 32 32 33 33 20 20 34 34 21 21 21 21 35 35 22 22 22 22 36 36 23 23 12 24 36 36 25 25 25 25 50 37 26 26 37 38 50 37 49 39 50 37 27 27 26 26 38 40 51 41 50 37 27 27 52 42 28 28 39 43 52 42 51 41 52 42 29 29 28 28 40 44 53 45 52 42 53 45 30 30 29 29 41 46 54 47 53 45 54 47 31 31 30 30 42 48 55 49 54 47 55 49 32 32 31 31 55 49 44 50 56 51 32 32 57 52 33 33 56 51 45 53 57 52 57 52 34 34 33 33 57 52 46 54 58 55 58 55 35 35 34 34 58 55 47 56 59 57 35 35 60 58 36 36 59 57 48 59 60 58 36 36 49 39 25 25 48 59 49 39 60 58 37 38 62 60 38 40 39 43 62 60 63 61 39 43 64 62 40 44 40 44 65 63 41 46 42 48 65 63 66 64 42 48 67 65 43 66 43 66 68 67 44 50 44 50 69 68 45 53 45 53 70 69 46 54 46 54 71 70 47 56 47 56 72 71 48 59 37 38 72 71 61 72 61 72 73 73 62 60 62 60 75 74 63 61 63 61 76 75 64 62 64 62 77 76 65 63 65 63 78 77 66 64 67 65 78 77 79 78 67 65 80 79 68 67 69 68 80 79 81 80 70 69 81 80 82 81 71 70 82 81 83 82 72 71 83 82 84 83 61 72 84 83 74 84 86 85 97 86 98 87 86 85 99 88 87 89 88 90 99 88 100 91 88 90 101 92 89 93 90 94 101 92 102 95 91 96 102 95 103 97 92 98 103 97 104 99 92 98 105 100 93 101 93 101 106 102 94 103 95 104 106 102 107 105 95 104 108 106 96 107 85 108 108 106 97 86 97 86 110 109 98 87 99 88 110 109 111 110 100 91 111 110 112 111 101 92 112 111 113 112 101 92 114 113 102 95 107 105 120 114 108 106 120 114 97 86 108 106 119 115 127 116 121 117 118 118 121 117 122 119 117 120 122 119 123 121 116 122 123 121 124 123 116 122 125 124 115 125 115 125 126 126 114 113 114 113 132 127 102 95 106 102 127 116 107 105 105 100 128 128 106 102 104 99 129 129 105 100 104 99 131 130 130 131 103 97 132 127 131 130 127 116 133 132 121 117 122 119 133 132 135 133 123 121 135 133 136 134 123 121 137 135 124 123 124 123 138 136 125 124 125 124 139 137 126 126 132 127 139 137 140 138 128 128 134 139 127 116 129 129 141 140 128 128 129 129 143 141 142 142 130 131 144 143 143 141 131 130 140 138 144 143 144 143 139 137 138 136 143 141 138 136 137 135 142 142 137 135 136 134 135 133 142 142 136 134 133 132 141 140 135 133 110 109 109 144 145 145 111 110 110 109 145 145 112 111 111 110 145 145 113 112 112 111 145 145 114 113 113 112 145 145 115 125 114 113 145 145 116 122 115 125 145 145 117 120 116 122 145 145 118 118 117 120 145 145 119 115 118 118 145 145 120 114 119 115 145 145 109 144 120 114 145 145 0 1 12 24 13 13 1 2 13 13 14 14 2 3 14 14 15 15 3 4 15 15 16 16 4 5 16 16 17 17 5 6 17 17 18 18 6 7 18 18 19 19 7 8 19 19 20 20 8 9 20 20 21 21 9 10 21 21 22 22 10 11 22 22 23 23 12 24 0 1 11 12 13 13 12 24 25 25 14 14 13 13 26 26 14 14 27 27 28 28 15 15 28 28 29 29 16 16 29 29 30 30 17 17 30 30 31 31 19 19 18 18 31 31 20 20 19 19 32 32 20 20 33 33 34 34 21 21 34 34 35 35 22 22 35 35 36 36 12 24 23 23 36 36 25 25 49 39 50 37 37 38 38 40 50 37 50 37 51 41 27 27 38 40 39 43 51 41 27 27 51 41 52 42 39 43 40 44 52 42 52 42 53 45 29 29 40 44 41 46 53 45 53 45 54 47 30 30 41 46 42 48 54 47 54 47 55 49 31 31 42 48 43 66 55 49 55 49 56 51 32 32 55 49 43 66 44 50 32 32 56 51 57 52 56 51 44 50 45 53 57 52 58 55 34 34 57 52 45 53 46 54 58 55 59 57 35 35 58 55 46 54 47 56 35 35 59 57 60 58 59 57 47 56 48 59 36 36 60 58 49 39 48 59 37 38 49 39 37 38 61 72 62 60 39 43 38 40 62 60 39 43 63 61 64 62 40 44 64 62 65 63 42 48 41 46 65 63 42 48 66 64 67 65 43 66 67 65 68 67 44 50 68 67 69 68 45 53 69 68 70 69 46 54 70 69 71 70 47 56 71 70 72 71 37 38 48 59 72 71 61 72 74 84 73 73 62 60 73 73 75 74 63 61 75 74 76 75 64 62 76 75 77 76 65 63 77 76 78 77 67 65 66 64 78 77 67 65 79 78 80 79 69 68 68 67 80 79 70 69 69 68 81 80 71 70 70 69 82 81 72 71 71 70 83 82 61 72 72 71 84 83 86 85 85 108 97 86 86 85 98 87 99 88 88 90 87 89 99 88 88 90 100 91 101 92 90 94 89 93 101 92 91 96 90 94 102 95 92 98 91 96 103 97 92 98 104 99 105 100 93 101 105 100 106 102 95 104 94 103 106 102 95 104 107 105 108 106 85 108 96 107 108 106 97 86 109 144 110 109 99 88 98 87 110 109 100 91 99 88 111 110 101 92 100 91 112 111 101 92 113 112 114 113 107 105 119 115 120 114 120 114 109 144 97 86 119 115 107 105 127 116 118 118 119 115 121 117 117 120 118 118 122 119 116 122 117 120 123 121 116 122 124 123 125 124 115 125 125 124 126 126 114 113 126 126 132 127 106 102 128 128 127 116 105 100 129 129 128 128 104 99 130 131 129 129 104 99 103 97 131 130 103 97 102 95 132 127 127 116 134 139 133 132 122 119 121 117 133 132 123 121 122 119 135 133 123 121 136 134 137 135 124 123 137 135 138 136 125 124 138 136 139 137 132 127 126 126 139 137 128 128 141 140 134 139 129 129 142 142 141 140 129 129 130 131 143 141 130 131 131 130 144 143 131 130 132 127 140 138 144 143 140 138 139 137 143 141 144 143 138 136 142 142 143 141 137 135 135 133 141 140 142 142 133 132 134 139 141 140</p>
        </triangles>
      </mesh>
    </geometry>
    <geometry id="Door_006-mesh" name="Door.006">
      <mesh>
        <source id="Door_006-mesh-positions">
          <float_array id="Door_006-mesh-positions-array" count="24">0 0 -1.046 0 0.04899996 -1.046 0.956 0.04899996 -1.046 0.956 0 -1.046 0 0 0.994 0 0.04899996 0.994 0.956 0.04899996 0.994 0.956 0 0.994</float_array>
          <technique_common>
            <accessor source="#Door_006-mesh-positions-array" count="8" stride="3">
              <param name="X" type="float"/>
              <param name="Y" type="float"/>
              <param name="Z" type="float"/>
            </accessor>
          </technique_common>
        </source>
        <source id="Door_006-mesh-normals">
          <float_array id="Door_006-mesh-normals-array" count="36">-1 0 0 0 1 0 1 0 0 0 -1 0 0 0 -1 0 0 1 -1 0 0 0 1 0 1 0 0 0 -1 0 0 0 -1 0 0 1</float_array>
          <technique_common>
            <accessor source="#Door_006-mesh-normals-array" count="12" stride="3">
              <param name="X" type="float"/>
              <param name="Y" type="float"/>
              <param name="Z" type="float"/>
            </accessor>
          </technique_common>
        </source>
        <vertices id="Door_006-mesh-vertices">
          <input semantic="POSITION" source="#Door_006-mesh-positions"/>
        </vertices>
        <triangles material="fine_grained_wood-material" count="12">
          <input semantic="VERTEX" source="#Door_006-mesh-vertices" offset="0"/>
          <input semantic="NORMAL" source="#Door_006-mesh-normals" offset="1"/>
          <p>5 0 0 0 4 0 6 1 1 1 5 1 7 2 2 2 6 2 4 3 3 3 7 3 1 4 3 4 0 4 6 5 4 5 7 5 5 6 1 6 0 6 6 7 2 7 1 7 7 8 3 8 2 8 4 9 0 9 3 9 1 10 2 10 3 10 6 11 5 11 4 11</p>
        </triangles>
      </mesh>
    </geometry>
    <geometry id="DoorFrane_005-mesh" name="DoorFrane.005">
      <mesh>
        <source id="DoorFrane_005-mesh-positions">
          <float_array id="DoorFrane_005-mesh-positions-array" count="96">-0.53 -0.03666663 0 -0.53 0.07333332 0 -0.48 0.07333332 0 -0.53 -0.03666663 2.1 -0.53 0.07333332 2.1 0.53 0.07333332 2.1 0.53 -0.03666663 2.1 0.48 -0.03666663 2.05 -0.48 0.07333332 2.05 0.48 -0.03666663 0 0.53 -0.03666663 0 0.53 0.07333332 0 0.48 0.01833331 2.05 -0.48 0.01833331 2.05 -0.48 0.01833331 0 -0.46 0.01833331 2.05 -0.46 0.01833331 0 -0.46 0.07333332 2.05 -0.46 0.07333332 0 0.48 0.01833331 0 -0.48 -0.03666663 2.05 -0.48 -0.03666663 0 0.48 0.07333332 2.05 0.48 0.07333332 0 0.46 0.07333332 0 0.46 0.01833331 0 0.46 0.07333332 2.05 0.46 0.01833331 2.03 0.46 0.01833331 2.05 -0.46 0.07333332 2.03 -0.46 0.01833331 2.03 0.46 0.07333332 2.03</float_array>
          <technique_common>
            <accessor source="#DoorFrane_005-mesh-positions-array" count="32" stride="3">
              <param name="X" type="float"/>
              <param name="Y" type="float"/>
              <param name="Z" type="float"/>
            </accessor>
          </technique_common>
        </source>
        <source id="DoorFrane_005-mesh-normals">
          <float_array id="DoorFrane_005-mesh-normals-array" count="141">-1 0 0 -1 0 0 0 0 1 1 0 0 1 0 0 1 0 0 0 1 0 0 0 -1 0 -1 0 0 -1 0 0 -1 0 0 1 0 0 0 -1 0 -1 0 0 1 0 0 0 -1 0 1 0 0 -1 0 -1 0 0 0 0 -1 0 1 0 0 1 0 0 -1 0 0 0 1 -1 0 0 -1 0 0 0 0 1 1 0 0 1 0 0 1 0 0 0 1 0 0 0 -1 0 -1 0 0 -1 0 0 -1 0 0 1 0 0 0 -1 0 -1 0 0 1 0 0 0 -1 0 1 0 0 -1 0 -1 0 0 0 0 -1 0 1 0 0 1 0 0 -1 0</float_array>
          <technique_common>
            <accessor source="#DoorFrane_005-mesh-normals-array" count="47" stride="3">
              <param name="X" type="float"/>
              <param name="Y" type="float"/>
              <param name="Z" type="float"/>
            </accessor>
          </technique_common>
        </source>
        <vertices id="DoorFrane_005-mesh-vertices">
          <input semantic="POSITION" source="#DoorFrane_005-mesh-positions"/>
        </vertices>
        <triangles material="Plastic-material" count="47">
          <input semantic="VERTEX" source="#DoorFrane_005-mesh-vertices" offset="0"/>
          <input semantic="NORMAL" source="#DoorFrane_005-mesh-normals" offset="1"/>
          <p>4 0 0 0 3 0 12 1 9 1 7 1 3 2 5 2 4 2 11 3 6 3 10 3 20 4 14 4 13 4 15 5 18 5 17 5 11 6 22 6 5 6 13 7 7 7 20 7 20 8 0 8 21 8 10 9 7 9 9 9 14 10 15 10 13 10 8 11 1 11 4 11 31 12 30 12 29 12 6 13 20 13 7 13 4 14 22 14 8 14 2 15 16 15 14 15 18 16 8 16 17 16 25 17 12 17 28 17 26 18 25 18 28 18 24 19 19 19 25 19 23 20 26 20 22 20 17 21 31 21 29 21 30 22 28 22 15 22 8 23 22 23 26 23 4 24 1 24 0 24 12 25 19 25 9 25 3 26 6 26 5 26 11 27 5 27 6 27 20 28 21 28 14 28 15 29 16 29 18 29 11 30 23 30 22 30 13 31 12 31 7 31 20 32 3 32 0 32 10 33 6 33 7 33 14 34 16 34 15 34 8 35 2 35 1 35 31 36 27 36 30 36 6 37 3 37 20 37 4 38 5 38 22 38 2 39 18 39 16 39 18 40 2 40 8 40 25 41 19 41 12 41 26 42 24 42 25 42 24 43 23 43 19 43 23 44 24 44 26 44 17 45 26 45 31 45 30 46 27 46 28 46</p>
        </triangles>
      </mesh>
    </geometry>
    <geometry id="Handle_Front_014-mesh" name="Handle_Front.014">
      <mesh>
        <source id="Handle_Front_014-mesh-positions">
          <float_array id="Handle_Front_014-mesh-positions-array" count="438">20.61599 -17.64832 1.083035 20.61583 -17.66067 1.063538 20.6157 -17.66162 1.040477 20.61564 -17.65091 1.02003 20.61566 -17.63142 1.007676 20.61576 -17.60836 1.006726 20.61591 -17.58791 1.017434 20.61607 -17.57555 1.036931 20.6162 -17.5746 1.059992 20.61626 -17.58531 1.080439 20.61624 -17.60481 1.092793 20.61614 -17.62787 1.093743 20.59918 -17.64715 1.081938 20.59903 -17.65905 1.063148 20.5989 -17.65997 1.040922 20.59884 -17.64965 1.021216 20.59886 -17.63086 1.00931 20.59896 -17.60863 1.008394 20.5991 -17.58893 1.018714 20.59926 -17.57702 1.037504 20.59938 -17.57611 1.05973 20.59944 -17.58643 1.079436 20.59942 -17.60522 1.091342 20.59933 -17.62744 1.092258 20.61595 -17.61811 1.050235 20.59916 -17.63259 1.066125 20.59908 -17.63854 1.056734 20.59902 -17.63899 1.045626 20.59899 -17.63384 1.035777 20.599 -17.62445 1.029826 20.59905 -17.61334 1.029369 20.59912 -17.60349 1.034527 20.5992 -17.59754 1.043918 20.59926 -17.59708 1.055026 20.59929 -17.60224 1.064875 20.59928 -17.61163 1.070826 20.59923 -17.62274 1.071283 20.58727 -17.63253 1.06619 20.5872 -17.63848 1.056799 20.58713 -17.63894 1.045691 20.5871 -17.63378 1.035842 20.58711 -17.62439 1.029891 20.58716 -17.61328 1.029433 20.58723 -17.60344 1.034591 20.58731 -17.59749 1.043982 20.58737 -17.59703 1.055091 20.5874 -17.60219 1.06494 20.58739 -17.61158 1.07089 20.58734 -17.62269 1.071348 20.59815 -17.63258 1.066131 20.59807 -17.63853 1.05674 20.59801 -17.63899 1.045631 20.59798 -17.63383 1.035782 20.59799 -17.62444 1.029832 20.59804 -17.61333 1.029374 20.59811 -17.60348 1.034532 20.59819 -17.59753 1.043923 20.59825 -17.59708 1.055032 20.59828 -17.60223 1.064881 20.59827 -17.61163 1.070831 20.59822 -17.62273 1.071289 20.58727 -17.63029 1.063751 20.5872 -17.63532 1.05581 20.58715 -17.63571 1.046416 20.58712 -17.63134 1.038087 20.58713 -17.6234 1.033056 20.58717 -17.61401 1.032668 20.58724 -17.60568 1.03703 20.5873 -17.60065 1.044972 20.58735 -17.60026 1.054365 20.58738 -17.60462 1.062694 20.58737 -17.61257 1.067726 20.58733 -17.62196 1.068113 20.60916 -17.63665 1.056075 20.60923 -17.63126 1.064579 20.6091 -17.63706 1.046015 20.60908 -17.63239 1.037095 20.60909 -17.62389 1.031707 20.60913 -17.61383 1.031292 20.60919 -17.60491 1.035963 20.60927 -17.59952 1.044468 20.60932 -17.5991 1.054528 20.60935 -17.60378 1.063447 20.60934 -17.61228 1.068836 20.6093 -17.62234 1.06925 20.59446 -17.63018 1.063557 20.5944 -17.63515 1.055708 20.59434 -17.63553 1.046423 20.59432 -17.63122 1.038192 20.59433 -17.62337 1.033218 20.59437 -17.61409 1.032836 20.59443 -17.60586 1.037146 20.59449 -17.60088 1.044996 20.59454 -17.6005 1.05428 20.59457 -17.60481 1.062512 20.59456 -17.61266 1.067485 20.59452 -17.62195 1.067868 20.55931 -17.63002 1.063748 20.55925 -17.63499 1.055899 20.5592 -17.63537 1.046614 20.55917 -17.63106 1.038383 20.55918 -17.62322 1.033409 20.55922 -17.61393 1.033027 20.55928 -17.6057 1.037338 20.55934 -17.60073 1.045187 20.5594 -17.60034 1.054471 20.55942 -17.60466 1.062703 20.55941 -17.6125 1.067676 20.55937 -17.62179 1.068059 20.5464 -17.62996 1.063818 20.54633 -17.63493 1.055969 20.54628 -17.63532 1.046685 20.54626 -17.63101 1.038453 20.54627 -17.62316 1.03348 20.54631 -17.61387 1.033097 20.54636 -17.60564 1.037408 20.54643 -17.60067 1.045257 20.54648 -17.60029 1.054541 20.54651 -17.6046 1.062773 20.5465 -17.61245 1.067746 20.54646 -17.62173 1.068129 20.54941 -17.49239 1.056851 20.55003 -17.49124 1.05374 20.55037 -17.49073 1.048417 20.55033 -17.49098 1.042308 20.54994 -17.49193 1.03705 20.54928 -17.49333 1.034052 20.55712 -17.49394 1.05673 20.55774 -17.49279 1.05362 20.55808 -17.49228 1.048297 20.55805 -17.49253 1.042188 20.55765 -17.49348 1.03693 20.55699 -17.49488 1.033932 20.59895 -17.48119 1.05662 20.59979 -17.48362 1.056715 20.60046 -17.48047 1.053522 20.60132 -17.48019 1.048206 20.60128 -17.48045 1.042097 20.60037 -17.48115 1.036832 20.59882 -17.48213 1.033821 20.59966 -17.48456 1.033917 20.6013 -17.4829 1.053617 20.60215 -17.48263 1.048302 20.60211 -17.48288 1.042193 20.6012 -17.48359 1.036928 20.54638 -17.6178 1.050613</float_array>
          <technique_common>
            <accessor source="#Handle_Front_014-mesh-positions-array" count="146" stride="3">
              <param name="X" type="float"/>
              <param name="Y" type="float"/>
              <param name="Z" type="float"/>
            </accessor>
          </technique_common>
        </source>
        <source id="Handle_Front_014-mesh-normals">
          <float_array id="Handle_Front_014-mesh-normals-array" count="438">0.9999752 -0.004499256 -0.00544393 0.6177685 -0.5358905 0.5754854 0.6149329 -0.7538484 0.2314526 0.6126556 -0.7706016 -0.1755738 0.6115373 -0.5815482 -0.5364922 0.6119015 -0.2375373 -0.7544221 0.6136594 0.1693693 -0.7711915 0.6162819 0.5302258 -0.5822863 0.6191137 0.7483148 -0.2381665 0.6214221 0.765058 0.1688811 0.6225627 0.5760996 0.5296461 0.6222077 0.2319954 0.747687 0.6204419 -0.1750452 0.7644678 -0.6876551 -0.4882685 0.5373308 -0.6903105 -0.6891855 0.2202152 -0.6933925 -0.5304822 -0.4876428 -0.6930902 -0.2133525 -0.6885541 -0.6914803 0.1618134 -0.7040394 -0.6890426 0.4944113 -0.5298846 -0.6843088 0.7108531 0.1625099 -0.6832574 0.5367191 0.4950677 -0.6835974 0.219536 0.6960594 -0.685229 -0.1556727 0.7114965 -0.769842 -0.429267 0.4723063 -0.7717995 -0.6050859 0.1954397 -0.7735586 -0.6190762 -0.135469 -0.6924088 -0.7046642 -0.154979 -0.7746382 -0.4650328 -0.4285793 -0.7744243 -0.187554 -0.6042274 -0.7730001 0.1428681 -0.6181097 -0.7706559 0.4358211 -0.4649188 -0.7682483 0.6123765 -0.18652 -0.6864315 0.6953915 -0.2127029 -0.7668593 0.6255099 0.1437509 -0.7659628 0.4726713 0.4357555 -0.7660617 0.193993 0.6127938 -0.7674539 -0.1360584 0.6265004 -0.00241208 -0.954257 0.2989783 6.56296e-4 -0.6780144 0.7350484 -0.655237 -0.7197068 0.2295359 -0.005224466 -0.9757382 -0.2188786 -0.006825506 -0.7351018 -0.6779224 -0.6576153 -0.7356985 -0.1621417 -0.006484866 -0.2990392 -0.9542189 -0.6584047 -0.5542566 -0.509218 -0.00448805 0.2185589 -0.9758135 -0.6581391 -0.2227227 -0.7191994 -0.6542206 0.5154123 -0.553485 -5.11572e-4 0.6777155 -0.7353241 -0.65121 0.725597 -0.2223389 0.003145873 0.9543836 -0.2985668 0.005285203 0.9757367 0.2188832 -0.6479389 0.5598905 0.5164281 0.006681621 0.7356922 0.6772831 -0.6483222 0.2286463 0.7262226 0.006491839 0.2983759 0.9544264 -0.6500019 -0.1628417 0.7422804 0.004255473 -0.2189449 0.975728 -0.7520988 0.4503684 -0.4811611 -0.7498557 0.6329239 -0.1926754 -0.7477542 0.6471793 0.1484006 -0.7471395 0.4882429 0.4510006 -0.7473929 0.2004806 0.6334125 -0.7486305 -0.1411312 0.6477921 -0.6565686 0.168466 -0.7352122 -0.7507171 -0.4438597 0.4892979 -0.7534094 -0.6261122 0.2008927 -0.7552734 -0.640204 -0.1403607 -0.6489422 0.7418169 0.1690615 -0.7561522 -0.481958 -0.4426631 -0.7557895 -0.1937126 -0.625506 -0.7543804 0.1477445 -0.6395951 -0.652588 -0.5098808 0.5604914 0.06125819 0.9525671 -0.2981001 0.06414407 0.9737862 0.2182343 0.06556397 0.7341063 0.675862 0.06508564 0.297613 0.9524654 0.06287556 -0.2187531 0.9737524 0.05953156 -0.6766043 0.7339365 0.0558927 -0.9530953 0.297465 0.05297017 -0.9743378 -0.2187696 0.05156558 -0.7345694 -0.6765714 0.05202567 -0.2980647 -0.9531269 0.05423122 0.2182033 -0.9743954 0.05763375 0.6759251 -0.7347133 9.62265e-4 -0.6774417 0.7355758 -0.002712011 -0.9544484 0.2983642 -0.002675414 -0.9544582 0.2983325 -0.005584955 -0.9757505 -0.2188149 -0.005572736 -0.9757338 -0.2188899 -0.006980359 -0.7355993 -0.6773809 -0.006999552 -0.7356274 -0.6773503 -0.006535887 -0.2983853 -0.9544231 -0.006540894 -0.2983677 -0.9544286 0.07226753 0.1008281 -0.9922757 -0.004318356 0.2188704 -0.9757444 -9.46861e-4 0.6773669 -0.7356449 0.7532222 0.4366401 -0.4919368 0.7645906 0.6131027 -0.198762 0.002677857 0.954475 -0.298279 0.005585074 0.9757259 0.2189242 0.7665371 0.6269828 0.1389725 0.758368 0.4753541 0.4460005 0.006998896 0.7355365 0.6774491 0.006536304 0.2982686 0.9544596 0.08298712 0.1826233 0.9796745 0.004313111 -0.2189005 0.9757378 0.004338264 -0.2188336 0.9757527 9.42946e-4 -0.6773762 0.7356362 -0.6553187 -0.7196542 0.2294676 -0.6573605 -0.735915 -0.1621927 -0.6585049 -0.5540462 -0.5093174 -0.6581231 -0.2228633 -0.7191704 -0.7057055 -0.006693124 -0.7084737 -0.6499066 -0.1628154 0.7423696 -0.6974571 0.0527749 0.7146807 0.451299 -0.2038821 0.8687701 -0.6932883 0.4298361 0.5784396 -0.9995647 0.01898109 0.02258771 -0.7386358 0.6702307 0.07216638 -0.9997202 0.02167636 0.009475469 -0.7464781 0.665406 -0.00231713 -0.9997721 0.02134853 7.42739e-5 -0.746315 0.664119 -0.04427284 -0.7381321 0.6637826 -0.1206386 -0.9997639 0.01745474 -0.01294821 -0.7034225 0.3888157 -0.5949952 0.4308732 -0.2068598 -0.8783833 0.7583065 -0.6487316 -0.06417745 0.7654691 -0.6434615 0.003816843 0.7569373 -0.6439538 0.1112195 0.7651032 -0.6425842 0.04126578 0.242268 0.6627141 0.7086017 0.4814734 0.8381307 0.2563599 0.5096754 0.8593568 0.04167747 0.5092335 0.8525547 -0.1176086 0.4789454 0.8136033 -0.329638 0.2434736 0.6064378 -0.7569372 0.5672217 -0.5575349 -0.6061474 0.5655003 -0.5042845 0.6526153 0.8676123 -0.4443138 0.2232354 0.8858894 -0.4621358 -0.04037904 0.8868176 -0.4570911 0.06798923 0.8646152 -0.4628131 -0.1955624 -0.652463 -0.509864 0.5606521 -0.9999749 0.00454694 0.005438983</float_array>
          <technique_common>
            <accessor source="#Handle_Front_014-mesh-normals-array" count="146" stride="3">
              <param name="X" type="float"/>
              <param name="Y" type="float"/>
              <param name="Z" type="float"/>
            </accessor>
          </technique_common>
        </source>
        <vertices id="Handle_Front_014-mesh-vertices">
          <input semantic="POSITION" source="#Handle_Front_014-mesh-positions"/>
        </vertices>
        <triangles material="steel-material" count="264">
          <input semantic="VERTEX" source="#Handle_Front_014-mesh-vertices" offset="0"/>
          <input semantic="NORMAL" source="#Handle_Front_014-mesh-normals" offset="1"/>
          <p>24 0 0 1 1 2 24 0 1 2 2 3 24 0 2 3 3 4 24 0 3 4 4 5 24 0 4 5 5 6 24 0 5 6 6 7 24 0 6 7 7 8 24 0 7 8 8 9 24 0 8 9 9 10 24 0 9 10 10 11 24 0 10 11 11 12 11 12 0 1 24 0 12 13 1 2 0 1 13 14 2 3 1 2 2 3 15 15 3 4 15 15 4 5 3 4 16 16 5 6 4 5 17 17 6 7 5 6 18 18 7 8 6 7 7 8 20 19 8 9 8 9 21 20 9 10 9 10 22 21 10 11 22 21 11 12 10 11 12 13 11 12 23 22 13 14 25 23 26 24 13 14 27 25 14 26 14 26 28 27 15 15 15 15 29 28 16 16 17 17 29 28 30 29 18 18 30 29 31 30 18 18 32 31 19 32 19 32 33 33 20 19 20 19 34 34 21 20 21 20 35 35 22 21 22 21 36 36 23 22 12 13 36 36 25 23 25 23 50 37 26 24 49 38 38 39 50 37 50 37 27 25 26 24 38 39 51 40 50 37 27 25 52 41 28 27 39 42 52 41 51 40 28 27 53 43 29 28 40 44 53 43 52 41 29 28 54 45 30 29 41 46 54 45 53 43 54 45 31 30 30 29 54 45 43 47 55 48 55 48 32 31 31 30 55 48 44 49 56 50 32 31 57 51 33 33 44 49 57 51 56 50 57 51 34 34 33 33 57 51 46 52 58 53 58 53 35 35 34 34 58 53 47 54 59 55 59 55 36 36 35 35 59 55 48 56 60 57 36 36 49 38 25 23 48 56 49 38 60 57 38 39 61 58 62 59 38 39 63 60 39 42 40 44 63 60 64 61 40 44 65 62 41 46 41 46 66 63 42 64 43 47 66 63 67 65 44 49 67 65 68 66 44 49 69 67 45 68 46 52 69 67 70 69 47 54 70 69 71 70 48 56 71 70 72 71 48 56 61 58 37 72 61 58 73 73 62 59 63 60 73 73 75 74 63 60 76 75 64 61 64 61 77 76 65 62 66 63 77 76 78 77 66 63 79 78 67 65 67 65 80 79 68 66 69 67 80 79 81 80 69 67 82 81 70 69 70 69 83 82 71 70 72 71 83 82 84 83 61 58 84 83 74 84 85 85 98 86 86 87 87 88 98 86 99 89 87 88 100 90 88 91 89 92 100 90 101 93 89 92 102 94 90 95 91 96 102 94 103 97 91 96 104 98 92 99 93 100 104 98 105 101 93 100 106 102 94 103 95 104 106 102 107 105 95 104 108 106 96 107 85 85 108 106 97 108 97 108 110 109 98 86 99 89 110 109 111 110 100 90 111 110 112 111 100 90 113 112 101 93 101 93 114 113 102 94 107 105 120 114 108 106 120 114 97 108 108 106 119 115 127 116 121 117 118 118 121 117 122 119 117 120 122 119 123 121 116 122 123 121 124 123 116 122 125 124 115 125 115 125 126 126 114 113 114 113 132 127 102 94 106 102 127 116 107 105 105 101 128 128 106 102 104 98 129 129 105 101 104 98 131 130 130 131 103 97 132 127 131 130 127 116 133 132 121 117 122 119 133 132 135 133 123 121 135 133 136 134 123 121 137 135 124 123 124 123 138 136 125 124 125 124 139 137 126 126 132 127 139 137 140 138 128 128 134 139 127 116 129 129 141 140 128 128 129 129 143 141 142 142 130 131 144 143 143 141 131 130 140 138 144 143 144 143 139 137 138 136 143 141 138 136 137 135 142 142 137 135 136 134 135 133 142 142 136 134 133 132 141 140 135 133 110 109 109 144 145 145 111 110 110 109 145 145 112 111 111 110 145 145 113 112 112 111 145 145 114 113 113 112 145 145 115 125 114 113 145 145 116 122 115 125 145 145 117 120 116 122 145 145 118 118 117 120 145 145 119 115 118 118 145 145 120 114 119 115 145 145 109 144 120 114 145 145 12 13 13 14 1 2 13 14 14 26 2 3 2 3 14 26 15 15 15 15 16 16 4 5 16 16 17 17 5 6 17 17 18 18 6 7 18 18 19 32 7 8 7 8 19 32 20 19 8 9 20 19 21 20 9 10 21 20 22 21 22 21 23 22 11 12 12 13 0 1 11 12 13 14 12 13 25 23 13 14 26 24 27 25 14 26 27 25 28 27 15 15 28 27 29 28 17 17 16 16 29 28 18 18 17 17 30 29 18 18 31 30 32 31 19 32 32 31 33 33 20 19 33 33 34 34 21 20 34 34 35 35 22 21 35 35 36 36 12 13 23 22 36 36 25 23 49 38 50 37 49 38 37 72 38 39 50 37 51 40 27 25 38 39 39 42 51 40 27 25 51 40 52 41 39 42 40 44 52 41 28 27 52 41 53 43 40 44 41 46 53 43 29 28 53 43 54 45 41 46 42 64 54 45 54 45 55 48 31 30 54 45 42 64 43 47 55 48 56 50 32 31 55 48 43 47 44 49 32 31 56 50 57 51 44 49 45 68 57 51 57 51 58 53 34 34 57 51 45 68 46 52 58 53 59 55 35 35 58 53 46 52 47 54 59 55 60 57 36 36 59 55 47 54 48 56 36 36 60 57 49 38 48 56 37 72 49 38 38 39 37 72 61 58 38 39 62 59 63 60 40 44 39 42 63 60 40 44 64 61 65 62 41 46 65 62 66 63 43 47 42 64 66 63 44 49 43 47 67 65 44 49 68 66 69 67 46 52 45 68 69 67 47 54 46 52 70 69 48 56 47 54 71 70 48 56 72 71 61 58 61 58 74 84 73 73 63 60 62 59 73 73 63 60 75 74 76 75 64 61 76 75 77 76 66 63 65 62 77 76 66 63 78 77 79 78 67 65 79 78 80 79 69 67 68 66 80 79 69 67 81 80 82 81 70 69 82 81 83 82 72 71 71 70 83 82 61 58 72 71 84 83 85 85 97 108 98 86 87 88 86 87 98 86 87 88 99 89 100 90 89 92 88 91 100 90 89 92 101 93 102 94 91 96 90 95 102 94 91 96 103 97 104 98 93 100 92 99 104 98 93 100 105 101 106 102 95 104 94 103 106 102 95 104 107 105 108 106 85 85 96 107 108 106 97 108 109 144 110 109 99 89 98 86 110 109 100 90 99 89 111 110 100 90 112 111 113 112 101 93 113 112 114 113 107 105 119 115 120 114 120 114 109 144 97 108 119 115 107 105 127 116 118 118 119 115 121 117 117 120 118 118 122 119 116 122 117 120 123 121 116 122 124 123 125 124 115 125 125 124 126 126 114 113 126 126 132 127 106 102 128 128 127 116 105 101 129 129 128 128 104 98 130 131 129 129 104 98 103 97 131 130 103 97 102 94 132 127 127 116 134 139 133 132 122 119 121 117 133 132 123 121 122 119 135 133 123 121 136 134 137 135 124 123 137 135 138 136 125 124 138 136 139 137 132 127 126 126 139 137 128 128 141 140 134 139 129 129 142 142 141 140 129 129 130 131 143 141 130 131 131 130 144 143 131 130 132 127 140 138 144 143 140 138 139 137 143 141 144 143 138 136 142 142 143 141 137 135 135 133 141 140 142 142 133 132 134 139 141 140</p>
        </triangles>
      </mesh>
    </geometry>
    <geometry id="Handle_Back_014-mesh" name="Handle_Back.014">
      <mesh>
        <source id="Handle_Back_014-mesh-positions">
          <float_array id="Handle_Back_014-mesh-positions-array" count="438">20.66056 -17.64832 1.017403 20.66072 -17.66067 1.0369 20.66085 -17.66162 1.059962 20.66091 -17.65091 1.080409 20.66089 -17.63142 1.092762 20.66079 -17.60836 1.093712 20.66064 -17.58791 1.083004 20.66048 -17.57555 1.063508 20.66035 -17.5746 1.040446 20.66029 -17.58531 1.019999 20.66031 -17.60481 1.007646 20.6604 -17.62787 1.006696 20.67736 -17.64715 1.0185 20.67752 -17.65905 1.037291 20.67765 -17.65997 1.059517 20.6777 -17.64965 1.079223 20.67769 -17.63086 1.091129 20.67759 -17.60863 1.092045 20.67745 -17.58893 1.081725 20.67729 -17.57702 1.062934 20.67716 -17.57611 1.040709 20.6771 -17.58643 1.021002 20.67712 -17.60522 1.009096 20.67722 -17.62744 1.008181 20.6606 -17.61811 1.050204 20.67739 -17.63259 1.034313 20.67746 -17.63854 1.043704 20.67753 -17.63899 1.054813 20.67756 -17.63384 1.064662 20.67755 -17.62445 1.070612 20.6775 -17.61334 1.07107 20.67743 -17.60349 1.065912 20.67735 -17.59754 1.056521 20.67729 -17.59708 1.045412 20.67726 -17.60224 1.035563 20.67727 -17.61163 1.029613 20.67732 -17.62274 1.029155 20.68928 -17.63253 1.034248 20.68935 -17.63848 1.04364 20.68942 -17.63894 1.054748 20.68945 -17.63378 1.064597 20.68944 -17.62439 1.070547 20.68939 -17.61328 1.071005 20.68932 -17.60344 1.065847 20.68924 -17.59749 1.056456 20.68918 -17.59703 1.045348 20.68915 -17.60219 1.035499 20.68916 -17.61158 1.029548 20.6892 -17.62269 1.029091 20.6784 -17.63258 1.034308 20.67848 -17.63853 1.043699 20.67854 -17.63899 1.054807 20.67857 -17.63383 1.064656 20.67856 -17.62444 1.070607 20.67851 -17.61333 1.071064 20.67844 -17.60348 1.065907 20.67836 -17.59753 1.056515 20.6783 -17.59708 1.045407 20.67827 -17.60223 1.035558 20.67828 -17.61163 1.029607 20.67832 -17.62273 1.02915 20.68928 -17.63029 1.036687 20.68935 -17.63532 1.044629 20.6894 -17.63571 1.054022 20.68942 -17.63134 1.062351 20.68942 -17.6234 1.067383 20.68937 -17.61401 1.06777 20.68931 -17.60568 1.063408 20.68925 -17.60065 1.055467 20.68919 -17.60026 1.046073 20.68917 -17.60462 1.037745 20.68918 -17.61257 1.032713 20.68922 -17.62196 1.032326 20.66739 -17.63665 1.044364 20.66732 -17.63126 1.035859 20.66744 -17.63706 1.054424 20.66747 -17.63239 1.063343 20.66746 -17.62389 1.068732 20.66742 -17.61383 1.069146 20.66735 -17.60491 1.064476 20.66728 -17.59952 1.055971 20.66723 -17.5991 1.045911 20.6672 -17.60378 1.036991 20.66721 -17.61228 1.031603 20.66725 -17.62234 1.031188 20.68209 -17.63018 1.036882 20.68215 -17.63515 1.044731 20.6822 -17.63553 1.054015 20.68223 -17.63122 1.062247 20.68222 -17.62337 1.06722 20.68218 -17.61409 1.067603 20.68212 -17.60586 1.063292 20.68206 -17.60088 1.055443 20.682 -17.6005 1.046159 20.68198 -17.60481 1.037927 20.68199 -17.61266 1.032953 20.68203 -17.62195 1.032571 20.71723 -17.63002 1.036691 20.7173 -17.63499 1.04454 20.71735 -17.63537 1.053824 20.71738 -17.63106 1.062056 20.71737 -17.62322 1.067029 20.71733 -17.61393 1.067412 20.71727 -17.6057 1.063101 20.7172 -17.60073 1.055252 20.71715 -17.60034 1.045968 20.71713 -17.60466 1.037736 20.71714 -17.6125 1.032762 20.71717 -17.62179 1.03238 20.73015 -17.62996 1.03662 20.73021 -17.63493 1.04447 20.73027 -17.63532 1.053754 20.73029 -17.63101 1.061986 20.73028 -17.62316 1.066959 20.73024 -17.61387 1.067342 20.73018 -17.60564 1.063031 20.73012 -17.60067 1.055182 20.73007 -17.60029 1.045897 20.73004 -17.6046 1.037666 20.73005 -17.61245 1.032692 20.73009 -17.62173 1.03231 20.72714 -17.49239 1.043588 20.72652 -17.49124 1.046699 20.72618 -17.49073 1.052021 20.72621 -17.49098 1.05813 20.72661 -17.49193 1.063388 20.72727 -17.49333 1.066387 20.71943 -17.49394 1.043708 20.71881 -17.49279 1.046819 20.71847 -17.49228 1.052142 20.7185 -17.49253 1.05825 20.7189 -17.49348 1.063508 20.71956 -17.49488 1.066507 20.6776 -17.48119 1.043819 20.67676 -17.48362 1.043723 20.67609 -17.48047 1.046917 20.67523 -17.48019 1.052232 20.67527 -17.48045 1.058341 20.67618 -17.48115 1.063607 20.67772 -17.48213 1.066618 20.67689 -17.48456 1.066522 20.67525 -17.4829 1.046821 20.6744 -17.48263 1.052137 20.67443 -17.48288 1.058246 20.67535 -17.48359 1.063511 20.73017 -17.6178 1.049826</float_array>
          <technique_common>
            <accessor source="#Handle_Back_014-mesh-positions-array" count="146" stride="3">
              <param name="X" type="float"/>
              <param name="Y" type="float"/>
              <param name="Z" type="float"/>
            </accessor>
          </technique_common>
        </source>
        <source id="Handle_Back_014-mesh-normals">
          <float_array id="Handle_Back_014-mesh-normals-array" count="438">-0.9999751 -0.004499554 0.005437135 -0.6177488 -0.5358995 -0.5754982 -0.6149296 -0.7538462 -0.231468 -0.6126623 -0.7705968 0.1755717 -0.6115348 -0.5815902 0.5364496 -0.6119025 -0.2375494 0.7544174 -0.6136633 0.1694072 0.77118 -0.6162734 0.5302499 0.5822734 -0.6191136 0.7483162 0.2381622 -0.6214411 0.7650402 -0.168892 -0.6225887 0.5760601 -0.5296585 -0.6221471 0.2320187 -0.7477301 -0.6204614 -0.1750119 -0.7644597 0.6876533 -0.4882605 -0.5373404 0.6903011 -0.6891964 -0.2202112 0.6933999 -0.5304812 0.4876335 0.6930883 -0.2133296 0.6885632 0.6914842 0.1618112 0.7040361 0.6890468 0.494406 0.5298842 0.6843094 0.7108526 -0.1625093 0.6832621 0.5366884 -0.4950944 0.6852251 -0.1556835 -0.7114979 0.7698581 -0.429141 -0.4723946 0.7717558 -0.605255 -0.1950889 0.7735288 -0.6191222 0.1354283 0.6923865 -0.7046878 0.1549711 0.7745859 -0.4652121 0.4284793 0.7744343 -0.1875203 0.6042248 0.7730576 0.1432034 0.6179602 0.7705325 0.4357941 0.4651487 0.7682526 0.6123801 0.1864907 0.6864636 0.6953586 0.212707 0.7669197 0.6253481 -0.1441315 0.7659755 0.4726797 -0.435724 0.7660887 0.1938772 -0.6127966 0.6836206 0.2194346 -0.6960685 0.7674427 -0.1360322 -0.6265197 0.002404808 -0.9543446 -0.2986982 -6.75759e-4 -0.6779131 -0.7351418 0.6552069 -0.7197329 -0.2295396 0.005221784 -0.9757458 0.2188448 0.006778717 -0.7352346 0.6777788 0.6576105 -0.7357048 0.1621328 0.006498634 -0.2990416 0.954218 0.6585336 -0.5540271 0.509301 0.004505336 0.2188553 0.9757469 0.6581271 -0.2228314 0.7191766 0.6540784 0.5157158 0.5533704 5.16371e-4 0.6775711 0.7354571 0.6511929 0.7256197 0.2223151 -0.003146946 0.9544087 0.2984867 -0.00528872 0.9756721 -0.2191714 0.6478841 0.5599898 -0.5163891 -0.006704509 0.7357369 -0.6772344 0.6482855 0.2288906 -0.7261784 -0.006479382 0.2983595 -0.9544316 0.6499856 -0.1629921 -0.7422617 -0.004284799 -0.2189181 -0.9757338 0.7521339 0.4502786 0.4811899 0.7498551 0.6329255 0.1926729 0.7477551 0.647176 -0.1484098 0.746922 0.488685 -0.450882 0.7474026 0.2004325 -0.6334164 0.7486491 -0.1409629 -0.6478071 0.6565532 0.1686023 0.7351948 0.75085 -0.4435249 -0.4893978 0.7534128 -0.6261001 -0.2009177 0.7552021 -0.6402928 0.1403392 0.6490728 0.7416943 -0.1690985 0.7562805 -0.4816856 0.4427401 0.7558335 -0.1934065 0.6255475 0.7544189 0.1474017 0.6396287 0.6525354 -0.5099521 -0.5604879 -0.06126159 0.9525591 0.2981243 -0.06414449 0.9737861 -0.2182343 -0.06556522 0.734141 -0.6758241 -0.06508827 0.2976446 -0.9524554 -0.06287938 -0.2187863 -0.9737448 -0.05952936 -0.676647 -0.7338972 -0.05589216 -0.9531004 -0.2974488 -0.05296635 -0.9743448 0.2187392 -0.0515666 -0.734605 0.6765326 -0.05202752 -0.2980754 0.9531235 -0.05423438 0.2182094 0.9743939 -0.05764091 0.6758984 0.7347373 -9.58215e-4 -0.6774564 -0.7355623 0.002713441 -0.9544492 -0.2983611 0.002676784 -0.9544584 -0.2983324 0.005584657 -0.975753 0.2188035 0.005570888 -0.9757332 0.2188922 0.00697869 -0.7355965 0.6773841 0.006996512 -0.7356327 0.6773445 0.00653398 -0.2983775 0.9544256 0.00654155 -0.2983845 0.9544234 -0.07227921 0.1008275 0.9922749 0.004321336 0.2188482 0.9757493 9.48586e-4 0.6773345 0.7356746 -0.7532212 0.436661 0.4919198 -0.7645799 0.6131194 0.1987516 -0.002677857 0.9544647 0.2983117 -0.005585253 0.9757233 -0.2189356 -0.7665324 0.6269889 -0.1389717 -0.7583661 0.4753607 -0.4459968 -0.006999135 0.7355177 -0.6774694 -0.006535112 0.2982602 -0.9544622 -0.08298599 0.1826275 -0.9796738 -0.004312455 -0.2188732 -0.9757439 -0.004332304 -0.2188557 -0.9757476 -9.44301e-4 -0.6773667 -0.7356449 0.6553061 -0.7196678 -0.2294606 0.6573066 -0.7359604 0.1622045 0.6584665 -0.554083 0.5093271 0.6581285 -0.2228768 0.7191612 0.7057031 -0.006692647 0.7084761 0.6499056 -0.1628061 -0.7423725 0.697456 0.05271464 -0.7146862 -0.451311 -0.2038808 -0.8687642 0.6932803 0.4298396 -0.5784466 0.9995656 0.01893389 -0.02258819 0.7386409 0.6702253 -0.07216453 0.9997216 0.02160966 -0.009475231 0.7464748 0.6654097 0.002318382 0.999773 0.0213074 -7.43902e-5 0.7463064 0.6641286 0.04427158 0.7381308 0.6637839 0.1206399 0.9997638 0.01745587 0.01294779 0.7034388 0.3887966 0.5949884 -0.4308562 -0.2068681 0.8783898 -0.7583121 -0.6487236 0.06419181 -0.7654663 -0.6434646 -0.003817379 -0.7569316 -0.6439616 -0.1112117 -0.7651007 -0.6425871 -0.04126501 -0.2422336 0.6627756 -0.7085559 -0.4812529 0.8382877 -0.2562603 -0.5098217 0.8592692 -0.04169327 -0.5090284 0.8526809 0.1175828 -0.4790241 0.8135292 0.3297063 -0.2435442 0.6062925 0.757031 -0.5672109 -0.5575985 0.6060988 -0.5655051 -0.504288 -0.6526083 -0.8677757 -0.4439752 -0.2232744 -0.8860489 -0.4618291 0.04038882 -0.8868294 -0.457067 -0.06799542 -0.864576 -0.4628811 0.1955753 0.6524643 -0.509869 -0.560646 0.9999753 0.004469931 -0.005438983</float_array>
          <technique_common>
            <accessor source="#Handle_Back_014-mesh-normals-array" count="146" stride="3">
              <param name="X" type="float"/>
              <param name="Y" type="float"/>
              <param name="Z" type="float"/>
            </accessor>
          </technique_common>
        </source>
        <vertices id="Handle_Back_014-mesh-vertices">
          <input semantic="POSITION" source="#Handle_Back_014-mesh-positions"/>
        </vertices>
        <triangles material="steel-material" count="264">
          <input semantic="VERTEX" source="#Handle_Back_014-mesh-vertices" offset="0"/>
          <input semantic="NORMAL" source="#Handle_Back_014-mesh-normals" offset="1"/>
          <p>24 0 0 1 1 2 24 0 1 2 2 3 24 0 2 3 3 4 24 0 3 4 4 5 24 0 4 5 5 6 24 0 5 6 6 7 24 0 6 7 7 8 24 0 7 8 8 9 24 0 8 9 9 10 24 0 9 10 10 11 24 0 10 11 11 12 11 12 0 1 24 0 12 13 1 2 0 1 13 14 2 3 1 2 2 3 15 15 3 4 15 15 4 5 3 4 16 16 5 6 4 5 17 17 6 7 5 6 18 18 7 8 6 7 7 8 20 19 8 9 8 9 21 20 9 10 21 20 10 11 9 10 10 11 23 21 11 12 12 13 11 12 23 21 13 14 25 22 26 23 13 14 27 24 14 25 14 25 28 26 15 15 15 15 29 27 16 16 17 17 29 27 30 28 18 18 30 28 31 29 18 18 32 30 19 31 19 31 33 32 20 19 20 19 34 33 21 20 21 20 35 34 22 35 22 35 36 36 23 21 12 13 36 36 25 22 25 22 50 37 26 23 49 38 38 39 50 37 50 37 27 24 26 23 38 39 51 40 50 37 27 24 52 41 28 26 39 42 52 41 51 40 28 26 53 43 29 27 40 44 53 43 52 41 29 27 54 45 30 28 41 46 54 45 53 43 54 45 31 29 30 28 54 45 43 47 55 48 55 48 32 30 31 29 55 48 44 49 56 50 32 30 57 51 33 32 44 49 57 51 56 50 57 51 34 33 33 32 57 51 46 52 58 53 58 53 35 34 34 33 58 53 47 54 59 55 59 55 36 36 35 34 59 55 48 56 60 57 36 36 49 38 25 22 48 56 49 38 60 57 38 39 61 58 62 59 38 39 63 60 39 42 40 44 63 60 64 61 40 44 65 62 41 46 41 46 66 63 42 64 43 47 66 63 67 65 44 49 67 65 68 66 44 49 69 67 45 68 46 52 69 67 70 69 47 54 70 69 71 70 48 56 71 70 72 71 48 56 61 58 37 72 61 58 73 73 62 59 63 60 73 73 75 74 63 60 76 75 64 61 64 61 77 76 65 62 66 63 77 76 78 77 66 63 79 78 67 65 67 65 80 79 68 66 69 67 80 79 81 80 69 67 82 81 70 69 70 69 83 82 71 70 72 71 83 82 84 83 61 58 84 83 74 84 85 85 98 86 86 87 87 88 98 86 99 89 87 88 100 90 88 91 89 92 100 90 101 93 89 92 102 94 90 95 91 96 102 94 103 97 91 96 104 98 92 99 93 100 104 98 105 101 93 100 106 102 94 103 95 104 106 102 107 105 95 104 108 106 96 107 85 85 108 106 97 108 97 108 110 109 98 86 99 89 110 109 111 110 100 90 111 110 112 111 100 90 113 112 101 93 101 93 114 113 102 94 107 105 120 114 108 106 120 114 97 108 108 106 119 115 127 116 121 117 118 118 121 117 122 119 117 120 122 119 123 121 116 122 123 121 124 123 116 122 125 124 115 125 115 125 126 126 114 113 114 113 132 127 102 94 106 102 127 116 107 105 105 101 128 128 106 102 104 98 129 129 105 101 104 98 131 130 130 131 103 97 132 127 131 130 127 116 133 132 121 117 122 119 133 132 135 133 123 121 135 133 136 134 123 121 137 135 124 123 124 123 138 136 125 124 125 124 139 137 126 126 132 127 139 137 140 138 128 128 134 139 127 116 129 129 141 140 128 128 129 129 143 141 142 142 130 131 144 143 143 141 131 130 140 138 144 143 144 143 139 137 138 136 143 141 138 136 137 135 142 142 137 135 136 134 135 133 142 142 136 134 133 132 141 140 135 133 110 109 109 144 145 145 111 110 110 109 145 145 112 111 111 110 145 145 113 112 112 111 145 145 114 113 113 112 145 145 115 125 114 113 145 145 116 122 115 125 145 145 117 120 116 122 145 145 118 118 117 120 145 145 119 115 118 118 145 145 120 114 119 115 145 145 109 144 120 114 145 145 12 13 13 14 1 2 13 14 14 25 2 3 2 3 14 25 15 15 15 15 16 16 4 5 16 16 17 17 5 6 17 17 18 18 6 7 18 18 19 31 7 8 7 8 19 31 20 19 8 9 20 19 21 20 21 20 22 35 10 11 10 11 22 35 23 21 12 13 0 1 11 12 13 14 12 13 25 22 13 14 26 23 27 24 14 25 27 24 28 26 15 15 28 26 29 27 17 17 16 16 29 27 18 18 17 17 30 28 18 18 31 29 32 30 19 31 32 30 33 32 20 19 33 32 34 33 21 20 34 33 35 34 22 35 35 34 36 36 12 13 23 21 36 36 25 22 49 38 50 37 49 38 37 72 38 39 50 37 51 40 27 24 38 39 39 42 51 40 27 24 51 40 52 41 39 42 40 44 52 41 28 26 52 41 53 43 40 44 41 46 53 43 29 27 53 43 54 45 41 46 42 64 54 45 54 45 55 48 31 29 54 45 42 64 43 47 55 48 56 50 32 30 55 48 43 47 44 49 32 30 56 50 57 51 44 49 45 68 57 51 57 51 58 53 34 33 57 51 45 68 46 52 58 53 59 55 35 34 58 53 46 52 47 54 59 55 60 57 36 36 59 55 47 54 48 56 36 36 60 57 49 38 48 56 37 72 49 38 38 39 37 72 61 58 38 39 62 59 63 60 40 44 39 42 63 60 40 44 64 61 65 62 41 46 65 62 66 63 43 47 42 64 66 63 44 49 43 47 67 65 44 49 68 66 69 67 46 52 45 68 69 67 47 54 46 52 70 69 48 56 47 54 71 70 48 56 72 71 61 58 61 58 74 84 73 73 63 60 62 59 73 73 63 60 75 74 76 75 64 61 76 75 77 76 66 63 65 62 77 76 66 63 78 77 79 78 67 65 79 78 80 79 69 67 68 66 80 79 69 67 81 80 82 81 70 69 82 81 83 82 72 71 71 70 83 82 61 58 72 71 84 83 85 85 97 108 98 86 87 88 86 87 98 86 87 88 99 89 100 90 89 92 88 91 100 90 89 92 101 93 102 94 91 96 90 95 102 94 91 96 103 97 104 98 93 100 92 99 104 98 93 100 105 101 106 102 95 104 94 103 106 102 95 104 107 105 108 106 85 85 96 107 108 106 97 108 109 144 110 109 99 89 98 86 110 109 100 90 99 89 111 110 100 90 112 111 113 112 101 93 113 112 114 113 107 105 119 115 120 114 120 114 109 144 97 108 119 115 107 105 127 116 118 118 119 115 121 117 117 120 118 118 122 119 116 122 117 120 123 121 116 122 124 123 125 124 115 125 125 124 126 126 114 113 126 126 132 127 106 102 128 128 127 116 105 101 129 129 128 128 104 98 130 131 129 129 104 98 103 97 131 130 103 97 102 94 132 127 127 116 134 139 133 132 122 119 121 117 133 132 123 121 122 119 135 133 123 121 136 134 137 135 124 123 137 135 138 136 125 124 138 136 139 137 132 127 126 126 139 137 128 128 141 140 134 139 129 129 142 142 141 140 129 129 130 131 143 141 130 131 131 130 144 143 131 130 132 127 140 138 144 143 140 138 139 137 143 141 144 143 138 136 142 142 143 141 137 135 135 133 141 140 142 142 133 132 134 139 141 140</p>
        </triangles>
      </mesh>
    </geometry>
    <geometry id="Door_014-mesh" name="Door.014">
      <mesh>
        <source id="Door_014-mesh-positions">
          <float_array id="Door_014-mesh-positions-array" count="24">20.66277 -17.69013 0.004219293 20.61377 -17.69013 0.004219293 20.61377 -17.03413 0.004219293 20.66277 -17.03413 0.004219293 20.66277 -17.69013 2.014219 20.61377 -17.69013 2.014219 20.61377 -17.03413 2.014219 20.66277 -17.03413 2.014219</float_array>
          <technique_common>
            <accessor source="#Door_014-mesh-positions-array" count="8" stride="3">
              <param name="X" type="float"/>
              <param name="Y" type="float"/>
              <param name="Z" type="float"/>
            </accessor>
          </technique_common>
        </source>
        <source id="Door_014-mesh-normals">
          <float_array id="Door_014-mesh-normals-array" count="36">0 -1 0 -1 0 0 0 1 0 1 0 0 0 0 -1 0 0 1 0 -1 0 -1 0 0 0 1 0 1 0 0 0 0 -1 0 0 1</float_array>
          <technique_common>
            <accessor source="#Door_014-mesh-normals-array" count="12" stride="3">
              <param name="X" type="float"/>
              <param name="Y" type="float"/>
              <param name="Z" type="float"/>
            </accessor>
          </technique_common>
        </source>
        <vertices id="Door_014-mesh-vertices">
          <input semantic="POSITION" source="#Door_014-mesh-positions"/>
        </vertices>
        <triangles material="fine_grained_wood-material" count="12">
          <input semantic="VERTEX" source="#Door_014-mesh-vertices" offset="0"/>
          <input semantic="NORMAL" source="#Door_014-mesh-normals" offset="1"/>
          <p>5 0 0 0 4 0 6 1 1 1 5 1 7 2 2 2 6 2 4 3 3 3 7 3 1 4 3 4 0 4 6 5 4 5 7 5 5 6 1 6 0 6 6 7 2 7 1 7 7 8 3 8 2 8 4 9 0 9 3 9 1 10 2 10 3 10 6 11 5 11 4 11</p>
        </triangles>
      </mesh>
    </geometry>
    <geometry id="DoorFrane_013-mesh" name="DoorFrane.013">
      <mesh>
        <source id="DoorFrane_013-mesh-positions">
          <float_array id="DoorFrane_013-mesh-positions-array" count="96">20.66759 -17.77213 2.19345e-4 20.55759 -17.77213 2.19345e-4 20.55759 -17.69213 2.19345e-4 20.66759 -17.77213 2.100219 20.55759 -17.77213 2.100219 20.55759 -16.95213 2.100219 20.66759 -16.95213 2.100219 20.66759 -17.03213 2.020219 20.55759 -17.69213 2.020219 20.66759 -17.03213 2.19345e-4 20.66759 -16.95213 2.19345e-4 20.55759 -16.95213 2.19345e-4 20.61259 -17.03213 2.020219 20.61259 -17.69213 2.020219 20.61259 -17.69213 2.19345e-4 20.61259 -17.67213 2.020219 20.61259 -17.67213 2.19345e-4 20.55759 -17.67213 2.020219 20.55759 -17.67213 2.19345e-4 20.61259 -17.03213 2.19345e-4 20.66759 -17.69213 2.020219 20.66759 -17.69213 2.19345e-4 20.55759 -17.03213 2.020219 20.55759 -17.03213 2.19345e-4 20.55759 -17.05213 2.19345e-4 20.61259 -17.05213 2.19345e-4 20.55759 -17.05213 2.020219 20.61259 -17.05213 2.000219 20.61259 -17.05213 2.020219 20.55759 -17.67213 2.000219 20.61259 -17.67213 2.000219 20.55759 -17.05213 2.000219</float_array>
          <technique_common>
            <accessor source="#DoorFrane_013-mesh-positions-array" count="32" stride="3">
              <param name="X" type="float"/>
              <param name="Y" type="float"/>
              <param name="Z" type="float"/>
            </accessor>
          </technique_common>
        </source>
        <source id="DoorFrane_013-mesh-normals">
          <float_array id="DoorFrane_013-mesh-normals-array" count="141">0 -1 0 0 -1 0 0 0 1 0 1 0 0 1 0 0 1 0 -1 0 0 0 0 -1 1 0 0 1 0 0 1 0 0 -1 0 0 0 0 -1 1 0 0 -1 0 0 0 0 -1 -1 0 0 1 0 0 0 -1 0 0 0 -1 -1 0 0 -1 0 0 1 0 0 0 0 1 0 -1 0 0 -1 0 0 0 1 0 1 0 0 1 0 0 1 0 -1 0 0 0 0 -1 1 0 0 1 0 0 1 0 0 -1 0 0 0 0 -1 1 0 0 -1 0 0 0 0 -1 -1 0 0 1 0 0 0 -1 0 0 0 -1 -1 0 0 -1 0 0 1 0 0</float_array>
          <technique_common>
            <accessor source="#DoorFrane_013-mesh-normals-array" count="47" stride="3">
              <param name="X" type="float"/>
              <param name="Y" type="float"/>
              <param name="Z" type="float"/>
            </accessor>
          </technique_common>
        </source>
        <vertices id="DoorFrane_013-mesh-vertices">
          <input semantic="POSITION" source="#DoorFrane_013-mesh-positions"/>
        </vertices>
        <triangles material="Plastic-material" count="47">
          <input semantic="VERTEX" source="#DoorFrane_013-mesh-vertices" offset="0"/>
          <input semantic="NORMAL" source="#DoorFrane_013-mesh-normals" offset="1"/>
          <p>4 0 0 0 3 0 12 1 9 1 7 1 3 2 5 2 4 2 11 3 6 3 10 3 20 4 14 4 13 4 15 5 18 5 17 5 11 6 22 6 5 6 13 7 7 7 20 7 20 8 0 8 21 8 10 9 7 9 9 9 14 10 15 10 13 10 8 11 1 11 4 11 31 12 30 12 29 12 6 13 20 13 7 13 4 14 22 14 8 14 2 15 16 15 14 15 18 16 8 16 17 16 25 17 12 17 28 17 26 18 25 18 28 18 24 19 19 19 25 19 23 20 26 20 22 20 17 21 31 21 29 21 30 22 28 22 15 22 8 23 22 23 26 23 4 24 1 24 0 24 12 25 19 25 9 25 3 26 6 26 5 26 11 27 5 27 6 27 20 28 21 28 14 28 15 29 16 29 18 29 11 30 23 30 22 30 13 31 12 31 7 31 20 32 3 32 0 32 10 33 6 33 7 33 14 34 16 34 15 34 8 35 2 35 1 35 31 36 27 36 30 36 6 37 3 37 20 37 4 38 5 38 22 38 2 39 18 39 16 39 18 40 2 40 8 40 25 41 19 41 12 41 26 42 24 42 25 42 24 43 23 43 19 43 23 44 24 44 26 44 17 45 26 45 31 45 30 46 27 46 28 46</p>
        </triangles>
      </mesh>
    </geometry>
    <geometry id="Handle_Front_010-mesh" name="Handle_Front.010">
      <mesh>
        <source id="Handle_Front_010-mesh-positions">
          <float_array id="Handle_Front_010-mesh-positions-array" count="438">13.23505 -4.965332 1.052816 13.2227 -4.965171 1.033319 13.22175 -4.965041 1.010258 13.23246 -4.964978 0.9898108 13.25195 -4.964998 0.9774572 13.27501 -4.965097 0.976507 13.29546 -4.965247 0.9872148 13.30781 -4.965409 1.006711 13.30876 -4.965538 1.029773 13.29806 -4.965601 1.05022 13.27856 -4.965581 1.062574 13.2555 -4.965483 1.063524 13.23622 -4.948523 1.051719 13.22431 -4.948368 1.032928 13.2234 -4.948243 1.010703 13.23372 -4.948182 0.9909965 13.25251 -4.948202 0.9790906 13.27474 -4.948297 0.9781748 13.29444 -4.948441 0.9884945 13.30635 -4.948597 1.007285 13.30726 -4.948722 1.029511 13.29694 -4.948783 1.049217 13.27815 -4.948763 1.061123 13.25593 -4.948668 1.062039 13.26525 -4.96529 1.020015 13.25078 -4.948501 1.035906 13.24483 -4.948423 1.026515 13.24437 -4.94836 1.015407 13.24953 -4.94833 1.005558 13.25892 -4.94834 0.9996072 13.27003 -4.948388 0.9991495 13.27988 -4.94846 1.004307 13.28583 -4.948537 1.013698 13.28629 -4.9486 1.024807 13.28113 -4.94863 1.034656 13.27174 -4.94862 1.040606 13.26063 -4.948573 1.041064 13.25083 -4.936612 1.035971 13.24488 -4.936534 1.02658 13.24443 -4.936472 1.015471 13.24958 -4.936441 1.005622 13.25898 -4.936451 0.9996718 13.27009 -4.936499 0.9992141 13.27993 -4.936571 1.004372 13.28588 -4.936649 1.013763 13.28634 -4.936711 1.024871 13.28118 -4.936742 1.03472 13.27179 -4.936732 1.040671 13.26068 -4.936684 1.041129 13.25079 -4.94749 1.035912 13.24484 -4.947412 1.02652 13.24438 -4.94735 1.015412 13.24954 -4.947319 1.005563 13.25893 -4.947329 0.9996127 13.27004 -4.947377 0.9991549 13.27989 -4.947449 1.004313 13.28584 -4.947527 1.013704 13.28629 -4.947589 1.024812 13.28113 -4.94762 1.034661 13.27174 -4.94761 1.040612 13.26063 -4.947563 1.041069 13.25308 -4.936609 1.033532 13.24805 -4.936543 1.02559 13.24766 -4.93649 1.016197 13.25202 -4.936465 1.007868 13.25997 -4.936473 1.002836 13.26936 -4.936513 1.002449 13.27769 -4.936574 1.006811 13.28272 -4.93664 1.014752 13.28311 -4.936693 1.024146 13.27874 -4.936718 1.032475 13.2708 -4.93671 1.037507 13.26141 -4.93667 1.037894 13.24672 -4.958501 1.025855 13.25211 -4.958572 1.03436 13.24631 -4.958445 1.015795 13.25098 -4.958417 1.006876 13.25948 -4.958426 1.001487 13.26954 -4.958469 1.001073 13.27846 -4.958534 1.005744 13.28385 -4.958605 1.014249 13.28426 -4.958662 1.024308 13.27959 -4.958689 1.033228 13.27109 -4.95868 1.038617 13.26103 -4.958637 1.039031 13.25319 -4.943801 1.033337 13.24822 -4.943736 1.025488 13.24784 -4.943684 1.016204 13.25215 -4.943658 1.007972 13.26 -4.943666 1.002999 13.26928 -4.943706 1.002616 13.27751 -4.943767 1.006927 13.28249 -4.943831 1.014776 13.28287 -4.943884 1.024061 13.27856 -4.943909 1.032292 13.27071 -4.943901 1.037266 13.26142 -4.943861 1.037648 13.25335 -4.908653 1.033529 13.24838 -4.908588 1.025679 13.24799 -4.908536 1.016395 13.2523 -4.908511 1.008163 13.26015 -4.908519 1.00319 13.26944 -4.908558 1.002807 13.27767 -4.908619 1.007118 13.28264 -4.908684 1.014967 13.28303 -4.908736 1.024252 13.27871 -4.908761 1.032483 13.27087 -4.908753 1.037457 13.26158 -4.908713 1.037839 13.25341 -4.895739 1.033599 13.24843 -4.895674 1.02575 13.24805 -4.895622 1.016465 13.25236 -4.895596 1.008234 13.26021 -4.895605 1.00326 13.2695 -4.895644 1.002878 13.27773 -4.895705 1.007189 13.2827 -4.89577 1.015038 13.28308 -4.895822 1.024322 13.27877 -4.895847 1.032554 13.27092 -4.895839 1.037527 13.26164 -4.8958 1.03791 13.39098 -4.898748 1.026631 13.39212 -4.899369 1.023521 13.39264 -4.899708 1.018198 13.39239 -4.899674 1.012089 13.39144 -4.899276 1.006831 13.39004 -4.89862 1.003833 13.38943 -4.90646 1.026511 13.39058 -4.907082 1.023401 13.39109 -4.90742 1.018078 13.39084 -4.907386 1.011969 13.38989 -4.906988 1.006711 13.38849 -4.906332 1.003712 13.40218 -4.948291 1.0264 13.39975 -4.949125 1.026496 13.4029 -4.949803 1.023302 13.40317 -4.950655 1.017987 13.40292 -4.950621 1.011878 13.40222 -4.949709 1.006613 13.40124 -4.948163 1.003602 13.39881 -4.948997 1.003697 13.40047 -4.950636 1.023398 13.40074 -4.951489 1.018082 13.40049 -4.951455 1.011974 13.39978 -4.950542 1.006708 13.26557 -4.895722 1.020394</float_array>
          <technique_common>
            <accessor source="#Handle_Front_010-mesh-positions-array" count="146" stride="3">
              <param name="X" type="float"/>
              <param name="Y" type="float"/>
              <param name="Z" type="float"/>
            </accessor>
          </technique_common>
        </source>
        <source id="Handle_Front_010-mesh-normals">
          <float_array id="Handle_Front_010-mesh-normals-array" count="438">-0.004494428 -0.9999752 -0.005439877 -0.5358188 -0.6178293 0.5754868 -0.7538645 -0.6149181 0.2314392 -0.7706162 -0.6126409 -0.1755614 -0.5816329 -0.6115487 -0.5363875 -0.2375426 -0.6119074 -0.7544156 0.1694373 -0.6136695 -0.7711685 0.5302778 -0.6163262 -0.5821921 0.7482936 -0.619148 -0.2381436 0.7650498 -0.621445 0.1688344 0.5760797 -0.622543 0.5296909 0.2319771 -0.6221862 0.7477105 -0.1749992 -0.6204681 0.7644572 -0.6891952 0.6903144 0.2201727 -0.7046643 0.6924085 -0.1549801 -0.5304667 0.6934313 -0.4876046 -0.2132965 0.6930847 -0.6885769 0.1618506 0.691487 -0.7040243 0.4944631 0.6890329 -0.5298491 0.7108593 0.6843112 0.1624723 0.219497 0.683623 0.6960465 -0.1556552 0.6852062 0.7115222 -0.4882991 0.6876261 0.5373402 -0.4287834 0.7694383 0.4734021 -0.6052157 0.771956 0.1944174 -0.6184229 0.7741006 -0.1353568 -0.4656887 0.7747536 -0.4276576 -0.186837 0.7744064 -0.6044723 0.1431158 0.7731218 -0.6179002 0.4356438 0.7707056 -0.4650025 0.6954021 0.6864331 -0.2126629 0.6119531 0.76869 -0.1860888 0.6264668 0.7660653 0.143817 0.4724149 0.7657629 0.4363843 0.5366746 0.6832745 0.4950922 0.1937777 0.7659578 0.6129918 -0.1360232 0.7674422 0.6265222 -0.9544575 0.002768576 0.298334 -0.5099931 0.6524482 0.5605519 -0.67746 -0.001296043 0.7355586 -0.7359556 0.6573228 -0.1621611 -0.9757279 0.006112158 -0.2189012 -0.554044 0.6584598 -0.5093781 -0.7356437 0.007119417 -0.6773314 -0.2984923 0.006596565 -0.9543893 0.218805 0.004640698 -0.9757575 -0.2229411 0.6581339 -0.7191364 0.6774958 8.39326e-4 -0.7355262 0.1686753 0.6565301 -0.7351986 0.7256622 0.6511221 -0.2223833 0.9544336 -0.002299904 -0.2984146 0.9757587 -0.00656104 0.218751 0.7354847 -0.006915509 0.6775061 0.559877 0.6479266 0.516458 0.2288563 0.6482445 0.7262257 0.2982363 -0.006697416 0.9544686 -0.1627606 0.6499496 0.742344 -0.2189028 -0.004312634 0.9757372 -0.719751 0.6552143 0.2294621 0.4501459 0.752282 -0.4810827 0.6328853 0.7498773 -0.1927181 0.6469781 0.7479307 0.1483883 0.488599 0.7469955 0.4508534 0.2001603 0.7473367 0.6335801 -0.1409729 0.7486832 0.6477655 -0.4434278 0.7510447 0.4891869 0.5158667 0.6538704 -0.5534755 -0.6261432 0.7533894 0.2008711 -0.6401818 0.7553119 -0.1402544 0.7417172 0.6490117 0.1692316 -0.4818066 0.7562826 -0.4426051 -0.1934107 0.7559391 -0.6254188 0.1477133 0.7544482 -0.6395222 0.952551 -0.06121295 -0.2981605 0.9738072 -0.06414586 0.2181397 0.7340646 -0.06550335 0.6759131 0.2975472 -0.06506907 0.9524872 -0.2187597 -0.06287962 0.9737507 -0.6764987 -0.0595467 0.7340326 -0.9530669 -0.05591666 0.2975516 -0.9743378 -0.05290353 -0.2187854 -0.7346048 -0.0515325 -0.6765356 -0.2980844 -0.05203342 -0.9531202 0.2182375 -0.05423963 -0.9743873 0.6759859 -0.05761301 -0.734659 -0.9544447 0.00263369 0.2983766 -0.677399 -9.38775e-4 0.7356153 -0.9544434 0.002696573 0.2983801 -0.9757422 0.005603492 -0.2188514 -0.9757504 0.005537331 -0.2188162 -0.7355698 0.006983757 -0.6774129 -0.7355847 0.006990373 -0.6773967 -0.2983308 0.006533503 -0.9544403 -0.2983251 0.006508111 -0.9544422 0.2188417 0.004318714 -0.9757509 0.1008546 -0.07227307 -0.9922726 0.4367231 -0.7532508 -0.4918192 0.6774002 9.56428e-4 -0.7356141 0.9544581 -0.002671182 -0.2983331 0.6131159 -0.7645918 -0.1987171 0.6270359 -0.7664725 0.1390896 0.9757425 -0.005573511 0.2188509 0.7356111 -0.007007718 0.6773679 0.4753296 -0.7584145 0.4459475 0.1826272 -0.08297753 0.9796745 0.2983364 -0.006564617 0.9544382 -0.2188721 -0.00432229 0.975744 -0.2188442 -0.004319667 0.9757503 -0.5099443 0.6525036 0.5605318 -0.7197124 0.6552506 0.2294795 -0.7358107 0.6574897 -0.162142 -0.5539779 0.6585522 -0.5093305 -0.2229586 0.6581569 -0.7191099 -0.006658554 0.7057597 -0.70842 0.0527268 0.6974721 0.7146697 -0.1627349 0.6499293 0.7423673 -0.2039193 -0.4512526 0.8687855 0.429987 0.6932753 0.578343 0.0189327 0.9995688 0.02244967 0.6702414 0.7386765 0.07164907 0.02167159 0.9997206 0.009440839 0.665439 0.7464477 -0.002646207 0.664125 0.746303 -0.04438304 0.02128845 0.9997735 -4.48973e-5 0.6639275 0.7381047 -0.1200076 0.01748681 0.9997655 -0.01277905 0.3891134 0.7037383 -0.5944268 -0.2068256 -0.4309501 -0.8783537 -0.648753 -0.7583041 -0.06399029 -0.6434533 -0.765475 0.003975093 -0.6439794 -0.7568911 0.1113849 -0.6425696 -0.7651189 0.04120272 0.6624351 -0.2421681 0.7088966 0.8378913 -0.4816682 0.2567762 0.8592247 -0.5099071 0.04156392 0.852586 -0.5091603 -0.117699 0.8133847 -0.4791147 -0.3299309 0.6063857 -0.2433608 -0.7570152 -0.557114 -0.5668828 -0.6068509 -0.5042574 -0.5656456 0.6525102 -0.4444689 -0.8675763 0.223067 -0.4619492 -0.8859966 -0.04015994 -0.4572482 -0.8867584 0.06770211 -0.4629775 -0.86449 -0.1957263 0.004494845 0.9999751 0.005450844 -0.6774075 -9.66104e-4 0.7356074</float_array>
          <technique_common>
            <accessor source="#Handle_Front_010-mesh-normals-array" count="146" stride="3">
              <param name="X" type="float"/>
              <param name="Y" type="float"/>
              <param name="Z" type="float"/>
            </accessor>
          </technique_common>
        </source>
        <vertices id="Handle_Front_010-mesh-vertices">
          <input semantic="POSITION" source="#Handle_Front_010-mesh-positions"/>
        </vertices>
        <triangles material="steel-material" count="264">
          <input semantic="VERTEX" source="#Handle_Front_010-mesh-vertices" offset="0"/>
          <input semantic="NORMAL" source="#Handle_Front_010-mesh-normals" offset="1"/>
          <p>24 0 0 1 1 2 24 0 1 2 2 3 24 0 2 3 3 4 24 0 3 4 4 5 24 0 4 5 5 6 24 0 5 6 6 7 24 0 6 7 7 8 24 0 7 8 8 9 24 0 8 9 9 10 24 0 9 10 10 11 24 0 10 11 11 12 11 12 0 1 24 0 0 1 13 13 1 2 1 2 14 14 2 3 14 14 3 4 2 3 15 15 4 5 3 4 16 16 5 6 4 5 17 17 6 7 5 6 18 18 7 8 6 7 7 8 20 19 8 9 20 19 9 10 8 9 9 10 22 20 10 11 10 11 23 21 11 12 0 1 23 21 12 22 13 13 25 23 26 24 13 13 27 25 14 14 15 15 27 25 28 26 16 16 28 26 29 27 17 17 29 27 30 28 18 18 30 28 31 29 19 30 31 29 32 31 20 19 32 31 33 32 20 19 34 33 21 34 22 20 34 33 35 35 22 20 36 36 23 21 23 21 25 23 12 22 25 23 50 37 26 24 37 38 50 37 49 39 50 37 27 25 26 24 50 37 39 40 51 41 51 41 28 26 27 25 51 41 40 42 52 43 28 26 53 44 29 27 40 42 53 44 52 43 29 27 54 45 30 28 41 46 54 45 53 44 30 28 55 47 31 29 42 48 55 47 54 45 55 47 32 31 31 29 55 47 44 49 56 50 32 31 57 51 33 32 44 49 57 51 56 50 33 32 58 52 34 33 57 51 46 53 58 52 58 52 35 35 34 33 58 52 47 54 59 55 59 55 36 36 35 35 59 55 48 56 60 57 60 57 25 23 36 36 60 57 37 38 49 39 38 58 61 59 62 60 39 40 62 60 63 61 40 42 63 61 64 62 40 42 65 63 41 46 41 46 66 64 42 48 42 48 67 65 43 66 44 49 67 65 68 67 44 49 69 68 45 69 46 53 69 68 70 70 46 53 71 71 47 54 47 54 72 72 48 56 48 56 61 59 37 38 61 59 73 73 62 60 62 60 75 74 63 61 64 62 75 74 76 75 64 62 77 76 65 63 65 63 78 77 66 64 66 64 79 78 67 65 68 67 79 78 80 79 69 68 80 79 81 80 70 70 81 80 82 81 71 71 82 81 83 82 72 72 83 82 84 83 61 59 84 83 74 84 86 85 97 86 98 87 86 85 99 88 87 89 87 89 100 90 88 91 89 92 100 90 101 93 90 94 101 93 102 95 90 94 103 96 91 97 92 98 103 96 104 99 92 98 105 100 93 101 94 102 105 100 106 103 94 102 107 104 95 105 96 106 107 104 108 107 97 86 96 106 108 107 98 87 109 108 110 109 99 88 110 109 111 110 99 88 112 111 100 90 100 90 113 112 101 93 101 93 114 113 102 95 108 107 119 114 120 115 108 107 109 108 97 86 119 114 127 116 121 117 118 118 121 117 122 119 117 120 122 119 123 121 117 120 124 122 116 123 116 123 125 124 115 125 115 125 126 126 114 113 114 113 132 127 102 95 106 103 127 116 107 104 105 100 128 128 106 103 104 99 129 129 105 100 104 99 131 130 130 131 103 96 132 127 131 130 127 116 133 132 121 117 122 119 133 132 135 133 123 121 135 133 136 134 123 121 137 135 124 122 124 122 138 136 125 124 125 124 139 137 126 126 132 127 139 137 140 138 128 128 134 139 127 116 129 129 141 140 128 128 129 129 143 141 142 142 130 131 144 143 143 141 131 130 140 138 144 143 144 143 139 137 138 136 143 141 138 136 137 135 142 142 137 135 136 134 135 133 142 142 136 134 133 132 141 140 135 133 110 109 109 108 145 144 111 110 110 109 145 144 112 111 111 110 145 144 113 112 112 111 145 144 114 113 113 112 145 144 115 125 114 113 145 144 116 123 115 125 145 144 117 120 116 123 145 144 118 118 117 120 145 144 119 114 118 118 145 144 120 115 119 114 145 144 109 108 120 115 145 144 0 1 12 22 13 13 1 2 13 13 14 14 14 14 15 15 3 4 15 15 16 16 4 5 16 16 17 17 5 6 17 17 18 18 6 7 18 18 19 30 7 8 7 8 19 30 20 19 20 19 21 34 9 10 9 10 21 34 22 20 10 11 22 20 23 21 0 1 11 12 23 21 13 13 12 22 25 23 13 13 26 24 27 25 15 15 14 14 27 25 16 16 15 15 28 26 17 17 16 16 29 27 18 18 17 17 30 28 19 30 18 18 31 29 20 19 19 30 32 31 20 19 33 32 34 33 22 20 21 34 34 33 22 20 35 35 36 36 23 21 36 36 25 23 25 23 49 39 50 37 37 38 38 58 50 37 50 37 51 41 27 25 50 37 38 58 39 40 51 41 52 43 28 26 51 41 39 40 40 42 28 26 52 43 53 44 40 42 41 46 53 44 29 27 53 44 54 45 41 46 42 48 54 45 30 28 54 45 55 47 42 48 43 66 55 47 55 47 56 50 32 31 55 47 43 66 44 49 32 31 56 50 57 51 44 49 45 69 57 51 33 32 57 51 58 52 57 51 45 69 46 53 58 52 59 55 35 35 58 52 46 53 47 54 59 55 60 57 36 36 59 55 47 54 48 56 60 57 49 39 25 23 60 57 48 56 37 38 38 58 37 38 61 59 39 40 38 58 62 60 40 42 39 40 63 61 40 42 64 62 65 63 41 46 65 63 66 64 42 48 66 64 67 65 44 49 43 66 67 65 44 49 68 67 69 68 46 53 45 69 69 68 46 53 70 70 71 71 47 54 71 71 72 72 48 56 72 72 61 59 61 59 74 84 73 73 62 60 73 73 75 74 64 62 63 61 75 74 64 62 76 75 77 76 65 63 77 76 78 77 66 64 78 77 79 78 68 67 67 65 79 78 69 68 68 67 80 79 70 70 69 68 81 80 71 71 70 70 82 81 72 72 71 71 83 82 61 59 72 72 84 83 86 85 85 145 97 86 86 85 98 87 99 88 87 89 99 88 100 90 89 92 88 91 100 90 90 94 89 92 101 93 90 94 102 95 103 96 92 98 91 97 103 96 92 98 104 99 105 100 94 102 93 101 105 100 94 102 106 103 107 104 96 106 95 105 107 104 97 86 85 145 96 106 98 87 97 86 109 108 99 88 98 87 110 109 99 88 111 110 112 111 100 90 112 111 113 112 101 93 113 112 114 113 108 107 107 104 119 114 108 107 120 115 109 108 119 114 107 104 127 116 118 118 119 114 121 117 117 120 118 118 122 119 117 120 123 121 124 122 116 123 124 122 125 124 115 125 125 124 126 126 114 113 126 126 132 127 106 103 128 128 127 116 105 100 129 129 128 128 104 99 130 131 129 129 104 99 103 96 131 130 103 96 102 95 132 127 127 116 134 139 133 132 122 119 121 117 133 132 123 121 122 119 135 133 123 121 136 134 137 135 124 122 137 135 138 136 125 124 138 136 139 137 132 127 126 126 139 137 128 128 141 140 134 139 129 129 142 142 141 140 129 129 130 131 143 141 130 131 131 130 144 143 131 130 132 127 140 138 144 143 140 138 139 137 143 141 144 143 138 136 142 142 143 141 137 135 135 133 141 140 142 142 133 132 134 139 141 140</p>
        </triangles>
      </mesh>
    </geometry>
    <geometry id="Handle_Back_010-mesh" name="Handle_Back.010">
      <mesh>
        <source id="Handle_Back_010-mesh-positions">
          <float_array id="Handle_Back_010-mesh-positions-array" count="438">13.23505 -5.039893 0.9871842 13.2227 -5.040055 1.006681 13.22175 -5.040184 1.029742 13.23246 -5.040247 1.050189 13.25195 -5.040227 1.062543 13.27501 -5.040129 1.063493 13.29546 -5.039978 1.052785 13.30781 -5.039817 1.033288 13.30876 -5.039687 1.010227 13.29806 -5.039624 0.9897801 13.27856 -5.039645 0.9774264 13.2555 -5.039743 0.9764763 13.23622 -5.056702 0.9882811 13.22431 -5.056858 1.007071 13.2234 -5.056982 1.029297 13.23372 -5.057044 1.049003 13.25251 -5.057024 1.060909 13.27474 -5.056929 1.061825 13.29444 -5.056784 1.051505 13.30635 -5.056628 1.032715 13.30726 -5.056503 1.010489 13.29694 -5.056443 0.9907831 13.27815 -5.056462 0.9788771 13.25593 -5.056557 0.9779612 13.26525 -5.039936 1.019985 13.25078 -5.056725 1.004094 13.24483 -5.056803 1.013485 13.24437 -5.056865 1.024593 13.24953 -5.056896 1.034442 13.25892 -5.056886 1.040393 13.27003 -5.056838 1.04085 13.27988 -5.056766 1.035693 13.28583 -5.056688 1.026301 13.28629 -5.056626 1.015193 13.28113 -5.056595 1.005344 13.27174 -5.056605 0.9993936 13.26063 -5.056653 0.9989359 13.25083 -5.068614 1.004029 13.24488 -5.068691 1.01342 13.24443 -5.068754 1.024529 13.24958 -5.068784 1.034378 13.25898 -5.068774 1.040328 13.27009 -5.068727 1.040786 13.27993 -5.068655 1.035628 13.28588 -5.068577 1.026237 13.28634 -5.068514 1.015128 13.28118 -5.068484 1.00528 13.27179 -5.068494 0.999329 13.26068 -5.068542 0.9988712 13.25079 -5.057735 1.004088 13.24484 -5.057813 1.013479 13.24438 -5.057876 1.024588 13.24954 -5.057906 1.034437 13.25893 -5.057896 1.040387 13.27004 -5.057849 1.040845 13.27989 -5.057776 1.035687 13.28584 -5.057699 1.026296 13.28629 -5.057636 1.015188 13.28113 -5.057606 1.005339 13.27174 -5.057616 0.9993881 13.26063 -5.057663 0.9989305 13.25308 -5.068617 1.006468 13.24805 -5.068683 1.01441 13.24766 -5.068736 1.023803 13.25202 -5.068761 1.032132 13.25997 -5.068753 1.037164 13.26936 -5.068713 1.037551 13.27769 -5.068652 1.033189 13.28272 -5.068586 1.025248 13.28311 -5.068533 1.015854 13.27874 -5.068507 1.007525 13.2708 -5.068515 1.002493 13.26141 -5.068556 1.002106 13.24672 -5.046724 1.014145 13.25211 -5.046654 1.00564 13.24631 -5.046781 1.024204 13.25098 -5.046809 1.033124 13.25948 -5.0468 1.038513 13.26954 -5.046757 1.038927 13.27846 -5.046691 1.034256 13.28385 -5.046621 1.025751 13.28426 -5.046564 1.015691 13.27959 -5.046536 1.006772 13.27109 -5.046545 1.001383 13.26103 -5.046588 1.000969 13.25319 -5.061425 1.006663 13.24822 -5.06149 1.014512 13.24784 -5.061542 1.023796 13.25215 -5.061567 1.032028 13.26 -5.061559 1.037001 13.26928 -5.06152 1.037384 13.27751 -5.061459 1.033073 13.28249 -5.061394 1.025224 13.28287 -5.061342 1.015939 13.27856 -5.061316 1.007708 13.27071 -5.061325 1.002734 13.26142 -5.061364 1.002352 13.25335 -5.096572 1.006471 13.24838 -5.096638 1.014321 13.24799 -5.09669 1.023605 13.2523 -5.096715 1.031836 13.26015 -5.096707 1.03681 13.26944 -5.096667 1.037193 13.27767 -5.096607 1.032882 13.28264 -5.096542 1.025032 13.28303 -5.096489 1.015748 13.27871 -5.096464 1.007516 13.27087 -5.096472 1.002543 13.26158 -5.096512 1.002161 13.25341 -5.109487 1.006401 13.24843 -5.109551 1.01425 13.24805 -5.109604 1.023535 13.25236 -5.109629 1.031766 13.26021 -5.109621 1.03674 13.2695 -5.109581 1.037122 13.27773 -5.109521 1.032811 13.2827 -5.109456 1.024962 13.28308 -5.109404 1.015678 13.27877 -5.109378 1.007446 13.27092 -5.109386 1.002473 13.26164 -5.109426 1.00209 13.39098 -5.106478 1.013369 13.39212 -5.105856 1.016479 13.39264 -5.105517 1.021802 13.39239 -5.105552 1.027911 13.39144 -5.10595 1.033169 13.39004 -5.106606 1.036167 13.38943 -5.098766 1.013489 13.39058 -5.098144 1.016599 13.39109 -5.097805 1.021922 13.39084 -5.09784 1.028031 13.38989 -5.098238 1.033289 13.38849 -5.098894 1.036288 13.40218 -5.056934 1.0136 13.39975 -5.0561 1.013504 13.4029 -5.055423 1.016698 13.40317 -5.05457 1.022013 13.40292 -5.054605 1.028122 13.40222 -5.055517 1.033387 13.40124 -5.057062 1.036398 13.39881 -5.056229 1.036303 13.40047 -5.054589 1.016602 13.40074 -5.053736 1.021917 13.40049 -5.053771 1.028026 13.39978 -5.054683 1.033292 13.26557 -5.109504 1.019606</float_array>
          <technique_common>
            <accessor source="#Handle_Back_010-mesh-positions-array" count="146" stride="3">
              <param name="X" type="float"/>
              <param name="Y" type="float"/>
              <param name="Z" type="float"/>
            </accessor>
          </technique_common>
        </source>
        <source id="Handle_Back_010-mesh-normals">
          <float_array id="Handle_Back_010-mesh-normals-array" count="438">-0.004494309 0.9999752 0.005437016 -0.5358156 0.617829 -0.5754902 -0.7538692 0.6149129 -0.2314373 -0.7706118 0.6126429 0.1755738 -0.5816287 0.6115389 0.5364031 -0.2375457 0.6119264 0.7543992 0.1694442 0.613667 0.7711691 0.5302717 0.6163225 0.5822016 0.7482958 0.6191487 0.2381352 0.7650481 0.621446 -0.1688385 0.5760769 0.6225462 -0.5296901 0.2319795 0.6221931 -0.747704 -0.1749866 0.6204591 -0.7644674 -0.6891994 -0.6903138 -0.2201619 -0.7046638 -0.6924073 0.1549881 -0.5304736 -0.6934219 0.4876105 -0.2133138 -0.6930688 0.6885876 0.1618529 -0.691479 0.7040315 0.4944608 -0.6890485 0.5298309 0.7108591 -0.6843115 -0.162472 0.2194919 -0.6836165 -0.6960545 -0.1556533 -0.6852063 -0.7115226 -0.4883051 -0.6876223 -0.5373395 -0.4286821 -0.7694339 -0.4735011 -0.6051649 -0.7719779 -0.1944883 -0.6184568 -0.7740852 0.1352903 -0.4655756 -0.7747717 0.4277478 -0.1866321 -0.77445 0.6044797 0.1430255 -0.7731114 0.6179342 0.4355429 -0.7707412 0.4650383 0.6120369 -0.7686638 0.1859215 0.6954119 -0.6864284 0.2126463 0.6264027 -0.7660863 -0.1439843 0.4728552 -0.7655863 -0.4362177 0.5366697 -0.6832829 -0.495086 0.1938956 -0.766117 -0.6127554 -0.1361013 -0.7674663 -0.626476 -0.9544345 -0.002712965 -0.2984083 -0.5100096 -0.6524652 -0.5605171 -0.6773874 0.001295745 -0.7356254 -0.719776 -0.6551889 -0.2294563 -0.9757417 -0.006122648 0.2188396 -0.5540417 -0.658439 0.5094074 -0.7355661 -0.007118523 0.6774157 -0.2983612 -0.006682097 0.9544296 0.2187424 -0.004642903 0.9757717 -0.2229548 -0.6581189 0.7191458 0.677421 -8.45377e-4 0.7355951 0.1686411 -0.6564148 0.7353094 0.7256148 -0.6511632 0.222418 0.9544786 0.002187132 0.2982716 0.9757278 0.006525874 -0.2188901 0.7417336 -0.6489977 -0.1692136 0.7356694 0.007228255 -0.6773023 0.5598811 -0.6479473 -0.5164277 0.2288464 -0.6482391 -0.7262337 0.2983657 0.006437361 -0.9544301 -0.1627339 -0.6499164 -0.7423788 -0.218957 0.004316926 -0.9757251 0.4501518 -0.7522745 0.4810887 0.6328907 -0.7498818 0.1926827 0.6469792 -0.747922 -0.1484272 -0.7359012 -0.6573901 0.1621349 0.4886034 -0.7470141 -0.4508178 0.2001318 -0.7473016 -0.6336305 -0.1410055 -0.748815 -0.6476061 -0.4433751 -0.7509808 -0.4893329 0.5159144 -0.653916 0.5533772 -0.6261532 -0.7533966 -0.2008124 -0.640169 -0.7553147 0.1402978 -0.4817873 -0.7562494 0.4426828 -0.1934044 -0.7559326 0.6254283 0.1477311 -0.7544852 0.6394746 0.9525517 0.06121325 0.2981581 0.9738067 0.06414628 -0.2181415 0.734075 0.06550478 -0.6759018 0.2975645 0.06506884 -0.9524817 -0.2187682 0.06288206 -0.9737486 -0.6765048 0.05949276 -0.7340313 -0.9530742 0.05585014 -0.2975405 -0.9743372 0.05292856 0.2187824 -0.7346163 0.05156338 0.6765207 -0.2981005 0.05203574 0.9531151 0.2182366 0.05424171 0.9743873 0.6759786 0.05761289 0.7346658 -0.9544472 -0.002633094 -0.2983683 -0.6773986 9.38815e-4 -0.7356157 -0.9544449 -0.002696633 -0.2983751 -0.9757421 -0.005603551 0.2188516 -0.9757529 -0.00553739 0.2188051 -0.7355787 -0.006980717 0.6774033 -0.7356076 -0.006990671 0.6773719 -0.2983435 -0.006533861 0.9544363 -0.2983335 -0.006500124 0.9544396 0.2188256 -0.004320025 0.9757544 0.1008592 0.07227569 0.992272 0.4367282 0.7532514 0.4918137 0.6773827 -9.44574e-4 0.7356303 0.9544577 0.002682328 0.2983345 0.6131132 0.764585 0.1987515 0.6270364 0.7664695 -0.1391041 0.9757405 0.005573511 -0.2188596 0.7356022 0.007007598 -0.6773777 0.4753625 0.7584497 -0.4458526 0.1826364 0.08297997 -0.9796726 0.2983235 0.006564319 -0.9544423 -0.2188844 0.00432229 -0.9757413 -0.2188401 0.004319667 -0.9757512 -0.5099544 -0.6524876 -0.5605412 -0.7197135 -0.6552508 -0.2294754 -0.7358183 -0.657491 0.162102 -0.5540128 -0.6585504 0.509295 -0.2229838 -0.6581261 0.7191302 -0.006663501 -0.705743 0.7084367 0.05272346 -0.6974703 -0.7146716 -0.1627683 -0.649926 -0.7423629 -0.2039036 0.4512146 -0.8688089 0.4300969 -0.6933851 -0.5781296 0.01893311 -0.9995654 -0.02260124 0.6702497 -0.7386796 -0.07154005 0.02167057 -0.9997208 -0.009419202 0.6654423 -0.746445 0.002560257 0.6641213 -0.7463123 0.04428267 0.02127945 -0.9997736 2.46759e-5 0.6639397 -0.7381079 0.1199206 0.01747906 -0.9997646 0.01285564 0.3891455 -0.7037705 0.5943676 -0.2068096 0.4309089 0.8783778 -0.648758 0.7583042 0.06393665 -0.6434491 0.7654788 -0.003950178 -0.6439912 0.7568939 -0.1112973 -0.6425732 0.765118 -0.04115927 0.6623695 0.242125 -0.7089726 0.8379005 0.481698 -0.2566899 0.8592272 0.5098982 -0.0416243 0.8526225 0.5090993 0.1176989 0.813359 0.4791379 0.3299607 0.6063644 0.2433873 0.7570238 -0.5571475 0.5670099 0.6067013 -0.5042514 0.5654967 -0.6526439 -0.4444893 0.8675779 -0.2230201 -0.4619126 0.8860175 0.04012358 -0.4572585 0.8867499 -0.0677452 -0.4630492 0.8644873 0.1955695 0.004490673 -0.9999752 -0.005454778 -0.6774299 9.66913e-4 -0.7355867</float_array>
          <technique_common>
            <accessor source="#Handle_Back_010-mesh-normals-array" count="146" stride="3">
              <param name="X" type="float"/>
              <param name="Y" type="float"/>
              <param name="Z" type="float"/>
            </accessor>
          </technique_common>
        </source>
        <vertices id="Handle_Back_010-mesh-vertices">
          <input semantic="POSITION" source="#Handle_Back_010-mesh-positions"/>
        </vertices>
        <triangles material="steel-material" count="264">
          <input semantic="VERTEX" source="#Handle_Back_010-mesh-vertices" offset="0"/>
          <input semantic="NORMAL" source="#Handle_Back_010-mesh-normals" offset="1"/>
          <p>24 0 0 1 1 2 24 0 1 2 2 3 24 0 2 3 3 4 24 0 3 4 4 5 24 0 4 5 5 6 24 0 5 6 6 7 24 0 6 7 7 8 24 0 7 8 8 9 24 0 8 9 9 10 24 0 9 10 10 11 24 0 10 11 11 12 11 12 0 1 24 0 0 1 13 13 1 2 1 2 14 14 2 3 14 14 3 4 2 3 15 15 4 5 3 4 16 16 5 6 4 5 17 17 6 7 5 6 18 18 7 8 6 7 7 8 20 19 8 9 20 19 9 10 8 9 9 10 22 20 10 11 10 11 23 21 11 12 0 1 23 21 12 22 13 13 25 23 26 24 13 13 27 25 14 14 15 15 27 25 28 26 15 15 29 27 16 16 17 17 29 27 30 28 18 18 30 28 31 29 18 18 32 30 19 31 20 19 32 30 33 32 20 19 34 33 21 34 21 34 35 35 22 20 22 20 36 36 23 21 23 21 25 23 12 22 25 23 50 37 26 24 37 38 50 37 49 39 50 37 27 25 26 24 38 40 51 41 50 37 51 41 28 26 27 25 51 41 40 42 52 43 28 26 53 44 29 27 40 42 53 44 52 43 29 27 54 45 30 28 41 46 54 45 53 44 30 28 55 47 31 29 42 48 55 47 54 45 55 47 32 30 31 29 55 47 44 49 56 50 32 30 57 51 33 32 56 50 45 52 57 51 33 32 58 53 34 33 57 51 46 54 58 53 58 53 35 35 34 33 58 53 47 55 59 56 59 56 36 36 35 35 59 56 48 57 60 58 60 58 25 23 36 36 60 58 37 38 49 39 38 40 61 59 62 60 38 40 63 61 39 62 40 42 63 61 64 63 40 42 65 64 41 46 41 46 66 65 42 48 42 48 67 66 43 67 44 49 67 66 68 68 44 49 69 69 45 52 45 52 70 70 46 54 46 54 71 71 47 55 47 55 72 72 48 57 48 57 61 59 37 38 61 59 73 73 62 60 62 60 75 74 63 61 64 63 75 74 76 75 64 63 77 76 65 64 65 64 78 77 66 65 66 65 79 78 67 66 67 66 80 79 68 68 69 69 80 79 81 80 70 70 81 80 82 81 71 71 82 81 83 82 72 72 83 82 84 83 61 59 84 83 74 84 86 85 97 86 98 87 86 85 99 88 87 89 87 89 100 90 88 91 89 92 100 90 101 93 90 94 101 93 102 95 90 94 103 96 91 97 92 98 103 96 104 99 92 98 105 100 93 101 94 102 105 100 106 103 94 102 107 104 95 105 96 106 107 104 108 107 97 86 96 106 108 107 98 87 109 108 110 109 99 88 110 109 111 110 99 88 112 111 100 90 100 90 113 112 101 93 101 93 114 113 102 95 108 107 119 114 120 115 108 107 109 108 97 86 119 114 127 116 121 117 118 118 121 117 122 119 117 120 122 119 123 121 117 120 124 122 116 123 116 123 125 124 115 125 115 125 126 126 114 113 114 113 132 127 102 95 106 103 127 116 107 104 105 100 128 128 106 103 104 99 129 129 105 100 104 99 131 130 130 131 103 96 132 127 131 130 127 116 133 132 121 117 122 119 133 132 135 133 123 121 135 133 136 134 123 121 137 135 124 122 124 122 138 136 125 124 125 124 139 137 126 126 132 127 139 137 140 138 128 128 134 139 127 116 129 129 141 140 128 128 129 129 143 141 142 142 130 131 144 143 143 141 131 130 140 138 144 143 144 143 139 137 138 136 143 141 138 136 137 135 142 142 137 135 136 134 135 133 142 142 136 134 133 132 141 140 135 133 110 109 109 108 145 144 111 110 110 109 145 144 112 111 111 110 145 144 113 112 112 111 145 144 114 113 113 112 145 144 115 125 114 113 145 144 116 123 115 125 145 144 117 120 116 123 145 144 118 118 117 120 145 144 119 114 118 118 145 144 120 115 119 114 145 144 109 108 120 115 145 144 0 1 12 22 13 13 1 2 13 13 14 14 14 14 15 15 3 4 15 15 16 16 4 5 16 16 17 17 5 6 17 17 18 18 6 7 18 18 19 31 7 8 7 8 19 31 20 19 20 19 21 34 9 10 9 10 21 34 22 20 10 11 22 20 23 21 0 1 11 12 23 21 13 13 12 22 25 23 13 13 26 24 27 25 15 15 14 14 27 25 15 15 28 26 29 27 17 17 16 16 29 27 18 18 17 17 30 28 18 18 31 29 32 30 20 19 19 31 32 30 20 19 33 32 34 33 21 34 34 33 35 35 22 20 35 35 36 36 23 21 36 36 25 23 25 23 49 39 50 37 37 38 38 40 50 37 50 37 51 41 27 25 38 40 39 62 51 41 51 41 52 43 28 26 51 41 39 62 40 42 28 26 52 43 53 44 40 42 41 46 53 44 29 27 53 44 54 45 41 46 42 48 54 45 30 28 54 45 55 47 42 48 43 67 55 47 55 47 56 50 32 30 55 47 43 67 44 49 32 30 56 50 57 51 56 50 44 49 45 52 33 32 57 51 58 53 57 51 45 52 46 54 58 53 59 56 35 35 58 53 46 54 47 55 59 56 60 58 36 36 59 56 47 55 48 57 60 58 49 39 25 23 60 58 48 57 37 38 38 40 37 38 61 59 38 40 62 60 63 61 40 42 39 62 63 61 40 42 64 63 65 64 41 46 65 64 66 65 42 48 66 65 67 66 44 49 43 67 67 66 44 49 68 68 69 69 45 52 69 69 70 70 46 54 70 70 71 71 47 55 71 71 72 72 48 57 72 72 61 59 61 59 74 84 73 73 62 60 73 73 75 74 64 63 63 61 75 74 64 63 76 75 77 76 65 64 77 76 78 77 66 65 78 77 79 78 67 66 79 78 80 79 69 69 68 68 80 79 70 70 69 69 81 80 71 71 70 70 82 81 72 72 71 71 83 82 61 59 72 72 84 83 86 85 85 145 97 86 86 85 98 87 99 88 87 89 99 88 100 90 89 92 88 91 100 90 90 94 89 92 101 93 90 94 102 95 103 96 92 98 91 97 103 96 92 98 104 99 105 100 94 102 93 101 105 100 94 102 106 103 107 104 96 106 95 105 107 104 97 86 85 145 96 106 98 87 97 86 109 108 99 88 98 87 110 109 99 88 111 110 112 111 100 90 112 111 113 112 101 93 113 112 114 113 108 107 107 104 119 114 108 107 120 115 109 108 119 114 107 104 127 116 118 118 119 114 121 117 117 120 118 118 122 119 117 120 123 121 124 122 116 123 124 122 125 124 115 125 125 124 126 126 114 113 126 126 132 127 106 103 128 128 127 116 105 100 129 129 128 128 104 99 130 131 129 129 104 99 103 96 131 130 103 96 102 95 132 127 127 116 134 139 133 132 122 119 121 117 133 132 123 121 122 119 135 133 123 121 136 134 137 135 124 122 137 135 138 136 125 124 138 136 139 137 132 127 126 126 139 137 128 128 141 140 134 139 129 129 142 142 141 140 129 129 130 131 143 141 130 131 131 130 144 143 131 130 132 127 140 138 144 143 140 138 139 137 143 141 144 143 138 136 142 142 143 141 137 135 135 133 141 140 142 142 133 132 134 139 141 140</p>
        </triangles>
      </mesh>
    </geometry>
    <geometry id="Door_010-mesh" name="Door.010">
      <mesh>
        <source id="Door_010-mesh-positions">
          <float_array id="Door_010-mesh-positions-array" count="24">13.19324 -5.042113 0.003999948 13.19324 -4.963113 0.003999948 13.96924 -4.963113 0.003999948 13.96924 -5.042113 0.003999948 13.19324 -5.042113 1.984 13.19324 -4.963113 1.984 13.96924 -4.963113 1.984 13.96924 -5.042113 1.984</float_array>
          <technique_common>
            <accessor source="#Door_010-mesh-positions-array" count="8" stride="3">
              <param name="X" type="float"/>
              <param name="Y" type="float"/>
              <param name="Z" type="float"/>
            </accessor>
          </technique_common>
        </source>
        <source id="Door_010-mesh-normals">
          <float_array id="Door_010-mesh-normals-array" count="36">-1 0 0 0 1 0 1 0 0 0 -1 0 0 0 -1 0 0 1 -1 0 0 0 1 0 1 0 0 0 -1 0 0 0 -1 0 0 1</float_array>
          <technique_common>
            <accessor source="#Door_010-mesh-normals-array" count="12" stride="3">
              <param name="X" type="float"/>
              <param name="Y" type="float"/>
              <param name="Z" type="float"/>
            </accessor>
          </technique_common>
        </source>
        <vertices id="Door_010-mesh-vertices">
          <input semantic="POSITION" source="#Door_010-mesh-positions"/>
        </vertices>
        <triangles material="fine_grained_wood-material" count="12">
          <input semantic="VERTEX" source="#Door_010-mesh-vertices" offset="0"/>
          <input semantic="NORMAL" source="#Door_010-mesh-normals" offset="1"/>
          <p>5 0 0 0 4 0 6 1 1 1 5 1 7 2 2 2 6 2 4 3 3 3 7 3 1 4 3 4 0 4 6 5 4 5 7 5 5 6 1 6 0 6 6 7 2 7 1 7 7 8 3 8 2 8 4 9 0 9 3 9 1 10 2 10 3 10 6 11 5 11 4 11</p>
        </triangles>
      </mesh>
    </geometry>
    <geometry id="DoorFrane_009-mesh" name="DoorFrane.009">
      <mesh>
        <source id="DoorFrane_009-mesh-positions">
          <float_array id="DoorFrane_009-mesh-positions-array" count="96">13.14124 -5.04743 0 13.14124 -4.877429 0 13.19124 -4.877429 0 13.14124 -5.04743 2.04 13.14124 -4.877429 2.04 14.02124 -4.877429 2.04 14.02124 -5.04743 2.04 13.97124 -5.04743 1.99 13.19124 -4.877429 1.99 13.97124 -5.04743 0 14.02124 -5.04743 0 14.02124 -4.877429 0 13.97124 -4.96243 1.99 13.19124 -4.96243 1.99 13.19124 -4.96243 0 13.21124 -4.96243 1.99 13.21124 -4.96243 0 13.21124 -4.877429 1.99 13.21124 -4.877429 0 13.97124 -4.96243 0 13.19124 -5.04743 1.99 13.19124 -5.04743 0 13.97124 -4.877429 1.99 13.97124 -4.877429 0 13.95124 -4.877429 0 13.95124 -4.96243 0 13.95124 -4.877429 1.99 13.95124 -4.96243 1.97 13.95124 -4.96243 1.99 13.21124 -4.877429 1.97 13.21124 -4.96243 1.97 13.95124 -4.877429 1.97</float_array>
          <technique_common>
            <accessor source="#DoorFrane_009-mesh-positions-array" count="32" stride="3">
              <param name="X" type="float"/>
              <param name="Y" type="float"/>
              <param name="Z" type="float"/>
            </accessor>
          </technique_common>
        </source>
        <source id="DoorFrane_009-mesh-normals">
          <float_array id="DoorFrane_009-mesh-normals-array" count="141">-1 0 0 -1 0 0 0 0 1 1 0 0 1 0 0 1 0 0 0 1 0 0 0 -1 0 -1 0 0 -1 0 0 -1 0 0 1 0 0 0 -1 0 -1 0 0 1 0 0 0 -1 0 1 0 0 -1 0 -1 0 0 0 0 -1 0 1 0 0 1 0 0 -1 0 0 0 1 -1 0 0 -1 0 0 0 0 1 1 0 0 1 0 0 1 0 0 0 1 0 0 0 -1 0 -1 0 0 -1 0 0 -1 0 0 1 0 0 0 -1 0 -1 0 0 1 0 0 0 -1 0 1 0 0 -1 0 -1 0 0 0 0 -1 0 1 0 0 1 0 0 -1 0</float_array>
          <technique_common>
            <accessor source="#DoorFrane_009-mesh-normals-array" count="47" stride="3">
              <param name="X" type="float"/>
              <param name="Y" type="float"/>
              <param name="Z" type="float"/>
            </accessor>
          </technique_common>
        </source>
        <vertices id="DoorFrane_009-mesh-vertices">
          <input semantic="POSITION" source="#DoorFrane_009-mesh-positions"/>
        </vertices>
        <triangles material="Plastic-material" count="47">
          <input semantic="VERTEX" source="#DoorFrane_009-mesh-vertices" offset="0"/>
          <input semantic="NORMAL" source="#DoorFrane_009-mesh-normals" offset="1"/>
          <p>4 0 0 0 3 0 12 1 9 1 7 1 3 2 5 2 4 2 11 3 6 3 10 3 20 4 14 4 13 4 15 5 18 5 17 5 11 6 22 6 5 6 13 7 7 7 20 7 20 8 0 8 21 8 10 9 7 9 9 9 14 10 15 10 13 10 8 11 1 11 4 11 31 12 30 12 29 12 6 13 20 13 7 13 4 14 22 14 8 14 2 15 16 15 14 15 18 16 8 16 17 16 25 17 12 17 28 17 26 18 25 18 28 18 24 19 19 19 25 19 23 20 26 20 22 20 17 21 31 21 29 21 30 22 28 22 15 22 8 23 22 23 26 23 4 24 1 24 0 24 12 25 19 25 9 25 3 26 6 26 5 26 11 27 5 27 6 27 20 28 21 28 14 28 15 29 16 29 18 29 11 30 23 30 22 30 13 31 12 31 7 31 20 32 3 32 0 32 10 33 6 33 7 33 14 34 16 34 15 34 8 35 2 35 1 35 31 36 27 36 30 36 6 37 3 37 20 37 4 38 5 38 22 38 2 39 18 39 16 39 18 40 2 40 8 40 25 41 19 41 12 41 26 42 24 42 25 42 24 43 23 43 19 43 23 44 24 44 26 44 17 45 26 45 31 45 30 46 27 46 28 46</p>
        </triangles>
      </mesh>
    </geometry>
    <geometry id="Handle_Front_009-mesh" name="Handle_Front.009">
      <mesh>
        <source id="Handle_Front_009-mesh-positions">
          <float_array id="Handle_Front_009-mesh-positions-array" count="438">16.34242 -4.907624 0.9871842 16.35477 -4.907462 1.006681 16.35572 -4.907332 1.029742 16.34501 -4.907269 1.050189 16.32551 -4.907289 1.062543 16.30245 -4.907388 1.063493 16.28201 -4.907538 1.052785 16.26965 -4.9077 1.033288 16.2687 -4.90783 1.010227 16.27941 -4.907893 0.9897801 16.29891 -4.907872 0.9774264 16.32197 -4.907774 0.9764763 16.34125 -4.890815 0.9882811 16.35315 -4.890659 1.007071 16.35407 -4.890534 1.029297 16.34375 -4.890473 1.049003 16.32496 -4.890493 1.060909 16.30273 -4.890588 1.061825 16.28302 -4.890733 1.051505 16.27112 -4.890889 1.032715 16.2702 -4.891014 1.010489 16.28052 -4.891074 0.9907831 16.29932 -4.891055 0.9788771 16.32154 -4.89096 0.9779612 16.31221 -4.907581 1.019985 16.32669 -4.890792 1.004094 16.33263 -4.890714 1.013485 16.33309 -4.890652 1.024593 16.32793 -4.890621 1.034442 16.31854 -4.890631 1.040393 16.30743 -4.890679 1.04085 16.29759 -4.890751 1.035693 16.29164 -4.890829 1.026301 16.29118 -4.890891 1.015193 16.29634 -4.890922 1.005344 16.30573 -4.890912 0.9993936 16.31684 -4.890864 0.9989359 16.32663 -4.878903 1.004029 16.33258 -4.878826 1.01342 16.33304 -4.878763 1.024529 16.32788 -4.878733 1.034378 16.31849 -4.878743 1.040328 16.30738 -4.87879 1.040786 16.29753 -4.878862 1.035628 16.29158 -4.87894 1.026237 16.29113 -4.879003 1.015128 16.29628 -4.879033 1.00528 16.30567 -4.879023 0.999329 16.31678 -4.878975 0.9988712 16.32668 -4.889781 1.004088 16.33263 -4.889704 1.013479 16.33309 -4.889641 1.024588 16.32793 -4.889611 1.034437 16.31854 -4.889621 1.040387 16.30743 -4.889668 1.040845 16.29758 -4.88974 1.035687 16.29163 -4.889818 1.026296 16.29117 -4.889881 1.015188 16.29633 -4.889911 1.005339 16.30572 -4.889901 0.9993881 16.31683 -4.889854 0.9989305 16.32439 -4.8789 1.006468 16.32942 -4.878834 1.01441 16.3298 -4.878781 1.023803 16.32544 -4.878756 1.032132 16.3175 -4.878764 1.037164 16.30811 -4.878804 1.037551 16.29978 -4.878865 1.033189 16.29475 -4.878931 1.025248 16.29436 -4.878984 1.015854 16.29872 -4.87901 1.007525 16.30666 -4.879002 1.002493 16.31606 -4.878961 1.002106 16.33075 -4.900793 1.014145 16.32536 -4.900863 1.00564 16.33116 -4.900736 1.024204 16.32649 -4.900708 1.033124 16.31798 -4.900717 1.038513 16.30792 -4.90076 1.038927 16.299 -4.900825 1.034256 16.29362 -4.900896 1.025751 16.2932 -4.900953 1.015691 16.29787 -4.90098 1.006772 16.30638 -4.900971 1.001383 16.31644 -4.900928 1.000969 16.32427 -4.886092 1.006662 16.32925 -4.886027 1.014512 16.32963 -4.885975 1.023796 16.32532 -4.88595 1.032028 16.31747 -4.885958 1.037001 16.30819 -4.885997 1.037384 16.29995 -4.886058 1.033073 16.29498 -4.886123 1.025224 16.2946 -4.886175 1.015939 16.29891 -4.8862 1.007708 16.30676 -4.886192 1.002734 16.31604 -4.886153 1.002352 16.32412 -4.850944 1.006471 16.32909 -4.850879 1.01432 16.32947 -4.850827 1.023605 16.32516 -4.850802 1.031836 16.31731 -4.85081 1.03681 16.30803 -4.85085 1.037193 16.2998 -4.85091 1.032882 16.29482 -4.850975 1.025032 16.29444 -4.851027 1.015748 16.29875 -4.851053 1.007516 16.3066 -4.851045 1.002543 16.31589 -4.851005 1.002161 16.32406 -4.83803 1.006401 16.32903 -4.837965 1.01425 16.32942 -4.837913 1.023535 16.3251 -4.837888 1.031766 16.31725 -4.837896 1.03674 16.30797 -4.837935 1.037122 16.29974 -4.837996 1.032811 16.29476 -4.838061 1.024962 16.29438 -4.838113 1.015678 16.29869 -4.838139 1.007446 16.30654 -4.83813 1.002473 16.31583 -4.838091 1.00209 16.18649 -4.841039 1.013369 16.18534 -4.84166 1.016479 16.18482 -4.842 1.021802 16.18508 -4.841965 1.027911 16.18603 -4.841567 1.033169 16.18743 -4.840911 1.036167 16.18804 -4.848751 1.013489 16.18689 -4.849373 1.016599 16.18637 -4.849711 1.021922 16.18663 -4.849677 1.028031 16.18758 -4.849279 1.033289 16.18898 -4.848623 1.036288 16.17528 -4.890583 1.0136 16.17772 -4.891417 1.013504 16.17456 -4.892094 1.016698 16.17429 -4.892947 1.022013 16.17454 -4.892912 1.028122 16.17525 -4.892 1.033387 16.17622 -4.890455 1.036398 16.17866 -4.891288 1.036303 16.177 -4.892928 1.016602 16.17673 -4.893781 1.021918 16.17698 -4.893746 1.028026 16.17769 -4.892834 1.033292 16.3119 -4.838013 1.019606</float_array>
          <technique_common>
            <accessor source="#Handle_Front_009-mesh-positions-array" count="146" stride="3">
              <param name="X" type="float"/>
              <param name="Y" type="float"/>
              <param name="Z" type="float"/>
            </accessor>
          </technique_common>
        </source>
        <source id="Handle_Front_009-mesh-normals">
          <float_array id="Handle_Front_009-mesh-normals-array" count="438">0.004494428 -0.9999752 0.005439937 0.5358655 -0.6177739 -0.5755029 0.7538135 -0.6149944 -0.2314026 0.7706009 -0.6126642 0.1755472 0.581633 -0.6115532 0.5363822 0.2375328 -0.6119185 0.7544097 -0.169442 -0.6136486 0.7711842 -0.5302663 -0.6163262 0.5822026 -0.7482677 -0.6191796 0.238143 -0.7650872 -0.6213924 -0.1688587 -0.5760644 -0.6225388 -0.5297126 -0.2319919 -0.6221731 -0.7477169 0.1750049 -0.6204617 -0.7644612 0.6892255 0.6902848 -0.2201708 0.7046967 0.6923757 0.1549797 0.2133204 0.6930863 0.6885679 -0.1618246 0.6914966 0.7040208 -0.4944623 0.6890281 0.5298562 -0.695455 0.6863684 0.2126992 -0.7108498 0.6843248 -0.1624571 -0.5366556 0.6832836 -0.4951003 -0.2194986 0.6836172 -0.6960517 0.1556642 0.6851958 -0.7115304 0.4882388 0.6877079 -0.5372903 0.4283515 0.7699718 -0.4729254 0.606314 0.7710062 -0.1947638 0.6191958 0.7734848 0.1353433 0.4656805 0.7745298 0.4280717 0.5304758 0.6934309 0.4875953 0.1868961 0.7742356 0.6046727 -0.1431084 0.7731412 0.6178776 -0.435247 0.7710186 0.4648553 -0.6130949 0.7676991 0.1864205 -0.6253226 0.7670186 -0.1437156 -0.4726397 0.7656631 -0.4363161 -0.1936929 0.7660877 -0.6128562 0.1361055 0.7674571 -0.6264862 0.9544779 0.00123471 -0.2982793 0.5100231 0.6524775 -0.5604906 0.6773549 -3.5387e-4 -0.7356564 0.7358867 0.6574071 0.1621317 0.9757729 0.005203783 0.2187243 0.7355641 0.006811857 0.677421 0.29849 0.006299674 0.954392 0.5540508 0.6585029 0.509315 -0.2188313 0.004606425 0.9757518 0.2229328 0.6581125 0.7191584 -0.5158171 0.653909 0.5534761 -0.6774774 0.001487791 0.7355421 -0.7256046 0.6511834 0.222392 -0.9544476 -0.004226207 0.2983488 -0.9757262 -0.005000352 -0.2189372 -0.7417519 0.6489627 -0.1692678 -0.5599732 0.6478322 -0.5164722 -0.7355183 -0.007286787 -0.6774657 -0.2288387 0.6481966 -0.726274 -0.2982165 -0.006432175 -0.9544766 0.162771 0.6498925 -0.7423917 0.2189819 -0.004334032 -0.9757193 0.7196559 0.6553196 -0.2294593 -0.4501604 0.752234 0.4811443 -0.6329181 0.7498789 0.192604 -0.6469458 0.7479571 -0.1483962 -0.488589 0.74695 -0.4509395 -0.2001955 0.7474017 -0.6334924 0.1409633 0.7487181 -0.6477273 -0.1686866 0.6564921 0.7352299 0.4434141 0.7510236 -0.4892318 0.626098 0.7534258 -0.2008753 0.6401414 0.7553551 0.1402063 0.4817675 0.7562739 0.4426624 0.1934124 0.75595 0.6254049 -0.1477479 0.7544735 0.6394845 -0.6759714 -0.05770063 0.7346655 -0.9525542 -0.0612877 0.2981349 -0.9738098 -0.06411099 -0.2181384 -0.7340651 -0.06553834 -0.6759092 -0.297564 -0.06505119 -0.9524831 0.2187106 -0.06289452 -0.9737607 0.6764972 -0.05949908 -0.7340378 0.9530849 -0.05582582 -0.2975108 0.974329 -0.05303615 0.2187926 0.7345902 -0.05167692 0.6765403 0.2980805 -0.05207055 0.9531195 -0.2182 -0.05423337 0.974396 0.9544482 0.002633452 -0.298365 0.6774013 -0.001009106 -0.7356131 0.9544512 0.002757668 -0.2983544 0.9757443 0.005598723 0.2188422 0.9757415 0.005537807 0.218856 0.7356126 0.006946027 0.6773669 0.7356063 0.007014274 0.6773731 0.2983331 0.006551444 0.9544394 0.2983567 0.006531536 0.9544321 -0.2188452 0.004324078 0.9757501 -0.1008387 -0.07226806 0.9922747 -0.4367287 -0.7532617 0.4917977 -0.6774214 9.6824e-4 0.7355945 -0.954443 -0.002649605 0.2983815 -0.6131576 -0.7645445 0.1987704 -0.627005 -0.7665028 -0.1390621 -0.9757448 -0.005573511 -0.2188403 -0.7355688 -0.006964743 -0.6774142 -0.4753615 -0.7584238 -0.4458978 -0.182645 -0.0829733 -0.9796716 -0.298366 -0.006515204 -0.9544293 0.2188202 -0.004329264 -0.9757556 0.2188953 -0.004323959 -0.9757388 0.6773559 -9.68178e-4 -0.7356549 0.5099983 0.6524368 -0.5605604 0.7197724 0.6551848 -0.229479 0.7359382 0.6573514 0.1621242 0.5540438 0.6584516 0.5093889 0.222907 0.6581766 0.7191078 0.006666243 0.7057691 0.7084106 -0.05272394 0.6974556 -0.7146859 0.1627321 0.64995 -0.7423498 0.2038839 -0.4513249 -0.8687561 -0.4299273 0.6933098 -0.578346 -0.01893395 0.9995647 -0.02262532 -0.6702599 0.7386556 -0.07169038 -0.02167129 0.9997209 -0.009421229 -0.6654484 0.7464392 0.002639293 -0.02129006 0.9997733 -8.83098e-6 -0.6641203 0.7463133 0.04427927 -0.6639763 0.7380478 0.1200876 -0.01748675 0.999766 0.01274329 -0.3890495 0.7037427 0.5944634 0.2068212 -0.4308946 0.878382 0.6487674 -0.7582782 0.06414926 0.6434583 -0.7654711 -0.003943502 0.6439136 -0.7569581 -0.1113101 0.642567 -0.7651169 -0.04127699 -0.6623983 -0.2422283 -0.7089104 -0.8378955 -0.481692 -0.2567178 -0.8592289 -0.5098994 -0.04157412 -0.8526076 -0.5091452 0.1176085 -0.8133924 -0.4791794 0.3298185 -0.6062259 -0.2434107 0.7571271 0.5572783 -0.5668285 0.6067507 0.5043912 -0.5656368 -0.6524144 0.4444925 -0.8675791 -0.2230093 0.4619184 -0.8860121 0.04017692 0.4572164 -0.8867737 -0.06771779 0.4629223 -0.8645349 0.1956589 -0.004494547 0.9999752 -0.005442738</float_array>
          <technique_common>
            <accessor source="#Handle_Front_009-mesh-normals-array" count="146" stride="3">
              <param name="X" type="float"/>
              <param name="Y" type="float"/>
              <param name="Z" type="float"/>
            </accessor>
          </technique_common>
        </source>
        <vertices id="Handle_Front_009-mesh-vertices">
          <input semantic="POSITION" source="#Handle_Front_009-mesh-positions"/>
        </vertices>
        <triangles material="steel-material" count="264">
          <input semantic="VERTEX" source="#Handle_Front_009-mesh-vertices" offset="0"/>
          <input semantic="NORMAL" source="#Handle_Front_009-mesh-normals" offset="1"/>
          <p>24 0 0 1 1 2 24 0 1 2 2 3 24 0 2 3 3 4 24 0 3 4 4 5 24 0 4 5 5 6 24 0 5 6 6 7 24 0 6 7 7 8 24 0 7 8 8 9 24 0 8 9 9 10 24 0 9 10 10 11 24 0 10 11 11 12 11 12 0 1 24 0 0 1 13 13 1 2 1 2 14 14 2 3 14 14 3 4 2 3 3 4 16 15 4 5 4 5 17 16 5 6 5 6 18 17 6 7 6 7 19 18 7 8 7 8 20 19 8 9 8 9 21 20 9 10 9 10 22 21 10 11 10 11 23 22 11 12 12 23 11 12 23 22 13 13 25 24 26 25 13 13 27 26 14 14 14 14 28 27 15 28 16 15 28 27 29 29 17 16 29 29 30 30 18 17 30 30 31 31 18 17 32 32 19 18 19 18 33 33 20 19 20 19 34 34 21 20 21 20 35 35 22 21 22 21 36 36 23 22 12 23 36 36 25 24 25 24 50 37 26 25 37 38 50 37 49 39 50 37 27 26 26 25 50 37 39 40 51 41 27 26 52 42 28 27 39 40 52 42 51 41 28 27 53 43 29 29 40 44 53 43 52 42 29 29 54 45 30 30 41 46 54 45 53 43 54 45 31 31 30 30 54 45 43 47 55 48 55 48 32 32 31 31 55 48 44 49 56 50 32 32 57 51 33 33 56 50 45 52 57 51 57 51 34 34 33 33 57 51 46 53 58 54 58 54 35 35 34 34 58 54 47 55 59 56 59 56 36 36 35 35 59 56 48 57 60 58 36 36 49 39 25 24 48 57 49 39 60 58 38 59 61 60 62 61 38 59 63 62 39 40 40 44 63 62 64 63 40 44 65 64 41 46 41 46 66 65 42 66 42 66 67 67 43 47 44 49 67 67 68 68 44 49 69 69 45 52 46 53 69 69 70 70 47 55 70 70 71 71 48 57 71 71 72 72 37 38 72 72 61 60 62 61 74 73 73 74 62 61 75 75 63 62 64 63 75 75 76 76 64 63 77 77 65 64 66 65 77 77 78 78 66 65 79 79 67 67 68 68 79 79 80 80 69 69 80 80 81 81 70 70 81 81 82 82 70 70 83 83 71 71 71 71 84 84 72 72 61 60 84 84 74 73 86 85 97 86 98 87 86 85 99 88 87 89 87 89 100 90 88 91 89 92 100 90 101 93 90 94 101 93 102 95 90 94 103 96 91 97 92 98 103 96 104 99 92 98 105 100 93 101 94 102 105 100 106 103 94 102 107 104 95 105 96 106 107 104 108 107 85 108 108 107 97 86 98 87 109 109 110 110 99 88 110 110 111 111 99 88 112 112 100 90 101 93 112 112 113 113 102 95 113 113 114 114 108 107 119 115 120 116 108 107 109 109 97 86 119 115 127 117 121 118 118 119 121 118 122 120 117 121 122 120 123 122 116 123 123 122 124 124 116 123 125 125 115 126 115 126 126 127 114 114 114 114 132 128 102 95 106 103 127 117 107 104 105 100 128 129 106 103 104 99 129 130 105 100 104 99 131 131 130 132 103 96 132 128 131 131 127 117 133 133 121 118 122 120 133 133 135 134 123 122 135 134 136 135 123 122 137 136 124 124 124 124 138 137 125 125 125 125 139 138 126 127 132 128 139 138 140 139 128 129 134 140 127 117 129 130 141 141 128 129 129 130 143 142 142 143 130 132 144 144 143 142 131 131 140 139 144 144 144 144 139 138 138 137 143 142 138 137 137 136 142 143 137 136 136 135 135 134 142 143 136 135 133 133 141 141 135 134 110 110 109 109 145 145 111 111 110 110 145 145 112 112 111 111 145 145 113 113 112 112 145 145 114 114 113 113 145 145 115 126 114 114 145 145 116 123 115 126 145 145 117 121 116 123 145 145 118 119 117 121 145 145 119 115 118 119 145 145 120 116 119 115 145 145 109 109 120 116 145 145 0 1 12 23 13 13 1 2 13 13 14 14 14 14 15 28 3 4 3 4 15 28 16 15 4 5 16 15 17 16 5 6 17 16 18 17 6 7 18 17 19 18 7 8 19 18 20 19 8 9 20 19 21 20 9 10 21 20 22 21 10 11 22 21 23 22 12 23 0 1 11 12 13 13 12 23 25 24 13 13 26 25 27 26 14 14 27 26 28 27 16 15 15 28 28 27 17 16 16 15 29 29 18 17 17 16 30 30 18 17 31 31 32 32 19 18 32 32 33 33 20 19 33 33 34 34 21 20 34 34 35 35 22 21 35 35 36 36 12 23 23 22 36 36 25 24 49 39 50 37 37 38 38 59 50 37 50 37 51 41 27 26 50 37 38 59 39 40 27 26 51 41 52 42 39 40 40 44 52 42 28 27 52 42 53 43 40 44 41 46 53 43 29 29 53 43 54 45 41 46 42 66 54 45 54 45 55 48 31 31 54 45 42 66 43 47 55 48 56 50 32 32 55 48 43 47 44 49 32 32 56 50 57 51 56 50 44 49 45 52 57 51 58 54 34 34 57 51 45 52 46 53 58 54 59 56 35 35 58 54 46 53 47 55 59 56 60 58 36 36 59 56 47 55 48 57 36 36 60 58 49 39 48 57 37 38 49 39 38 59 37 38 61 60 38 59 62 61 63 62 40 44 39 40 63 62 40 44 64 63 65 64 41 46 65 64 66 65 42 66 66 65 67 67 44 49 43 47 67 67 44 49 68 68 69 69 46 53 45 52 69 69 47 55 46 53 70 70 48 57 47 55 71 71 37 38 48 57 72 72 62 61 61 60 74 73 62 61 73 74 75 75 64 63 63 62 75 75 64 63 76 76 77 77 66 65 65 64 77 77 66 65 78 78 79 79 68 68 67 67 79 79 69 69 68 68 80 80 70 70 69 69 81 81 70 70 82 82 83 83 71 71 83 83 84 84 61 60 72 72 84 84 86 85 85 108 97 86 86 85 98 87 99 88 87 89 99 88 100 90 89 92 88 91 100 90 90 94 89 92 101 93 90 94 102 95 103 96 92 98 91 97 103 96 92 98 104 99 105 100 94 102 93 101 105 100 94 102 106 103 107 104 96 106 95 105 107 104 85 108 96 106 108 107 98 87 97 86 109 109 99 88 98 87 110 110 99 88 111 111 112 112 101 93 100 90 112 112 102 95 101 93 113 113 108 107 107 104 119 115 108 107 120 116 109 109 119 115 107 104 127 117 118 119 119 115 121 118 117 121 118 119 122 120 116 123 117 121 123 122 116 123 124 124 125 125 115 126 125 125 126 127 114 114 126 127 132 128 106 103 128 129 127 117 105 100 129 130 128 129 104 99 130 132 129 130 104 99 103 96 131 131 103 96 102 95 132 128 127 117 134 140 133 133 122 120 121 118 133 133 123 122 122 120 135 134 123 122 136 135 137 136 124 124 137 136 138 137 125 125 138 137 139 138 132 128 126 127 139 138 128 129 141 141 134 140 129 130 142 143 141 141 129 130 130 132 143 142 130 132 131 131 144 144 131 131 132 128 140 139 144 144 140 139 139 138 143 142 144 144 138 137 142 143 143 142 137 136 135 134 141 141 142 143 133 133 134 140 141 141</p>
        </triangles>
      </mesh>
    </geometry>
    <geometry id="Handle_Back_009-mesh" name="Handle_Back.009">
      <mesh>
        <source id="Handle_Back_009-mesh-positions">
          <float_array id="Handle_Back_009-mesh-positions-array" count="438">16.34242 -5.012185 1.052816 16.35477 -5.012346 1.033319 16.35572 -5.012476 1.010258 16.34501 -5.012539 0.9898108 16.32551 -5.012518 0.9774572 16.30245 -5.01242 0.976507 16.28201 -5.01227 0.9872148 16.26965 -5.012108 1.006711 16.2687 -5.011979 1.029773 16.27941 -5.011916 1.05022 16.29891 -5.011936 1.062574 16.32197 -5.012035 1.063524 16.34125 -5.028994 1.051719 16.35315 -5.029149 1.032928 16.35407 -5.029274 1.010703 16.34375 -5.029335 0.9909965 16.32496 -5.029315 0.9790906 16.30273 -5.02922 0.9781748 16.28302 -5.029076 0.9884946 16.27112 -5.02892 1.007285 16.2702 -5.028795 1.029511 16.28052 -5.028734 1.049217 16.29932 -5.028754 1.061123 16.32154 -5.028849 1.062039 16.31221 -5.012228 1.020015 16.32669 -5.029016 1.035906 16.33263 -5.029094 1.026515 16.33309 -5.029157 1.015407 16.32793 -5.029187 1.005558 16.31854 -5.029177 0.9996072 16.30743 -5.029129 0.9991495 16.29759 -5.029057 1.004307 16.29164 -5.02898 1.013698 16.29118 -5.028917 1.024807 16.29634 -5.028887 1.034656 16.30573 -5.028897 1.040606 16.31684 -5.028944 1.041064 16.32663 -5.040905 1.035971 16.33258 -5.040983 1.02658 16.33304 -5.041045 1.015471 16.32788 -5.041076 1.005622 16.31849 -5.041066 0.9996718 16.30738 -5.041018 0.9992141 16.29753 -5.040946 1.004372 16.29158 -5.040868 1.013763 16.29113 -5.040806 1.024871 16.29628 -5.040775 1.03472 16.30567 -5.040785 1.040671 16.31678 -5.040833 1.041129 16.32668 -5.030027 1.035912 16.33263 -5.030105 1.02652 16.33309 -5.030167 1.015412 16.32793 -5.030198 1.005563 16.31854 -5.030188 0.9996127 16.30743 -5.03014 0.9991549 16.29758 -5.030068 1.004313 16.29163 -5.02999 1.013704 16.29117 -5.029928 1.024812 16.29633 -5.029897 1.034661 16.30572 -5.029907 1.040612 16.31683 -5.029954 1.041069 16.32439 -5.040908 1.033532 16.32942 -5.040974 1.02559 16.3298 -5.041027 1.016197 16.32544 -5.041052 1.007868 16.3175 -5.041044 1.002836 16.30811 -5.041004 1.002449 16.29978 -5.040943 1.006811 16.29475 -5.040877 1.014752 16.29436 -5.040824 1.024146 16.29872 -5.040799 1.032475 16.30666 -5.040807 1.037507 16.31606 -5.040847 1.037894 16.33075 -5.019016 1.025855 16.32536 -5.018945 1.03436 16.33116 -5.019073 1.015795 16.32649 -5.0191 1.006876 16.31798 -5.019091 1.001487 16.30792 -5.019048 1.001073 16.299 -5.018982 1.005744 16.29362 -5.018912 1.014249 16.2932 -5.018856 1.024308 16.29787 -5.018828 1.033228 16.30638 -5.018837 1.038617 16.31644 -5.01888 1.039031 16.32427 -5.033716 1.033337 16.32925 -5.033782 1.025488 16.32963 -5.033833 1.016204 16.32532 -5.033859 1.007972 16.31747 -5.033851 1.002999 16.30819 -5.033811 1.002616 16.29995 -5.033751 1.006927 16.29498 -5.033686 1.014776 16.2946 -5.033633 1.024061 16.29891 -5.033608 1.032292 16.30676 -5.033616 1.037266 16.31604 -5.033656 1.037648 16.32412 -5.068864 1.033529 16.32909 -5.068929 1.025679 16.32947 -5.068981 1.016395 16.32516 -5.069006 1.008163 16.31731 -5.068998 1.00319 16.30803 -5.068959 1.002807 16.2998 -5.068898 1.007118 16.29482 -5.068833 1.014967 16.29444 -5.068781 1.024252 16.29875 -5.068756 1.032483 16.3066 -5.068764 1.037457 16.31589 -5.068804 1.037839 16.32406 -5.081778 1.033599 16.32903 -5.081843 1.02575 16.32942 -5.081895 1.016465 16.3251 -5.081921 1.008234 16.31725 -5.081912 1.00326 16.30797 -5.081873 1.002878 16.29974 -5.081812 1.007189 16.29476 -5.081747 1.015038 16.29438 -5.081695 1.024322 16.29869 -5.08167 1.032554 16.30654 -5.081678 1.037527 16.31583 -5.081717 1.03791 16.18649 -5.078769 1.026631 16.18534 -5.078148 1.023521 16.18482 -5.077809 1.018198 16.18508 -5.077843 1.012089 16.18603 -5.078241 1.006831 16.18743 -5.078897 1.003833 16.18804 -5.071057 1.026511 16.18689 -5.070436 1.023401 16.18637 -5.070097 1.018078 16.18663 -5.070131 1.011969 16.18758 -5.070529 1.006711 16.18898 -5.071186 1.003712 16.17528 -5.029226 1.0264 16.17772 -5.028392 1.026496 16.17456 -5.027714 1.023302 16.17429 -5.026862 1.017987 16.17454 -5.026896 1.011878 16.17525 -5.027808 1.006613 16.17622 -5.029354 1.003602 16.17866 -5.02852 1.003697 16.177 -5.026881 1.023398 16.17673 -5.026028 1.018082 16.17698 -5.026062 1.011974 16.17769 -5.026975 1.006708 16.3119 -5.081795 1.020394</float_array>
          <technique_common>
            <accessor source="#Handle_Back_009-mesh-positions-array" count="146" stride="3">
              <param name="X" type="float"/>
              <param name="Y" type="float"/>
              <param name="Z" type="float"/>
            </accessor>
          </technique_common>
        </source>
        <source id="Handle_Back_009-mesh-normals">
          <float_array id="Handle_Back_009-mesh-normals-array" count="438">0.004494309 0.9999752 -0.005433082 0.535851 0.6177962 0.5754925 0.7538249 0.614979 0.2314061 0.7705737 0.6127002 -0.1755411 0.5816382 0.6115393 -0.5363923 0.2375468 0.6119058 -0.7544156 -0.169449 0.6136373 -0.7711915 -0.530269 0.6163167 -0.58221 -0.7482633 0.6191825 -0.2381492 -0.765082 0.6213942 0.1688752 -0.5760642 0.6225373 0.5297144 -0.231988 0.6221765 0.7477151 0.1750031 0.6204519 0.7644695 0.6892334 -0.6902801 0.2201606 0.7047035 -0.6923655 -0.1549932 0.5304517 -0.6934391 -0.4876098 0.2132814 -0.693096 -0.6885703 -0.1618341 -0.6915029 -0.7040125 -0.6954523 -0.6863669 -0.2127124 -0.7108502 -0.6843239 0.1624587 -0.5366594 -0.6832903 0.4950869 -0.2195015 -0.6836173 0.6960507 0.1556655 -0.6851944 0.7115315 0.4882607 -0.6876669 0.5373227 0.4283552 -0.769964 0.472935 0.6062847 -0.7710179 0.1948086 0.6191639 -0.7734974 -0.1354178 0.4657973 -0.7745199 -0.4279624 0.1867976 -0.7742142 -0.6047306 -0.1431054 -0.773153 -0.6178637 -0.4944622 -0.6890351 -0.529847 -0.4352353 -0.7710326 -0.4648429 -0.6130788 -0.7677002 -0.1864694 -0.6253194 -0.7670142 0.1437532 -0.4726446 -0.7656642 0.4363088 -0.1937281 -0.7660775 0.612858 0.1361076 -0.7674546 0.6264888 0.9544594 -0.001191914 0.2983385 0.5100143 -0.6524271 0.5605573 0.6773583 3.50244e-4 0.7356532 0.7358715 -0.6574246 -0.1621302 0.9757568 -0.005182206 -0.2187964 0.7356632 -0.006845295 -0.6773129 0.2984152 -0.00628817 -0.9544155 0.5540171 -0.6585509 -0.5092896 -0.2188261 -0.004603922 -0.975753 0.2229368 -0.6581087 -0.7191607 -0.515809 -0.653909 -0.5534837 -0.677457 -0.001487731 -0.7355609 -0.7256138 -0.6511925 -0.2223353 -0.9544374 0.004226148 -0.2983815 -0.9757264 0.005000352 0.218936 -0.7417559 -0.6489667 0.1692351 -0.5599528 -0.6478259 0.5165022 -0.7355262 0.00728482 0.6774572 -0.2288301 -0.6481944 0.7262788 -0.2982419 0.006434381 0.9544686 0.1627768 -0.6499187 0.7423675 0.2189875 0.004331886 0.9757181 -0.632906 -0.7498551 -0.1927367 0.7197129 -0.6552796 0.2293952 -0.6469451 -0.7479576 0.1483967 -0.4885892 -0.7469484 0.4509422 -0.2001936 -0.7473948 0.633501 0.140975 -0.7487153 0.647728 -0.1686944 -0.6564971 -0.7352236 0.4433962 -0.7510456 0.4892142 0.6261072 -0.753388 0.200989 0.6401436 -0.7553468 -0.1402403 0.4817725 -0.7562803 -0.442646 0.193409 -0.7559326 -0.625427 -0.1477448 -0.7544404 -0.6395242 -0.450173 -0.752265 -0.4810838 -0.6759685 0.05770027 -0.7346681 -0.9525566 0.06128793 -0.2981271 -0.9738087 0.06411039 0.2181438 -0.7340609 0.06553769 0.6759139 -0.2975664 0.06505119 0.9524824 0.2187178 0.0629118 0.9737581 0.676512 0.05950856 0.7340235 0.9530887 0.05580657 0.2975025 0.9743344 0.0529673 -0.2187853 0.7345921 0.05167639 -0.6765383 0.2980737 0.05206912 -0.9531217 -0.2181968 0.05423229 -0.9743968 0.9544473 -0.002656877 0.2983679 0.6773922 9.42538e-4 0.7356215 0.954453 -0.002706706 0.2983494 0.975746 -0.00555998 -0.2188351 0.9757419 -0.005537807 -0.2188538 0.7356154 -0.0069139 -0.6773642 0.7356068 -0.007014274 -0.6773726 0.298354 -0.006549894 -0.9544329 0.2983536 -0.00652486 -0.9544332 -0.2188289 -0.004322826 -0.9757537 -0.1008405 0.07227075 -0.9922743 -0.4367255 0.7532628 -0.4917987 -0.6774208 -9.68246e-4 -0.7355952 -0.954443 0.002649545 -0.2983816 -0.6131638 0.7645495 -0.1987317 -0.6270071 0.7665047 0.1390425 -0.9757451 0.005573451 0.2188389 -0.7355693 0.006964743 0.6774137 -0.4753424 0.7583883 0.4459788 -0.1826401 0.08297121 0.9796727 -0.2983651 0.006515204 0.9544296 0.2188413 0.004329264 0.9757509 0.2188892 0.004323899 0.9757401 0.6773641 9.4011e-4 0.7356473 0.5100232 -0.6524335 0.5605416 0.7198451 -0.6551082 0.2294696 0.7359412 -0.6573498 -0.1621167 0.554055 -0.6584696 -0.5093535 0.2229166 -0.6582127 -0.7190719 0.006671845 -0.7057589 -0.7084207 -0.0527243 -0.6974654 0.7146763 0.1627412 -0.6499516 0.7423465 0.2038789 0.4512994 0.8687707 -0.4299525 -0.6933337 0.5782986 -0.01893371 -0.9995675 0.02250647 -0.6702656 -0.7386495 0.07170128 -0.02167153 -0.9997212 0.009378015 -0.665444 -0.7464433 -0.002588927 -0.02129036 -0.9997733 1.8215e-5 -0.6641159 -0.7463155 -0.04430979 -0.6639726 -0.7380498 -0.1200962 -0.01748651 -0.999766 -0.01273745 -0.3890718 -0.7037666 -0.5944206 0.2068415 0.4308997 -0.8783746 0.6487772 0.7582744 -0.06409478 0.6434614 0.7654685 0.003955721 0.6439124 0.7569557 0.1113334 0.6425659 0.7651175 0.0412836 -0.6624314 0.2422212 0.7088819 -0.8379082 0.4816738 0.2567105 -0.8592236 0.5099067 0.04159581 -0.8526128 0.5091315 -0.1176294 -0.8133945 0.4791849 -0.3298048 -0.6062783 0.2434202 -0.7570821 0.5572307 0.5669029 -0.6067249 0.504373 0.5656548 0.6524129 0.4444804 0.8675848 0.2230113 0.4619095 0.8860149 -0.04021471 0.4572185 0.8867717 0.06773024 0.462927 0.8645437 -0.1956086 -0.004494488 -0.9999752 0.005446493</float_array>
          <technique_common>
            <accessor source="#Handle_Back_009-mesh-normals-array" count="146" stride="3">
              <param name="X" type="float"/>
              <param name="Y" type="float"/>
              <param name="Z" type="float"/>
            </accessor>
          </technique_common>
        </source>
        <vertices id="Handle_Back_009-mesh-vertices">
          <input semantic="POSITION" source="#Handle_Back_009-mesh-positions"/>
        </vertices>
        <triangles material="steel-material" count="264">
          <input semantic="VERTEX" source="#Handle_Back_009-mesh-vertices" offset="0"/>
          <input semantic="NORMAL" source="#Handle_Back_009-mesh-normals" offset="1"/>
          <p>24 0 0 1 1 2 24 0 1 2 2 3 24 0 2 3 3 4 24 0 3 4 4 5 24 0 4 5 5 6 24 0 5 6 6 7 24 0 6 7 7 8 24 0 7 8 8 9 24 0 8 9 9 10 24 0 9 10 10 11 24 0 10 11 11 12 11 12 0 1 24 0 0 1 13 13 1 2 1 2 14 14 2 3 14 14 3 4 2 3 15 15 4 5 3 4 16 16 5 6 4 5 17 17 6 7 5 6 6 7 19 18 7 8 7 8 20 19 8 9 8 9 21 20 9 10 9 10 22 21 10 11 10 11 23 22 11 12 12 23 11 12 23 22 13 13 25 24 26 25 13 13 27 26 14 14 14 14 28 27 15 15 15 15 29 28 16 16 17 17 29 28 30 29 18 30 30 29 31 31 18 30 32 32 19 18 19 18 33 33 20 19 20 19 34 34 21 20 21 20 35 35 22 21 22 21 36 36 23 22 12 23 36 36 25 24 25 24 50 37 26 25 37 38 50 37 49 39 50 37 27 26 26 25 50 37 39 40 51 41 27 26 52 42 28 27 39 40 52 42 51 41 28 27 53 43 29 28 40 44 53 43 52 42 29 28 54 45 30 29 41 46 54 45 53 43 54 45 31 31 30 29 54 45 43 47 55 48 55 48 32 32 31 31 55 48 44 49 56 50 32 32 57 51 33 33 56 50 45 52 57 51 57 51 34 34 33 33 57 51 46 53 58 54 58 54 35 35 34 34 58 54 47 55 59 56 59 56 36 36 35 35 59 56 48 57 60 58 36 36 49 39 25 24 48 57 49 39 60 58 37 38 62 59 38 60 38 60 63 61 39 40 40 44 63 61 64 62 40 44 65 63 41 46 41 46 66 64 42 65 42 65 67 66 43 47 44 49 67 66 68 67 44 49 69 68 45 52 46 53 69 68 70 69 47 55 70 69 71 70 48 57 71 70 72 71 48 57 61 72 37 38 62 59 74 73 73 74 62 59 75 75 63 61 64 62 75 75 76 76 64 62 77 77 65 63 66 64 77 77 78 78 67 66 78 78 79 79 67 66 80 80 68 67 69 68 80 80 81 81 70 69 81 81 82 82 70 69 83 83 71 70 71 70 84 84 72 71 61 72 84 84 74 73 86 85 97 86 98 87 86 85 99 88 87 89 87 89 100 90 88 91 89 92 100 90 101 93 90 94 101 93 102 95 90 94 103 96 91 97 92 98 103 96 104 99 92 98 105 100 93 101 94 102 105 100 106 103 94 102 107 104 95 105 96 106 107 104 108 107 85 108 108 107 97 86 98 87 109 109 110 110 99 88 110 110 111 111 99 88 112 112 100 90 101 93 112 112 113 113 102 95 113 113 114 114 108 107 119 115 120 116 108 107 109 109 97 86 119 115 127 117 121 118 118 119 121 118 122 120 117 121 122 120 123 122 116 123 123 122 124 124 116 123 125 125 115 126 115 126 126 127 114 114 114 114 132 128 102 95 106 103 127 117 107 104 105 100 128 129 106 103 104 99 129 130 105 100 104 99 131 131 130 132 103 96 132 128 131 131 127 117 133 133 121 118 122 120 133 133 135 134 123 122 135 134 136 135 123 122 137 136 124 124 124 124 138 137 125 125 125 125 139 138 126 127 132 128 139 138 140 139 128 129 134 140 127 117 129 130 141 141 128 129 129 130 143 142 142 143 130 132 144 144 143 142 131 131 140 139 144 144 144 144 139 138 138 137 143 142 138 137 137 136 142 143 137 136 136 135 135 134 142 143 136 135 133 133 141 141 135 134 110 110 109 109 145 145 111 111 110 110 145 145 112 112 111 111 145 145 113 113 112 112 145 145 114 114 113 113 145 145 115 126 114 114 145 145 116 123 115 126 145 145 117 121 116 123 145 145 118 119 117 121 145 145 119 115 118 119 145 145 120 116 119 115 145 145 109 109 120 116 145 145 0 1 12 23 13 13 1 2 13 13 14 14 14 14 15 15 3 4 15 15 16 16 4 5 16 16 17 17 5 6 17 17 18 30 6 7 6 7 18 30 19 18 7 8 19 18 20 19 8 9 20 19 21 20 9 10 21 20 22 21 10 11 22 21 23 22 12 23 0 1 11 12 13 13 12 23 25 24 13 13 26 25 27 26 14 14 27 26 28 27 15 15 28 27 29 28 17 17 16 16 29 28 18 30 17 17 30 29 18 30 31 31 32 32 19 18 32 32 33 33 20 19 33 33 34 34 21 20 34 34 35 35 22 21 35 35 36 36 12 23 23 22 36 36 25 24 49 39 50 37 37 38 38 60 50 37 50 37 51 41 27 26 50 37 38 60 39 40 27 26 51 41 52 42 39 40 40 44 52 42 28 27 52 42 53 43 40 44 41 46 53 43 29 28 53 43 54 45 41 46 42 65 54 45 54 45 55 48 31 31 54 45 42 65 43 47 55 48 56 50 32 32 55 48 43 47 44 49 32 32 56 50 57 51 56 50 44 49 45 52 57 51 58 54 34 34 57 51 45 52 46 53 58 54 59 56 35 35 58 54 46 53 47 55 59 56 60 58 36 36 59 56 47 55 48 57 36 36 60 58 49 39 48 57 37 38 49 39 37 38 61 72 62 59 38 60 62 59 63 61 40 44 39 40 63 61 40 44 64 62 65 63 41 46 65 63 66 64 42 65 66 64 67 66 44 49 43 47 67 66 44 49 68 67 69 68 46 53 45 52 69 68 47 55 46 53 70 69 48 57 47 55 71 70 48 57 72 71 61 72 62 59 61 72 74 73 62 59 73 74 75 75 64 62 63 61 75 75 64 62 76 76 77 77 66 64 65 63 77 77 67 66 66 64 78 78 67 66 79 79 80 80 69 68 68 67 80 80 70 69 69 68 81 81 70 69 82 82 83 83 71 70 83 83 84 84 61 72 72 71 84 84 86 85 85 108 97 86 86 85 98 87 99 88 87 89 99 88 100 90 89 92 88 91 100 90 90 94 89 92 101 93 90 94 102 95 103 96 92 98 91 97 103 96 92 98 104 99 105 100 94 102 93 101 105 100 94 102 106 103 107 104 96 106 95 105 107 104 85 108 96 106 108 107 98 87 97 86 109 109 99 88 98 87 110 110 99 88 111 111 112 112 101 93 100 90 112 112 102 95 101 93 113 113 108 107 107 104 119 115 108 107 120 116 109 109 119 115 107 104 127 117 118 119 119 115 121 118 117 121 118 119 122 120 116 123 117 121 123 122 116 123 124 124 125 125 115 126 125 125 126 127 114 114 126 127 132 128 106 103 128 129 127 117 105 100 129 130 128 129 104 99 130 132 129 130 104 99 103 96 131 131 103 96 102 95 132 128 127 117 134 140 133 133 122 120 121 118 133 133 123 122 122 120 135 134 123 122 136 135 137 136 124 124 137 136 138 137 125 125 138 137 139 138 132 128 126 127 139 138 128 129 141 141 134 140 129 130 142 143 141 141 129 130 130 132 143 142 130 132 131 131 144 144 131 131 132 128 140 139 144 144 140 139 139 138 143 142 144 144 138 137 142 143 143 142 137 136 135 134 141 141 142 143 133 133 134 140 141 141</p>
        </triangles>
      </mesh>
    </geometry>
    <geometry id="Door_009-mesh" name="Door.009">
      <mesh>
        <source id="Door_009-mesh-positions">
          <float_array id="Door_009-mesh-positions-array" count="24">15.60822 -5.014404 0.003999948 15.60822 -4.905404 0.003999948 16.38422 -4.905404 0.003999948 16.38422 -5.014404 0.003999948 15.60822 -5.014404 1.984 15.60822 -4.905404 1.984 16.38422 -4.905404 1.984 16.38422 -5.014404 1.984</float_array>
          <technique_common>
            <accessor source="#Door_009-mesh-positions-array" count="8" stride="3">
              <param name="X" type="float"/>
              <param name="Y" type="float"/>
              <param name="Z" type="float"/>
            </accessor>
          </technique_common>
        </source>
        <source id="Door_009-mesh-normals">
          <float_array id="Door_009-mesh-normals-array" count="36">-1 0 0 0 1 0 1 0 0 0 -1 0 0 0 -1 0 0 1 -1 0 0 0 1 0 1 0 0 0 -1 0 0 0 -1 0 0 1</float_array>
          <technique_common>
            <accessor source="#Door_009-mesh-normals-array" count="12" stride="3">
              <param name="X" type="float"/>
              <param name="Y" type="float"/>
              <param name="Z" type="float"/>
            </accessor>
          </technique_common>
        </source>
        <vertices id="Door_009-mesh-vertices">
          <input semantic="POSITION" source="#Door_009-mesh-positions"/>
        </vertices>
        <triangles material="fine_grained_wood-material" count="12">
          <input semantic="VERTEX" source="#Door_009-mesh-vertices" offset="0"/>
          <input semantic="NORMAL" source="#Door_009-mesh-normals" offset="1"/>
          <p>5 0 0 0 4 0 6 1 1 1 5 1 7 2 2 2 6 2 4 3 3 3 7 3 1 4 3 4 0 4 6 5 4 5 7 5 5 6 1 6 0 6 6 7 2 7 1 7 7 8 3 8 2 8 4 9 0 9 3 9 1 10 2 10 3 10 6 11 5 11 4 11</p>
        </triangles>
      </mesh>
    </geometry>
    <geometry id="DoorFrane_008-mesh" name="DoorFrane.008">
      <mesh>
        <source id="DoorFrane_008-mesh-positions">
          <float_array id="DoorFrane_008-mesh-positions-array" count="96">15.55622 -5.020221 0 15.55622 -4.790221 0 15.60622 -4.790221 0 15.55622 -5.020221 2.04 15.55622 -4.790221 2.04 16.43622 -4.790221 2.04 16.43622 -5.020221 2.04 16.38622 -5.020221 1.99 15.60622 -4.790221 1.99 16.38622 -5.020221 0 16.43622 -5.020221 0 16.43622 -4.790221 0 16.38622 -4.905221 1.99 15.60622 -4.905221 1.99 15.60622 -4.905221 0 15.62622 -4.905221 1.99 15.62622 -4.905221 0 15.62622 -4.790221 1.99 15.62622 -4.790221 0 16.38622 -4.905221 0 15.60622 -5.020221 1.99 15.60622 -5.020221 0 16.38622 -4.790221 1.99 16.38622 -4.790221 0 16.36623 -4.790221 0 16.36623 -4.905221 0 16.36623 -4.790221 1.99 16.36623 -4.905221 1.97 16.36623 -4.905221 1.99 15.62622 -4.790221 1.97 15.62622 -4.905221 1.97 16.36623 -4.790221 1.97</float_array>
          <technique_common>
            <accessor source="#DoorFrane_008-mesh-positions-array" count="32" stride="3">
              <param name="X" type="float"/>
              <param name="Y" type="float"/>
              <param name="Z" type="float"/>
            </accessor>
          </technique_common>
        </source>
        <source id="DoorFrane_008-mesh-normals">
          <float_array id="DoorFrane_008-mesh-normals-array" count="141">-1 0 0 -1 0 0 0 0 1 1 0 0 1 0 0 1 0 0 0 1 0 0 0 -1 0 -1 0 0 -1 0 0 -1 0 0 1 0 0 0 -1 0 -1 0 0 1 0 0 0 -1 0 1 0 0 -1 0 -1 0 0 0 0 -1 0 1 0 0 1 0 0 -1 0 0 0 1 -1 0 0 -1 0 0 0 0 1 1 0 0 1 0 0 1 0 0 0 1 0 0 0 -1 0 -1 0 0 -1 0 0 -1 0 0 1 0 0 0 -1 0 -1 0 0 1 0 0 0 -1 0 1 0 0 -1 0 -1 0 0 0 0 -1 0 1 0 0 1 0 0 -1 0</float_array>
          <technique_common>
            <accessor source="#DoorFrane_008-mesh-normals-array" count="47" stride="3">
              <param name="X" type="float"/>
              <param name="Y" type="float"/>
              <param name="Z" type="float"/>
            </accessor>
          </technique_common>
        </source>
        <vertices id="DoorFrane_008-mesh-vertices">
          <input semantic="POSITION" source="#DoorFrane_008-mesh-positions"/>
        </vertices>
        <triangles material="Plastic-material" count="47">
          <input semantic="VERTEX" source="#DoorFrane_008-mesh-vertices" offset="0"/>
          <input semantic="NORMAL" source="#DoorFrane_008-mesh-normals" offset="1"/>
          <p>4 0 0 0 3 0 12 1 9 1 7 1 3 2 5 2 4 2 11 3 6 3 10 3 20 4 14 4 13 4 15 5 18 5 17 5 11 6 22 6 5 6 13 7 7 7 20 7 20 8 0 8 21 8 10 9 7 9 9 9 14 10 15 10 13 10 8 11 1 11 4 11 31 12 30 12 29 12 7 13 3 13 20 13 4 14 22 14 8 14 2 15 16 15 14 15 18 16 8 16 17 16 25 17 12 17 28 17 26 18 25 18 28 18 24 19 19 19 25 19 23 20 26 20 22 20 17 21 31 21 29 21 30 22 28 22 15 22 8 23 22 23 26 23 4 24 1 24 0 24 12 25 19 25 9 25 3 26 6 26 5 26 11 27 5 27 6 27 20 28 21 28 14 28 15 29 16 29 18 29 11 30 23 30 22 30 13 31 12 31 7 31 20 32 3 32 0 32 10 33 6 33 7 33 14 34 16 34 15 34 8 35 2 35 1 35 31 36 27 36 30 36 7 37 6 37 3 37 4 38 5 38 22 38 2 39 18 39 16 39 18 40 2 40 8 40 25 41 19 41 12 41 26 42 24 42 25 42 24 43 23 43 19 43 23 44 24 44 26 44 17 45 26 45 31 45 30 46 27 46 28 46</p>
        </triangles>
      </mesh>
    </geometry>
    <geometry id="Handle_Front_008-mesh" name="Handle_Front.008">
      <mesh>
        <source id="Handle_Front_008-mesh-positions">
          <float_array id="Handle_Front_008-mesh-positions-array" count="438">36.6652 -16.91704 0.9871842 36.66504 -16.90469 1.006681 36.66491 -16.90374 1.029742 36.66485 -16.91444 1.050189 36.66487 -16.93394 1.062543 36.66497 -16.957 1.063493 36.66512 -16.97745 1.052785 36.66528 -16.9898 1.033288 36.66541 -16.99075 1.010227 36.66547 -16.98004 0.9897801 36.66545 -16.96055 0.9774264 36.66535 -16.93749 0.9764763 36.64839 -16.91821 0.9882811 36.64824 -16.9063 1.007071 36.64811 -16.90539 1.029297 36.64805 -16.91571 1.049003 36.64807 -16.9345 1.060909 36.64817 -16.95672 1.061825 36.64831 -16.97643 1.051505 36.64847 -16.98834 1.032715 36.64859 -16.98925 1.010489 36.64865 -16.97893 0.9907831 36.64863 -16.96014 0.9788771 36.64854 -16.93791 0.9779612 36.66516 -16.94725 1.019985 36.64837 -16.93277 1.004094 36.64829 -16.92682 1.013485 36.64823 -16.92636 1.024593 36.6482 -16.93152 1.034442 36.64821 -16.94091 1.040393 36.64826 -16.95202 1.04085 36.64833 -16.96187 1.035693 36.64841 -16.96782 1.026301 36.64847 -16.96828 1.015193 36.6485 -16.96312 1.005344 36.64849 -16.95373 0.9993936 36.64844 -16.94262 0.9989359 36.63648 -16.93282 1.004029 36.6364 -16.92687 1.01342 36.63634 -16.92642 1.024529 36.63631 -16.93157 1.034378 36.63632 -16.94097 1.040328 36.63637 -16.95207 1.040786 36.63644 -16.96192 1.035628 36.63652 -16.96787 1.026237 36.63658 -16.96833 1.015128 36.63661 -16.96317 1.00528 36.6366 -16.95378 0.999329 36.63655 -16.94267 0.9988712 36.64736 -16.93278 1.004088 36.64728 -16.92683 1.013479 36.64722 -16.92637 1.024588 36.64719 -16.93152 1.034437 36.6472 -16.94092 1.040387 36.64725 -16.95203 1.040845 36.64732 -16.96187 1.035687 36.6474 -16.96783 1.026296 36.64746 -16.96828 1.015188 36.64749 -16.96312 1.005339 36.64748 -16.95373 0.9993881 36.64743 -16.94262 0.9989305 36.63648 -16.93507 1.006468 36.63641 -16.93004 1.01441 36.63636 -16.92965 1.023803 36.63634 -16.93401 1.032132 36.63634 -16.94195 1.037164 36.63638 -16.95135 1.037551 36.63644 -16.95968 1.033189 36.63651 -16.96471 1.025248 36.63656 -16.9651 1.015854 36.63659 -16.96073 1.007525 36.63658 -16.95279 1.002493 36.63654 -16.9434 1.002106 36.65837 -16.92871 1.014145 36.65844 -16.9341 1.00564 36.65832 -16.9283 1.024204 36.65829 -16.93297 1.033124 36.6583 -16.94147 1.038513 36.65834 -16.95153 1.038927 36.6584 -16.96045 1.034256 36.65848 -16.96584 1.025751 36.65853 -16.96625 1.015691 36.65856 -16.96158 1.006772 36.65855 -16.95308 1.001383 36.65851 -16.94302 1.000969 36.64367 -16.93518 1.006662 36.64361 -16.93021 1.014512 36.64355 -16.92983 1.023796 36.64353 -16.93414 1.032028 36.64353 -16.94198 1.037001 36.64358 -16.95127 1.037384 36.64364 -16.9595 1.033073 36.6437 -16.96447 1.025224 36.64375 -16.96486 1.015939 36.64378 -16.96055 1.007708 36.64377 -16.9527 1.002734 36.64373 -16.94341 1.002352 36.60852 -16.93534 1.006471 36.60846 -16.93037 1.01432 36.6084 -16.92998 1.023605 36.60838 -16.93429 1.031836 36.60839 -16.94214 1.03681 36.60843 -16.95143 1.037193 36.60849 -16.95966 1.032882 36.60855 -16.96463 1.025032 36.60861 -16.96502 1.015748 36.60863 -16.9607 1.007516 36.60862 -16.95285 1.002543 36.60858 -16.94357 1.002161 36.59561 -16.9354 1.006401 36.59555 -16.93042 1.01425 36.59549 -16.93004 1.023535 36.59547 -16.93435 1.031766 36.59547 -16.9422 1.03674 36.59552 -16.95149 1.037122 36.59558 -16.95972 1.032811 36.59564 -16.96469 1.024962 36.59569 -16.96507 1.015678 36.59572 -16.96076 1.007446 36.59571 -16.95291 1.002473 36.59567 -16.94363 1.00209 36.59862 -17.07297 1.013369 36.59924 -17.07411 1.016479 36.59958 -17.07463 1.021802 36.59954 -17.07438 1.027911 36.59915 -17.07343 1.033169 36.59849 -17.07203 1.036167 36.60633 -17.07142 1.013489 36.60695 -17.07257 1.016599 36.60729 -17.07308 1.021922 36.60726 -17.07283 1.028031 36.60686 -17.07188 1.033289 36.6062 -17.07048 1.036288 36.64816 -17.08417 1.0136 36.64899 -17.08174 1.013504 36.64967 -17.08489 1.016698 36.65053 -17.08516 1.022013 36.65049 -17.08491 1.028122 36.64958 -17.08421 1.033387 36.64803 -17.08323 1.036398 36.64887 -17.0808 1.036303 36.65051 -17.08246 1.016602 36.65136 -17.08273 1.021918 36.65132 -17.08248 1.028026 36.65041 -17.08177 1.033292 36.59559 -16.94756 1.019606</float_array>
          <technique_common>
            <accessor source="#Handle_Front_008-mesh-positions-array" count="146" stride="3">
              <param name="X" type="float"/>
              <param name="Y" type="float"/>
              <param name="Z" type="float"/>
            </accessor>
          </technique_common>
        </source>
        <source id="Handle_Front_008-mesh-normals">
          <float_array id="Handle_Front_008-mesh-normals-array" count="438">0.9999751 0.004510462 0.005430459 0.617806 0.5357705 -0.5755571 0.6149746 0.7538183 -0.2314394 0.6126626 0.7705956 0.1755765 0.6114978 0.581629 0.5364496 0.6119858 0.2374141 0.7543925 0.613596 -0.1695224 0.7712084 0.6163809 -0.5302026 0.5822026 0.6191868 -0.7482557 0.238162 0.6214089 -0.76508 -0.1688299 0.622627 -0.5760395 -0.529636 0.6221702 -0.231944 -0.7477341 0.6204116 0.1749624 -0.7645114 -0.6902827 0.6892316 -0.2201581 -0.6924039 0.7046715 0.1549685 -0.6931149 0.2133011 0.6885451 -0.6890375 -0.494461 0.5298451 -0.6842991 -0.7108724 -0.1624668 -0.6832864 -0.5366637 -0.4950878 -0.6835882 -0.2195023 -0.6960789 -0.6877187 0.4882324 -0.5372822 -0.6852312 0.1556704 -0.711495 -0.7697222 0.4273915 -0.4741984 -0.7716593 0.6054086 -0.1949936 -0.7735884 0.6190447 0.1354424 -0.7744782 0.4657872 0.4280487 -0.6934491 0.5304519 0.4875953 -0.7744767 0.1870014 0.6043314 -0.6915299 -0.1618872 0.7039737 -0.7729836 -0.1424659 0.6182232 -0.7703378 -0.4347761 0.4664219 -0.7681099 -0.6128047 0.1856819 -0.6864688 -0.6953439 0.2127379 -0.7668075 -0.6255989 -0.14364 -0.7658462 -0.4732142 -0.435371 -0.7661412 -0.1939439 -0.6127099 -0.7673304 0.1354326 -0.6267871 6.43206e-4 0.6765006 -0.7364419 -0.6524699 0.5098968 -0.5606141 -0.002293109 0.9543622 -0.2986428 -0.005243241 0.9757694 0.2187386 -0.6550741 0.7198829 -0.2294485 -0.006781876 0.7356473 0.6773309 -0.6576285 0.7357127 0.162024 -0.00649935 0.2986338 0.9543457 -0.658277 0.2225825 0.7191165 -0.004501938 -0.2182222 0.9758888 -0.6562101 -0.1682514 0.7355813 -4.95877e-4 -0.6765779 0.7363709 -0.6508731 -0.7259464 0.222185 0.003138184 -0.9546297 0.2977789 0.005289018 -0.9757444 -0.2188493 -0.6475068 -0.5605295 -0.5162768 0.006749391 -0.7360308 -0.6769145 -0.6480766 -0.2288812 -0.7263678 0.006425976 -0.2985144 -0.9543836 -0.6498165 0.1629057 -0.7424286 0.004362225 0.2183706 -0.9758563 -0.7523168 -0.4502086 0.4809694 -0.7499874 -0.6327628 0.1926917 -0.7477147 -0.6472198 -0.1484225 -0.6589133 0.5537015 0.509164 -0.746491 -0.4890856 -0.4511613 -0.7470812 -0.2006054 -0.6337406 -0.7489845 0.141699 -0.6472586 -0.751178 0.4429415 -0.4894227 -0.6538461 -0.5162243 0.5531708 -0.753829 0.6255022 -0.2012189 -0.7549554 0.6406369 0.1400959 -0.6496155 -0.7411302 -0.1694868 -0.7568526 0.4805079 0.4430423 -0.7560041 0.1933925 0.6253456 -0.7546316 -0.1475679 0.6393394 0.06125032 -0.9525681 0.2980982 0.06414115 -0.9737786 -0.2182689 0.06555449 -0.7341316 -0.6758354 0.0650618 -0.2977066 -0.9524378 0.06286507 0.2187464 -0.9737546 0.05951923 0.6763778 -0.7341461 0.05590647 0.9530249 -0.2976878 0.05297476 0.9743385 0.2187653 0.0515691 0.7346079 0.6765292 0.05203974 0.2980632 0.9531266 0.05424475 -0.2182231 0.9743902 0.05762284 -0.6759683 0.7346744 9.63013e-4 0.6773675 -0.7356442 -0.002711892 0.9544298 -0.2984234 -0.002675592 0.9544043 -0.2985054 -0.005585551 0.9757488 0.2188223 -0.005572915 0.9757317 0.2188989 -0.006965279 0.7356055 0.6773744 -0.006997525 0.7355638 0.6774193 -0.006532073 0.2983279 0.9544412 -0.006533265 0.2983988 0.954419 0.07227551 -0.1008184 0.9922762 -0.004317879 -0.2188899 0.97574 0.7532173 -0.4366685 0.4919191 -9.49039e-4 -0.6773181 0.7356897 0.002676427 -0.9544525 0.2983509 0.7645797 -0.6131227 0.1987422 0.005583286 -0.9757184 -0.2189581 0.7664383 -0.6270686 -0.139131 0.006993591 -0.73557 -0.6774128 0.758458 -0.4754071 -0.4457913 0.08298587 -0.1826137 -0.9796763 0.006532251 -0.2983044 -0.9544485 0.004319846 0.2188827 -0.9757416 0.004338145 0.2188697 -0.9757445 9.56464e-4 0.6774027 -0.7356117 -0.6552304 0.7197081 -0.2295506 -0.6573005 0.7359644 0.1622112 -0.6585184 0.5539358 0.5094199 -0.658244 0.2227132 0.7191063 -0.7057166 0.006695032 0.7084627 -0.6974348 -0.05281841 -0.7146992 -0.6499999 0.162895 -0.7422704 -0.6523756 0.5100246 -0.5606079 0.4513784 0.2039346 -0.8687165 -0.6933202 -0.4297651 -0.5784541 -0.9995642 -0.01892989 -0.02265202 -0.7386738 -0.6702042 -0.07202404 -0.9997248 -0.02149635 -0.009397923 -0.7464382 -0.6654499 0.002536892 -0.999774 -0.02126467 1.20574e-4 -0.7463502 -0.664056 0.04462182 -0.7380683 -0.6638241 0.1208007 -0.9997649 -0.01753479 0.012766 -0.7036014 -0.3887766 0.5948092 0.4308499 0.2068418 0.878399 0.7583013 0.6487091 0.06446617 0.7654632 0.6434677 -0.003930628 0.7569678 0.6439695 -0.1109188 0.7650531 0.6426517 -0.04114121 0.2425845 -0.6623737 -0.7088116 0.4814233 -0.8381292 -0.2564591 0.5106335 -0.8587797 -0.04184502 0.5095485 -0.852356 0.117685 0.4792259 -0.8134216 0.3296785 0.2430415 -0.6070154 0.7566129 0.5674701 0.5566591 0.6067193 0.5650424 0.5052463 -0.6522678 0.8673909 0.4446775 -0.2233719 0.8860932 0.4617388 0.04045176 0.8864896 0.4577324 -0.0679515 0.8648393 0.4622744 0.1958454 -0.9999755 -0.00440824 -0.005434751</float_array>
          <technique_common>
            <accessor source="#Handle_Front_008-mesh-normals-array" count="146" stride="3">
              <param name="X" type="float"/>
              <param name="Y" type="float"/>
              <param name="Z" type="float"/>
            </accessor>
          </technique_common>
        </source>
        <vertices id="Handle_Front_008-mesh-vertices">
          <input semantic="POSITION" source="#Handle_Front_008-mesh-positions"/>
        </vertices>
        <triangles material="steel-material" count="264">
          <input semantic="VERTEX" source="#Handle_Front_008-mesh-vertices" offset="0"/>
          <input semantic="NORMAL" source="#Handle_Front_008-mesh-normals" offset="1"/>
          <p>24 0 0 1 1 2 24 0 1 2 2 3 24 0 2 3 3 4 24 0 3 4 4 5 24 0 4 5 5 6 24 0 5 6 6 7 24 0 6 7 7 8 24 0 7 8 8 9 24 0 8 9 9 10 24 0 9 10 10 11 24 0 10 11 11 12 11 12 0 1 24 0 0 1 13 13 1 2 13 13 2 3 1 2 14 14 3 4 2 3 3 4 16 15 4 5 16 15 5 6 4 5 5 6 18 16 6 7 18 16 7 8 6 7 7 8 20 17 8 9 8 9 21 18 9 10 21 18 10 11 9 10 22 19 11 12 10 11 12 20 11 12 23 21 13 13 25 22 26 23 13 13 27 24 14 14 14 14 28 25 15 26 16 15 28 25 29 27 17 28 29 27 30 29 18 16 30 29 31 30 18 16 32 31 19 32 19 32 33 33 20 17 20 17 34 34 21 18 21 18 35 35 22 19 22 19 36 36 23 21 12 20 36 36 25 22 49 37 26 23 25 22 37 38 50 39 49 37 26 23 51 40 27 24 38 41 51 40 50 39 27 24 52 42 28 25 39 43 52 42 51 40 28 25 53 44 29 27 52 42 41 45 53 44 29 27 54 46 30 29 41 45 54 46 53 44 54 46 31 30 30 29 42 47 55 48 54 46 55 48 32 31 31 30 55 48 44 49 56 50 32 31 57 51 33 33 44 49 57 51 56 50 57 51 34 34 33 33 57 51 46 52 58 53 58 53 35 35 34 34 58 53 47 54 59 55 59 55 36 36 35 35 59 55 48 56 60 57 36 36 49 37 25 22 48 56 49 37 60 57 38 41 61 58 62 59 38 41 63 60 39 43 40 61 63 60 64 62 40 61 65 63 41 45 41 45 66 64 42 47 42 47 67 65 43 66 44 49 67 65 68 67 44 49 69 68 45 69 46 52 69 68 70 70 47 54 70 70 71 71 48 56 71 71 72 72 37 38 72 72 61 58 61 58 73 73 62 59 63 60 73 73 75 74 63 60 76 75 64 62 65 63 76 75 77 76 65 63 78 77 66 64 66 64 79 78 67 65 68 67 79 78 80 79 68 67 81 80 69 68 70 70 81 80 82 81 70 70 83 82 71 71 71 71 84 83 72 72 61 58 84 83 74 84 85 85 98 86 86 87 87 88 98 86 99 89 87 88 100 90 88 91 89 92 100 90 101 93 89 92 102 94 90 95 90 95 103 96 91 97 92 98 103 96 104 99 93 100 104 99 105 101 94 102 105 101 106 103 94 102 107 104 95 105 95 105 108 106 96 107 85 85 108 106 97 108 97 108 110 109 98 86 99 89 110 109 111 110 99 89 112 111 100 90 101 93 112 111 113 112 101 93 114 113 102 94 108 106 119 114 120 115 108 106 109 116 97 108 119 114 127 117 121 118 118 119 121 118 122 120 117 121 122 120 123 122 116 123 123 122 124 124 116 123 125 125 115 126 115 126 126 127 114 113 114 113 132 128 102 94 106 103 127 117 107 104 105 101 128 129 106 103 104 99 129 130 105 101 104 99 131 131 130 132 103 96 132 128 131 131 127 117 133 133 121 118 122 120 133 133 135 134 123 122 135 134 136 135 123 122 137 136 124 124 124 124 138 137 125 125 125 125 139 138 126 127 132 128 139 138 140 139 128 129 134 140 127 117 129 130 141 141 128 129 129 130 143 142 142 143 130 132 144 144 143 142 131 131 140 139 144 144 144 144 139 138 138 137 143 142 138 137 137 136 142 143 137 136 136 135 135 134 142 143 136 135 133 133 141 141 135 134 110 109 109 116 145 145 111 110 110 109 145 145 112 111 111 110 145 145 113 112 112 111 145 145 114 113 113 112 145 145 115 126 114 113 145 145 116 123 115 126 145 145 117 121 116 123 145 145 118 119 117 121 145 145 119 114 118 119 145 145 120 115 119 114 145 145 109 116 120 115 145 145 0 1 12 20 13 13 13 13 14 14 2 3 14 14 15 26 3 4 3 4 15 26 16 15 16 15 17 28 5 6 5 6 17 28 18 16 18 16 19 32 7 8 7 8 19 32 20 17 8 9 20 17 21 18 21 18 22 19 10 11 22 19 23 21 11 12 12 20 0 1 11 12 13 13 12 20 25 22 13 13 26 23 27 24 14 14 27 24 28 25 16 15 15 26 28 25 17 28 16 15 29 27 18 16 17 28 30 29 18 16 31 30 32 31 19 32 32 31 33 33 20 17 33 33 34 34 21 18 34 34 35 35 22 19 35 35 36 36 12 20 23 21 36 36 49 37 50 39 26 23 37 38 38 41 50 39 26 23 50 39 51 40 38 41 39 43 51 40 27 24 51 40 52 42 39 43 40 61 52 42 28 25 52 42 53 44 52 42 40 61 41 45 29 27 53 44 54 46 41 45 42 47 54 46 54 46 55 48 31 30 42 47 43 66 55 48 55 48 56 50 32 31 55 48 43 66 44 49 32 31 56 50 57 51 44 49 45 69 57 51 57 51 58 53 34 34 57 51 45 69 46 52 58 53 59 55 35 35 58 53 46 52 47 54 59 55 60 57 36 36 59 55 47 54 48 56 36 36 60 57 49 37 48 56 37 38 49 37 38 41 37 38 61 58 38 41 62 59 63 60 40 61 39 43 63 60 40 61 64 62 65 63 41 45 65 63 66 64 42 47 66 64 67 65 44 49 43 66 67 65 44 49 68 67 69 68 46 52 45 69 69 68 47 54 46 52 70 70 48 56 47 54 71 71 37 38 48 56 72 72 61 58 74 84 73 73 63 60 62 59 73 73 63 60 75 74 76 75 65 63 64 62 76 75 65 63 77 76 78 77 66 64 78 77 79 78 68 67 67 65 79 78 68 67 80 79 81 80 70 70 69 68 81 80 70 70 82 81 83 82 71 71 83 82 84 83 61 58 72 72 84 83 85 85 97 108 98 86 87 88 86 87 98 86 87 88 99 89 100 90 89 92 88 91 100 90 89 92 101 93 102 94 90 95 102 94 103 96 92 98 91 97 103 96 93 100 92 98 104 99 94 102 93 100 105 101 94 102 106 103 107 104 95 105 107 104 108 106 85 85 96 107 108 106 97 108 109 116 110 109 99 89 98 86 110 109 99 89 111 110 112 111 101 93 100 90 112 111 101 93 113 112 114 113 108 106 107 104 119 114 108 106 120 115 109 116 119 114 107 104 127 117 118 119 119 114 121 118 117 121 118 119 122 120 116 123 117 121 123 122 116 123 124 124 125 125 115 126 125 125 126 127 114 113 126 127 132 128 106 103 128 129 127 117 105 101 129 130 128 129 104 99 130 132 129 130 104 99 103 96 131 131 103 96 102 94 132 128 127 117 134 140 133 133 122 120 121 118 133 133 123 122 122 120 135 134 123 122 136 135 137 136 124 124 137 136 138 137 125 125 138 137 139 138 132 128 126 127 139 138 128 129 141 141 134 140 129 130 142 143 141 141 129 130 130 132 143 142 130 132 131 131 144 144 131 131 132 128 140 139 144 144 140 139 139 138 143 142 144 144 138 137 142 143 143 142 137 136 135 134 141 141 142 143 133 133 134 140 141 141</p>
        </triangles>
      </mesh>
    </geometry>
    <geometry id="Handle_Back_008-mesh" name="Handle_Back.008">
      <mesh>
        <source id="Handle_Back_008-mesh-positions">
          <float_array id="Handle_Back_008-mesh-positions-array" count="438">36.75476 -16.91704 1.052816 36.75492 -16.90469 1.033319 36.75505 -16.90374 1.010258 36.75512 -16.91444 0.9898108 36.7551 -16.93394 0.9774572 36.755 -16.957 0.976507 36.75485 -16.97745 0.9872148 36.75469 -16.9898 1.006711 36.75456 -16.99075 1.029773 36.75449 -16.98004 1.05022 36.75452 -16.96055 1.062574 36.75461 -16.93749 1.063524 36.77157 -16.91821 1.051719 36.77173 -16.9063 1.032928 36.77185 -16.90539 1.010703 36.77191 -16.91571 0.9909965 36.7719 -16.9345 0.9790906 36.7718 -16.95672 0.9781748 36.77165 -16.97643 0.9884946 36.7715 -16.98834 1.007285 36.77137 -16.98925 1.029511 36.77131 -16.97893 1.049217 36.77133 -16.96014 1.061123 36.77143 -16.93791 1.062039 36.75481 -16.94725 1.020015 36.77159 -16.93277 1.035906 36.77167 -16.92682 1.026515 36.77173 -16.92636 1.015407 36.77177 -16.93152 1.005558 36.77175 -16.94091 0.9996072 36.77171 -16.95202 0.9991495 36.77164 -16.96187 1.004307 36.77156 -16.96782 1.013698 36.77149 -16.96828 1.024807 36.77146 -16.96312 1.034656 36.77148 -16.95373 1.040606 36.77152 -16.94262 1.041064 36.78348 -16.93282 1.035971 36.78356 -16.92687 1.02658 36.78363 -16.92642 1.015471 36.78366 -16.93157 1.005622 36.78364 -16.94097 0.9996718 36.78359 -16.95207 0.9992141 36.78353 -16.96192 1.004372 36.78345 -16.96787 1.013763 36.78339 -16.96833 1.024871 36.78335 -16.96317 1.03472 36.78336 -16.95378 1.040671 36.78341 -16.94267 1.041129 36.7726 -16.93278 1.035912 36.77268 -16.92683 1.02652 36.77275 -16.92637 1.015412 36.77278 -16.93152 1.005563 36.77276 -16.94092 0.9996127 36.77272 -16.95203 0.9991549 36.77265 -16.96187 1.004313 36.77257 -16.96783 1.013704 36.77251 -16.96828 1.024812 36.77248 -16.96312 1.034661 36.77249 -16.95373 1.040612 36.77253 -16.94262 1.041069 36.78349 -16.93507 1.033532 36.78355 -16.93004 1.02559 36.78361 -16.92965 1.016197 36.78363 -16.93401 1.007868 36.78362 -16.94195 1.002836 36.78358 -16.95135 1.002449 36.78352 -16.95968 1.006811 36.78345 -16.96471 1.014752 36.7834 -16.9651 1.024146 36.78338 -16.96073 1.032475 36.78339 -16.95279 1.037507 36.78343 -16.9434 1.037894 36.7616 -16.92871 1.025855 36.76152 -16.9341 1.03436 36.76165 -16.9283 1.015795 36.76168 -16.93297 1.006876 36.76167 -16.94147 1.001487 36.76163 -16.95153 1.001073 36.76156 -16.96045 1.005744 36.76149 -16.96584 1.014249 36.76144 -16.96625 1.024308 36.7614 -16.96158 1.033228 36.76142 -16.95308 1.038617 36.76146 -16.94302 1.039031 36.77629 -16.93518 1.033337 36.77636 -16.93021 1.025488 36.77641 -16.92983 1.016204 36.77644 -16.93414 1.007972 36.77643 -16.94198 1.002999 36.77639 -16.95127 1.002616 36.77633 -16.9595 1.006927 36.77626 -16.96447 1.014776 36.77621 -16.96486 1.024061 36.77619 -16.96055 1.032292 36.77619 -16.9527 1.037266 36.77623 -16.94341 1.037648 36.81144 -16.93534 1.033529 36.81151 -16.93037 1.025679 36.81156 -16.92998 1.016395 36.81158 -16.93429 1.008163 36.81158 -16.94214 1.00319 36.81154 -16.95143 1.002807 36.81148 -16.95966 1.007118 36.81141 -16.96463 1.014967 36.81136 -16.96502 1.024252 36.81134 -16.9607 1.032483 36.81134 -16.95285 1.037457 36.81138 -16.94357 1.037839 36.82435 -16.9354 1.033599 36.82442 -16.93042 1.02575 36.82447 -16.93004 1.016465 36.8245 -16.93435 1.008234 36.82449 -16.9422 1.00326 36.82445 -16.95149 1.002878 36.82439 -16.95972 1.007189 36.82432 -16.96469 1.015038 36.82427 -16.96507 1.024322 36.82425 -16.96076 1.032554 36.82426 -16.95291 1.037527 36.8243 -16.94363 1.03791 36.82135 -17.07297 1.026631 36.82073 -17.07411 1.023521 36.82039 -17.07463 1.018198 36.82042 -17.07438 1.012089 36.82082 -17.07343 1.006831 36.82147 -17.07203 1.003833 36.81364 -17.07142 1.026511 36.81301 -17.07257 1.023401 36.81267 -17.07308 1.018078 36.81271 -17.07283 1.011969 36.81311 -17.07188 1.006711 36.81377 -17.07048 1.003712 36.7718 -17.08417 1.0264 36.77097 -17.08174 1.026496 36.77029 -17.08489 1.023302 36.76944 -17.08516 1.017987 36.76947 -17.08491 1.011878 36.77038 -17.08421 1.006613 36.77193 -17.08323 1.003602 36.7711 -17.0808 1.003697 36.76946 -17.08246 1.023398 36.76861 -17.08273 1.018082 36.76864 -17.08248 1.011974 36.76955 -17.08177 1.006708 36.82437 -16.94756 1.020394</float_array>
          <technique_common>
            <accessor source="#Handle_Back_008-mesh-positions-array" count="146" stride="3">
              <param name="X" type="float"/>
              <param name="Y" type="float"/>
              <param name="Z" type="float"/>
            </accessor>
          </technique_common>
        </source>
        <source id="Handle_Back_008-mesh-normals">
          <float_array id="Handle_Back_008-mesh-normals-array" count="438">-0.999975 0.004533588 -0.005430459 -0.6177682 0.5358031 0.5755672 -0.6149485 0.7538368 0.2314493 -0.6126623 0.7705835 -0.1756303 -0.611495 0.5816376 -0.5364435 -0.6119692 0.2374631 -0.7543905 -0.6135978 -0.1694674 -0.7712189 -0.6163907 -0.5302093 -0.5821862 -0.6191686 -0.7482723 -0.2381572 -0.6214131 -0.7650657 0.16888 -0.6226058 -0.5760673 0.5296306 -0.6221693 -0.231962 0.7477293 -0.6204061 0.1750474 0.7644964 0.690259 0.6892501 0.2201747 0.6923753 0.7046967 -0.1549808 0.693449 0.5304504 -0.4875969 0.6931432 0.213284 -0.688522 0.6890257 -0.4944874 -0.5298357 0.6843053 -0.7108548 0.1625173 0.6832624 -0.5366856 0.4950971 0.6835778 -0.2195233 0.6960825 0.6876683 0.4882997 0.5372855 0.685238 0.1556874 0.7114847 0.769865 0.4277274 0.4736636 0.7716716 0.6054737 0.1947427 0.7735783 0.6190549 -0.1354539 0.7744613 0.4662877 -0.4275341 0.7743767 0.1868308 -0.6045122 0.6915227 -0.1618636 -0.7039862 0.7729529 -0.1423853 -0.6182801 0.7705701 -0.4348633 -0.4659568 0.7683143 -0.6122356 -0.1867107 0.68647 -0.6953413 -0.2127428 0.7668799 -0.6254952 0.1437051 0.7658922 -0.4729922 0.4355313 0.7661051 -0.1941048 0.6127043 0.7674776 0.1359994 0.626484 -6.53427e-4 0.6767873 0.7361785 0.6522231 0.5103837 0.5604584 0.002299189 0.954413 0.2984805 0.005216777 0.9757668 -0.2187511 0.6549313 0.7200365 0.2293743 0.006782531 0.7361214 -0.6768156 0.6576274 0.7357125 -0.1620286 0.00639081 0.2985054 -0.9543865 0.6582495 0.2227484 -0.7190902 0.00442928 -0.2182496 -0.975883 0.6561778 -0.1685929 -0.7355319 4.88461e-4 -0.6768294 -0.7361397 0.6508588 -0.7259722 -0.2221426 -0.003159701 -0.9543398 -0.2987064 -0.005286574 -0.975733 0.2189 0.6476172 -0.560391 0.5162887 -0.006688952 -0.7359259 0.6770291 0.6480562 -0.2290353 0.7263374 -0.006535708 -0.2985852 0.9543606 0.6498309 0.1627768 0.7424443 -0.00426501 0.2188985 0.9757384 0.7502223 -0.6324672 -0.192748 0.7478409 -0.6470694 0.1484428 0.6588818 0.5537553 -0.5091462 0.746484 -0.4891216 0.4511338 0.7471206 -0.2004336 0.6337485 0.7490327 0.1411705 0.6473182 0.7510687 0.4432223 0.4893364 0.6540406 -0.5159243 -0.5532206 0.7538294 0.6255092 0.2011954 0.7551642 0.6403759 -0.1401643 0.6493513 -0.7413778 0.1694165 0.756723 0.4807642 -0.4429855 0.7560564 0.193048 -0.6253889 0.7546027 -0.1478235 -0.6393147 0.7525402 -0.4496985 -0.4810972 -0.06124925 -0.9525556 -0.2981382 -0.06412404 -0.973792 0.2182137 -0.06554448 -0.7341753 0.6757888 -0.06505322 -0.297703 0.9524395 -0.06286799 0.2188121 0.9737396 -0.05952 0.6764104 0.7341161 -0.05590593 0.9530252 0.2976871 -0.05297386 0.9743357 -0.2187776 -0.05156481 0.7346081 -0.6765295 -0.05203253 0.2980433 -0.9531332 -0.05424147 -0.2182298 -0.9743889 -0.05763059 -0.6759149 -0.734723 -9.57746e-4 0.6773571 0.7356538 0.002712786 0.9544447 0.2983757 0.002676069 0.954394 0.2985384 0.005585432 0.9757515 -0.2188103 0.005571484 0.975735 -0.2188838 0.006963968 0.735616 -0.677363 0.007000267 0.7355778 -0.6774042 0.006533324 0.298328 -0.9544411 0.006531715 0.2983977 -0.9544193 -0.07227557 -0.1008448 -0.9922735 0.004315972 -0.2188709 -0.9757443 -0.7532168 -0.4366861 -0.4919041 9.47682e-4 -0.6773281 -0.7356806 -0.002676963 -0.9544627 -0.2983186 -0.7645832 -0.6131174 -0.1987449 -0.005583286 -0.9757263 0.2189228 -0.7664371 -0.6270668 0.1391451 -0.006995439 -0.73557 0.6774126 -0.7584557 -0.4753909 0.4458122 -0.08298897 -0.1826016 0.9796782 -0.006532013 -0.2982799 0.9544562 -0.004320025 0.2188951 0.9757388 -0.004329264 0.2188819 0.9757418 -9.57351e-4 0.6774547 0.735564 0.6552866 0.7196564 0.2295525 0.6573462 0.7359387 -0.1621429 0.6585233 0.5539811 -0.5093645 0.6582382 0.2227203 -0.7191094 0.7057185 0.006696939 -0.7084608 0.6974301 -0.05291956 0.7146962 0.6500041 0.1628885 0.7422682 0.6523736 0.5100476 0.5605893 -0.4513685 0.203891 0.8687319 0.6933233 -0.4297788 0.5784401 0.9995635 -0.0189684 0.02265191 0.7386753 -0.6702018 0.07203102 0.9997249 -0.02148884 0.009397864 0.7464466 -0.6654406 -0.002533912 0.9997719 -0.02135765 -1.20578e-4 0.7463514 -0.664055 -0.04461705 0.738069 -0.6638237 -0.120798 0.9997636 -0.01760357 -0.01276457 0.7035927 -0.3887771 -0.5948191 -0.4308614 0.2068693 -0.878387 -0.7583039 0.6487069 -0.06445819 -0.7654724 0.6434569 0.003931403 -0.7569565 0.6439831 0.1109181 -0.7650591 0.6426441 0.04114753 -0.2425774 -0.6623702 0.7088174 -0.4811753 -0.8382992 0.2563687 -0.5108574 -0.858645 0.04187452 -0.5097008 -0.8522617 -0.1177077 -0.479656 -0.8130609 -0.3299426 -0.2431201 -0.6068176 -0.7567464 -0.5674762 0.5566798 -0.6066948 -0.565027 0.5052509 0.6522776 -0.8676225 0.4441865 0.2234497 -0.885939 0.4620349 -0.04044693 -0.886439 0.4578309 0.06794762 -0.8645672 0.462798 -0.1958102 0.9999752 -0.004500746 0.005434751</float_array>
          <technique_common>
            <accessor source="#Handle_Back_008-mesh-normals-array" count="146" stride="3">
              <param name="X" type="float"/>
              <param name="Y" type="float"/>
              <param name="Z" type="float"/>
            </accessor>
          </technique_common>
        </source>
        <vertices id="Handle_Back_008-mesh-vertices">
          <input semantic="POSITION" source="#Handle_Back_008-mesh-positions"/>
        </vertices>
        <triangles material="steel-material" count="264">
          <input semantic="VERTEX" source="#Handle_Back_008-mesh-vertices" offset="0"/>
          <input semantic="NORMAL" source="#Handle_Back_008-mesh-normals" offset="1"/>
          <p>24 0 0 1 1 2 24 0 1 2 2 3 24 0 2 3 3 4 24 0 3 4 4 5 24 0 4 5 5 6 24 0 5 6 6 7 24 0 6 7 7 8 24 0 7 8 8 9 24 0 8 9 9 10 24 0 9 10 10 11 24 0 10 11 11 12 11 12 0 1 24 0 0 1 13 13 1 2 13 13 2 3 1 2 14 14 3 4 2 3 15 15 4 5 3 4 16 16 5 6 4 5 5 6 18 17 6 7 18 17 7 8 6 7 7 8 20 18 8 9 8 9 21 19 9 10 21 19 10 11 9 10 22 20 11 12 10 11 12 21 11 12 23 22 13 13 25 23 26 24 13 13 27 25 14 14 14 14 28 26 15 15 15 15 29 27 16 16 17 28 29 27 30 29 18 17 30 29 31 30 18 17 32 31 19 32 19 32 33 33 20 18 20 18 34 34 21 19 21 19 35 35 22 20 22 20 36 36 23 22 12 21 36 36 25 23 49 37 26 24 25 23 37 38 50 39 49 37 26 24 51 40 27 25 38 41 51 40 50 39 27 25 52 42 28 26 39 43 52 42 51 40 28 26 53 44 29 27 52 42 41 45 53 44 29 27 54 46 30 29 41 45 54 46 53 44 54 46 31 30 30 29 42 47 55 48 54 46 55 48 32 31 31 30 55 48 44 49 56 50 32 31 57 51 33 33 44 49 57 51 56 50 57 51 34 34 33 33 57 51 46 52 58 53 58 53 35 35 34 34 58 53 47 54 59 55 59 55 36 36 35 35 59 55 48 56 60 57 36 36 49 37 25 23 48 56 49 37 60 57 37 38 62 58 38 41 38 41 63 59 39 43 40 60 63 59 64 61 40 60 65 62 41 45 41 45 66 63 42 47 42 47 67 64 43 65 44 49 67 64 68 66 44 49 69 67 45 68 46 52 69 67 70 69 47 54 70 69 71 70 48 56 71 70 72 71 48 56 61 72 37 38 61 72 73 73 62 58 63 59 73 73 75 74 63 59 76 75 64 61 65 62 76 75 77 76 65 62 78 77 66 63 66 63 79 78 67 64 68 66 79 78 80 79 68 66 81 80 69 67 70 69 81 80 82 81 70 69 83 82 71 70 71 70 84 83 72 71 61 72 84 83 74 84 85 85 98 86 86 87 87 88 98 86 99 89 87 88 100 90 88 91 89 92 100 90 101 93 89 92 102 94 90 95 90 95 103 96 91 97 92 98 103 96 104 99 93 100 104 99 105 101 94 102 105 101 106 103 94 102 107 104 95 105 95 105 108 106 96 107 85 85 108 106 97 108 97 108 110 109 98 86 99 89 110 109 111 110 99 89 112 111 100 90 101 93 112 111 113 112 101 93 114 113 102 94 108 106 119 114 120 115 108 106 109 116 97 108 119 114 127 117 121 118 118 119 121 118 122 120 117 121 122 120 123 122 116 123 123 122 124 124 116 123 125 125 115 126 115 126 126 127 114 113 114 113 132 128 102 94 106 103 127 117 107 104 105 101 128 129 106 103 104 99 129 130 105 101 104 99 131 131 130 132 103 96 132 128 131 131 127 117 133 133 121 118 122 120 133 133 135 134 123 122 135 134 136 135 123 122 137 136 124 124 124 124 138 137 125 125 125 125 139 138 126 127 132 128 139 138 140 139 128 129 134 140 127 117 129 130 141 141 128 129 129 130 143 142 142 143 130 132 144 144 143 142 131 131 140 139 144 144 144 144 139 138 138 137 143 142 138 137 137 136 142 143 137 136 136 135 135 134 142 143 136 135 133 133 141 141 135 134 110 109 109 116 145 145 111 110 110 109 145 145 112 111 111 110 145 145 113 112 112 111 145 145 114 113 113 112 145 145 115 126 114 113 145 145 116 123 115 126 145 145 117 121 116 123 145 145 118 119 117 121 145 145 119 114 118 119 145 145 120 115 119 114 145 145 109 116 120 115 145 145 0 1 12 21 13 13 13 13 14 14 2 3 14 14 15 15 3 4 15 15 16 16 4 5 16 16 17 28 5 6 5 6 17 28 18 17 18 17 19 32 7 8 7 8 19 32 20 18 8 9 20 18 21 19 21 19 22 20 10 11 22 20 23 22 11 12 12 21 0 1 11 12 13 13 12 21 25 23 13 13 26 24 27 25 14 14 27 25 28 26 15 15 28 26 29 27 17 28 16 16 29 27 18 17 17 28 30 29 18 17 31 30 32 31 19 32 32 31 33 33 20 18 33 33 34 34 21 19 34 34 35 35 22 20 35 35 36 36 12 21 23 22 36 36 49 37 50 39 26 24 37 38 38 41 50 39 26 24 50 39 51 40 38 41 39 43 51 40 27 25 51 40 52 42 39 43 40 60 52 42 28 26 52 42 53 44 52 42 40 60 41 45 29 27 53 44 54 46 41 45 42 47 54 46 54 46 55 48 31 30 42 47 43 65 55 48 55 48 56 50 32 31 55 48 43 65 44 49 32 31 56 50 57 51 44 49 45 68 57 51 57 51 58 53 34 34 57 51 45 68 46 52 58 53 59 55 35 35 58 53 46 52 47 54 59 55 60 57 36 36 59 55 47 54 48 56 36 36 60 57 49 37 48 56 37 38 49 37 37 38 61 72 62 58 38 41 62 58 63 59 40 60 39 43 63 59 40 60 64 61 65 62 41 45 65 62 66 63 42 47 66 63 67 64 44 49 43 65 67 64 44 49 68 66 69 67 46 52 45 68 69 67 47 54 46 52 70 69 48 56 47 54 71 70 48 56 72 71 61 72 61 72 74 84 73 73 63 59 62 58 73 73 63 59 75 74 76 75 65 62 64 61 76 75 65 62 77 76 78 77 66 63 78 77 79 78 68 66 67 64 79 78 68 66 80 79 81 80 70 69 69 67 81 80 70 69 82 81 83 82 71 70 83 82 84 83 61 72 72 71 84 83 85 85 97 108 98 86 87 88 86 87 98 86 87 88 99 89 100 90 89 92 88 91 100 90 89 92 101 93 102 94 90 95 102 94 103 96 92 98 91 97 103 96 93 100 92 98 104 99 94 102 93 100 105 101 94 102 106 103 107 104 95 105 107 104 108 106 85 85 96 107 108 106 97 108 109 116 110 109 99 89 98 86 110 109 99 89 111 110 112 111 101 93 100 90 112 111 101 93 113 112 114 113 108 106 107 104 119 114 108 106 120 115 109 116 119 114 107 104 127 117 118 119 119 114 121 118 117 121 118 119 122 120 116 123 117 121 123 122 116 123 124 124 125 125 115 126 125 125 126 127 114 113 126 127 132 128 106 103 128 129 127 117 105 101 129 130 128 129 104 99 130 132 129 130 104 99 103 96 131 131 103 96 102 94 132 128 127 117 134 140 133 133 122 120 121 118 133 133 123 122 122 120 135 134 123 122 136 135 137 136 124 124 137 136 138 137 125 125 138 137 139 138 132 128 126 127 139 138 128 129 141 141 134 140 129 130 142 143 141 141 129 130 130 132 143 142 130 132 131 131 144 144 131 131 132 128 140 139 144 144 140 139 139 138 143 142 144 144 138 137 142 143 143 142 137 136 135 134 141 141 142 143 133 133 134 140 141 141</p>
        </triangles>
      </mesh>
    </geometry>
    <geometry id="Door_008-mesh" name="Door.008">
      <mesh>
        <source id="Door_008-mesh-positions">
          <float_array id="Door_008-mesh-positions-array" count="24">36.75698 -17.89123 0.003999948 36.66298 -17.89123 0.003999948 36.66298 -16.87523 0.003999948 36.75698 -16.87523 0.003999948 36.75698 -17.89123 1.984 36.66298 -17.89123 1.984 36.66298 -16.87523 1.984 36.75698 -16.87523 1.984</float_array>
          <technique_common>
            <accessor source="#Door_008-mesh-positions-array" count="8" stride="3">
              <param name="X" type="float"/>
              <param name="Y" type="float"/>
              <param name="Z" type="float"/>
            </accessor>
          </technique_common>
        </source>
        <source id="Door_008-mesh-normals">
          <float_array id="Door_008-mesh-normals-array" count="36">0 -1 0 -1 0 0 0 1 0 1 0 0 0 0 -1 0 0 1 0 -1 0 -1 0 0 0 1 0 1 0 0 0 0 -1 0 0 1</float_array>
          <technique_common>
            <accessor source="#Door_008-mesh-normals-array" count="12" stride="3">
              <param name="X" type="float"/>
              <param name="Y" type="float"/>
              <param name="Z" type="float"/>
            </accessor>
          </technique_common>
        </source>
        <vertices id="Door_008-mesh-vertices">
          <input semantic="POSITION" source="#Door_008-mesh-positions"/>
        </vertices>
        <triangles material="fine_grained_wood-material" count="12">
          <input semantic="VERTEX" source="#Door_008-mesh-vertices" offset="0"/>
          <input semantic="NORMAL" source="#Door_008-mesh-normals" offset="1"/>
          <p>5 0 0 0 4 0 6 1 1 1 5 1 7 2 2 2 6 2 4 3 3 3 7 3 1 4 3 4 0 4 6 5 4 5 7 5 5 6 1 6 0 6 6 7 2 7 1 7 7 8 3 8 2 8 4 9 0 9 3 9 1 10 2 10 3 10 6 11 5 11 4 11</p>
        </triangles>
      </mesh>
    </geometry>
    <geometry id="DoorFrane_007-mesh" name="DoorFrane.007">
      <mesh>
        <source id="DoorFrane_007-mesh-positions">
          <float_array id="DoorFrane_007-mesh-positions-array" count="96">36.76255 -17.94323 0 36.56255 -17.94323 0 36.56255 -17.89323 0 36.76255 -17.94323 2.04 36.56255 -17.94323 2.04 36.56255 -16.82323 2.04 36.76255 -16.82323 2.04 36.76255 -16.87323 1.99 36.56255 -17.89323 1.99 36.76255 -16.87323 0 36.76255 -16.82323 0 36.56255 -16.82323 0 36.66255 -16.87323 1.99 36.66255 -17.89323 1.99 36.66255 -17.89323 0 36.66255 -17.87323 1.99 36.66255 -17.87323 0 36.56255 -17.87323 1.99 36.56255 -17.87323 0 36.66255 -16.87323 0 36.76255 -17.89323 1.99 36.76255 -17.89323 0 36.56255 -16.87323 1.99 36.56255 -16.87323 0 36.56255 -16.89323 0 36.66255 -16.89323 0 36.56255 -16.89323 1.99 36.66255 -16.89323 1.97 36.66255 -16.89323 1.99 36.56255 -17.87323 1.97 36.66255 -17.87323 1.97 36.56255 -16.89323 1.97</float_array>
          <technique_common>
            <accessor source="#DoorFrane_007-mesh-positions-array" count="32" stride="3">
              <param name="X" type="float"/>
              <param name="Y" type="float"/>
              <param name="Z" type="float"/>
            </accessor>
          </technique_common>
        </source>
        <source id="DoorFrane_007-mesh-normals">
          <float_array id="DoorFrane_007-mesh-normals-array" count="141">0 -1 0 0 -1 0 0 0 1 0 1 0 0 1 0 0 1 0 -1 0 0 0 0 -1 1 0 0 1 0 0 1 0 0 -1 0 0 0 0 -1 1 0 0 -1 0 0 0 0 -1 -1 0 0 1 0 0 0 -1 0 0 0 -1 -1 0 0 -1 0 0 1 0 0 0 0 1 0 -1 0 0 -1 0 0 0 1 0 1 0 0 1 0 0 1 0 -1 0 0 0 0 -1 1 0 0 1 0 0 1 0 0 -1 0 0 0 0 -1 1 0 0 -1 0 0 0 0 -1 -1 0 0 1 0 0 0 -1 0 0 0 -1 -1 0 0 -1 0 0 1 0 0</float_array>
          <technique_common>
            <accessor source="#DoorFrane_007-mesh-normals-array" count="47" stride="3">
              <param name="X" type="float"/>
              <param name="Y" type="float"/>
              <param name="Z" type="float"/>
            </accessor>
          </technique_common>
        </source>
        <vertices id="DoorFrane_007-mesh-vertices">
          <input semantic="POSITION" source="#DoorFrane_007-mesh-positions"/>
        </vertices>
        <triangles material="Plastic-material" count="47">
          <input semantic="VERTEX" source="#DoorFrane_007-mesh-vertices" offset="0"/>
          <input semantic="NORMAL" source="#DoorFrane_007-mesh-normals" offset="1"/>
          <p>4 0 0 0 3 0 12 1 9 1 7 1 3 2 5 2 4 2 11 3 6 3 10 3 20 4 14 4 13 4 15 5 18 5 17 5 11 6 22 6 5 6 13 7 7 7 20 7 20 8 0 8 21 8 10 9 7 9 9 9 14 10 15 10 13 10 8 11 1 11 4 11 31 12 30 12 29 12 6 13 20 13 7 13 4 14 22 14 8 14 2 15 16 15 14 15 18 16 8 16 17 16 25 17 12 17 28 17 26 18 25 18 28 18 24 19 19 19 25 19 23 20 26 20 22 20 17 21 31 21 29 21 30 22 28 22 15 22 8 23 22 23 26 23 4 24 1 24 0 24 12 25 19 25 9 25 3 26 6 26 5 26 11 27 5 27 6 27 20 28 21 28 14 28 15 29 16 29 18 29 11 30 23 30 22 30 13 31 12 31 7 31 20 32 3 32 0 32 10 33 6 33 7 33 14 34 16 34 15 34 8 35 2 35 1 35 31 36 27 36 30 36 6 37 3 37 20 37 4 38 5 38 22 38 2 39 18 39 16 39 18 40 2 40 8 40 25 41 19 41 12 41 26 42 24 42 25 42 24 43 23 43 19 43 23 44 24 44 26 44 17 45 26 45 31 45 30 46 27 46 28 46</p>
        </triangles>
      </mesh>
    </geometry>
    <geometry id="Handle_Front_007-mesh" name="Handle_Front.007">
      <mesh>
        <source id="Handle_Front_007-mesh-positions">
          <float_array id="Handle_Front_007-mesh-positions-array" count="438">33.22314 -18.77111 0.987147 33.2355 -18.77095 1.006644 33.23645 -18.77082 1.029705 33.22574 -18.77076 1.050152 33.20624 -18.77078 1.062506 33.18318 -18.77088 1.063456 33.16273 -18.77103 1.052748 33.15038 -18.77119 1.033251 33.14943 -18.77132 1.01019 33.16014 -18.77138 0.9897429 33.17963 -18.77136 0.9773892 33.2027 -18.77126 0.9764391 33.22197 -18.75431 0.9882439 33.23388 -18.75415 1.007034 33.23479 -18.75402 1.02926 33.22447 -18.75396 1.048966 33.20568 -18.75398 1.060872 33.18346 -18.75408 1.061788 33.16375 -18.75422 1.051468 33.15185 -18.75438 1.032678 33.15093 -18.7545 1.010452 33.16125 -18.75457 0.9907459 33.18004 -18.75454 0.9788399 33.20227 -18.75445 0.977924 33.19294 -18.77107 1.019947 33.20741 -18.75428 1.004057 33.21336 -18.7542 1.013448 33.21382 -18.75414 1.024556 33.20866 -18.75411 1.034405 33.19927 -18.75412 1.040356 33.18816 -18.75417 1.040813 33.17831 -18.75424 1.035655 33.17236 -18.75432 1.026264 33.1719 -18.75438 1.015156 33.17706 -18.75441 1.005307 33.18645 -18.7544 0.9993564 33.19756 -18.75435 0.9988988 33.20736 -18.74239 1.003992 33.21331 -18.74232 1.013383 33.21377 -18.74225 1.024491 33.20861 -18.74222 1.03434 33.19922 -18.74223 1.040291 33.18811 -18.74228 1.040749 33.17826 -18.74235 1.035591 33.17231 -18.74243 1.0262 33.17185 -18.74249 1.015091 33.17701 -18.74252 1.005242 33.1864 -18.74251 0.9992918 33.19751 -18.74246 0.998834 33.20741 -18.75327 1.004051 33.21336 -18.75319 1.013442 33.21381 -18.75313 1.024551 33.20866 -18.7531 1.0344 33.19926 -18.75311 1.04035 33.18815 -18.75316 1.040808 33.17831 -18.75323 1.03565 33.17236 -18.75331 1.026259 33.1719 -18.75337 1.01515 33.17706 -18.7534 1.005301 33.18645 -18.75339 0.9993509 33.19756 -18.75334 0.9988933 33.20511 -18.74239 1.006431 33.21014 -18.74232 1.014372 33.21053 -18.74227 1.023766 33.20617 -18.74225 1.032095 33.19823 -18.74225 1.037127 33.18883 -18.7423 1.037514 33.18051 -18.74236 1.033152 33.17547 -18.74242 1.02521 33.17509 -18.74247 1.015817 33.17945 -18.7425 1.007488 33.18739 -18.74249 1.002456 33.19678 -18.74245 1.002069 33.21147 -18.76428 1.014107 33.20608 -18.76435 1.005603 33.21189 -18.76423 1.024167 33.20721 -18.7642 1.033087 33.19871 -18.76421 1.038475 33.18865 -18.76425 1.03889 33.17973 -18.76432 1.034219 33.17434 -18.76439 1.025714 33.17393 -18.76444 1.015654 33.1786 -18.76447 1.006735 33.1871 -18.76446 1.001346 33.19717 -18.76442 1.000932 33.205 -18.74958 1.006625 33.20998 -18.74952 1.014474 33.21036 -18.74946 1.023759 33.20605 -18.74944 1.031991 33.1982 -18.74945 1.036964 33.18891 -18.74949 1.037346 33.18068 -18.74955 1.033036 33.17571 -18.74961 1.025186 33.17533 -18.74967 1.015902 33.17964 -18.74969 1.00767 33.18748 -18.74968 1.002697 33.19677 -18.74964 1.002314 33.20484 -18.71443 1.006434 33.20981 -18.71437 1.014283 33.2102 -18.71432 1.023568 33.20589 -18.71429 1.031799 33.19804 -18.7143 1.036773 33.18875 -18.71434 1.037155 33.18052 -18.7144 1.032845 33.17555 -18.71446 1.024995 33.17517 -18.71452 1.015711 33.17948 -18.71454 1.007479 33.18733 -18.71453 1.002506 33.19661 -18.7145 1.002123 33.20478 -18.70152 1.006364 33.20976 -18.70145 1.014213 33.21014 -18.7014 1.023497 33.20583 -18.70138 1.031729 33.19798 -18.70139 1.036702 33.1887 -18.70143 1.037085 33.18046 -18.70149 1.032774 33.17549 -18.70155 1.024925 33.17511 -18.7016 1.015641 33.17942 -18.70163 1.007409 33.18727 -18.70162 1.002436 33.19655 -18.70158 1.002053 33.06721 -18.70453 1.013332 33.06607 -18.70515 1.016442 33.06555 -18.70549 1.021765 33.0658 -18.70545 1.027874 33.06676 -18.70506 1.033132 33.06815 -18.7044 1.03613 33.06876 -18.71224 1.013452 33.06762 -18.71286 1.016562 33.0671 -18.7132 1.021885 33.06735 -18.71317 1.027994 33.0683 -18.71277 1.033252 33.0697 -18.71211 1.03625 33.05601 -18.75407 1.013563 33.05844 -18.75491 1.013467 33.05529 -18.75558 1.01666 33.05502 -18.75644 1.021976 33.05527 -18.7564 1.028085 33.05598 -18.75549 1.03335 33.05695 -18.75395 1.036361 33.05938 -18.75478 1.036266 33.05773 -18.75642 1.016565 33.05746 -18.75727 1.02188 33.05771 -18.75724 1.027989 33.05841 -18.75632 1.033255 33.19263 -18.7015 1.019569</float_array>
          <technique_common>
            <accessor source="#Handle_Front_007-mesh-positions-array" count="146" stride="3">
              <param name="X" type="float"/>
              <param name="Y" type="float"/>
              <param name="Z" type="float"/>
            </accessor>
          </technique_common>
        </source>
        <source id="Handle_Front_007-mesh-normals">
          <float_array id="Handle_Front_007-mesh-normals-array" count="438">0.004499375 -0.9999751 0.005452513 0.5358523 -0.617736 -0.5755559 0.7538381 -0.6149513 -0.231437 0.7705717 -0.6126971 0.1755606 0.5816068 -0.6115387 0.5364272 0.2375674 -0.6119576 0.7543672 -0.1694774 -0.6136267 0.7711938 -0.5303357 -0.616218 0.5822538 -0.748369 -0.6190662 0.2381195 -0.7651197 -0.6213361 -0.1689183 -0.5760735 -0.6225884 -0.5296441 -0.2320211 -0.6221963 -0.7476884 0.1750121 -0.6204481 -0.7644705 0.4882791 0.6876433 -0.5373363 0.6892562 0.6902514 -0.2201796 0.5305114 0.6933651 0.4876502 0.2133412 0.6930617 0.6885864 -0.1618523 0.691502 0.7040091 -0.4943754 0.6890931 0.5298526 -0.6953807 0.6864633 0.2126357 -0.7108085 0.6843529 -0.1625187 -0.5367075 0.6832394 -0.4951051 -0.2195069 0.6836624 -0.6960047 0.1556414 0.6852257 -0.7115066 0.4291435 0.7694462 -0.4730629 0.6052923 0.7717308 -0.1950713 0.6165645 0.7756611 0.1349014 0.7047356 0.6923393 0.1549649 0.4649078 0.7755522 0.4270591 0.1873449 0.7746495 0.6040033 -0.1429221 0.7725753 0.6186282 -0.4357241 0.7711382 0.4642097 -0.6115636 0.7688574 0.1866775 -0.624537 0.7677018 -0.1434839 -0.4732381 0.7651703 -0.436532 -0.1937004 0.7663394 -0.6125391 0.1358504 0.7673708 -0.6266474 0.6777775 -0.001414299 -0.7352658 0.7199926 0.6549623 -0.2294237 0.9543568 0.002470672 -0.2986589 0.9756696 0.008991062 0.2190622 0.5540418 0.6585456 0.5092697 0.7354341 0.008305251 0.6775455 0.2230577 0.6581752 0.7190624 0.2983348 0.006819307 0.954437 -0.1686314 0.6566267 0.7351224 -0.2191748 0.003723859 0.9756786 -0.5157359 0.6541007 0.5533252 -0.6777305 0.001374661 0.7353092 -0.9542571 -0.002523064 0.2989764 -0.725687 0.6510902 0.222396 -0.9757481 -0.003839015 -0.218863 -0.5600528 0.647961 -0.5162243 -0.7356415 -0.008443653 -0.6773185 -0.22881 0.6482818 -0.7262071 -0.2982584 -0.00575602 -0.9544679 0.1626774 0.6498539 -0.742446 0.2187382 -0.004353582 -0.9757739 0.5099792 0.6525241 -0.5604761 -0.6327105 0.7499809 0.1928887 -0.6469026 0.7479582 -0.1485791 0.7359076 0.6573999 0.1620659 -0.488421 0.7470129 -0.4510173 -0.2000638 0.7471952 -0.6337774 0.1409121 0.7485741 -0.6479048 0.4434621 0.7508419 -0.489467 0.6259841 0.7535058 -0.2009304 -0.7415533 0.6491806 -0.1693024 0.6404763 0.7550966 0.1400693 0.4818081 0.7561014 0.4429126 0.1934585 0.7559082 0.6254413 -0.147852 0.7546276 0.6392786 -0.4503616 0.7520574 0.4812321 -0.9525505 -0.06115102 0.2981746 -0.9738176 -0.06393766 -0.2181546 -0.7340373 -0.06560271 -0.6759331 -0.2976083 -0.06513839 -0.9524634 0.218773 -0.06281405 -0.9737519 0.676475 -0.05946648 -0.734061 0.9530357 -0.0558564 -0.2976627 0.9743304 -0.05306822 0.2187786 0.7345663 -0.05165928 0.6765676 0.298099 -0.05199772 0.9531177 -0.2182464 -0.05417948 0.9743887 -0.6760641 -0.05759948 0.7345881 0.6773855 -9.11778e-4 -0.7356278 0.9544289 0.002654969 -0.298427 0.9544612 0.002739727 -0.2983227 0.9757468 0.0055871 0.2188308 0.9757871 0.005578696 0.2186512 0.7355855 0.007055163 0.6773952 0.7355741 0.006990015 0.6774082 0.2982929 0.006537318 0.954452 0.2983224 0.006540715 0.9544428 -0.1008334 -0.0722872 0.9922738 -0.2189671 0.004307568 0.9757227 -0.6774369 8.97146e-4 0.7355804 -0.4366229 -0.7531858 0.4920078 -0.6130365 -0.7646675 0.1986708 -0.9544494 -0.002739489 0.2983607 -0.9757481 -0.005646228 -0.2188235 -0.6270496 -0.7665134 -0.1388025 -0.475406 -0.7584195 -0.4458578 -0.7356757 -0.007133424 -0.6772965 -0.2983946 -0.006610572 -0.9544197 -0.182612 -0.08292412 -0.9796819 0.2188784 -0.00434184 -0.9757425 0.21882 -0.004313111 -0.9757557 0.6774939 -9.71816e-4 -0.7355278 0.7197549 0.6552165 -0.2294433 0.7358037 0.6574826 0.1622027 0.5539073 0.6586205 0.509319 0.223006 0.6580903 0.7191562 0.006678581 0.7056903 0.7084891 -0.05273413 0.6974788 -0.7146625 0.1627777 0.6499346 -0.7423534 0.5099109 0.6525187 -0.5605446 0.2039198 -0.4508329 -0.8690031 -0.4301515 0.6931851 -0.5783288 -0.01894825 0.9995653 -0.02259093 -0.670164 0.738749 -0.07162606 -0.02169001 0.999719 -0.00957036 -0.6654194 0.7464656 0.002521395 -0.02128446 0.9997735 -1.86341e-4 -0.6641104 0.7463083 0.04451358 -0.6638297 0.7382517 0.1196436 -0.01745373 0.9997616 0.01311904 -0.3894526 0.7036761 0.5942783 0.2068992 -0.4308815 0.8783701 0.6487419 -0.7583886 0.06309378 0.6435451 -0.765397 -0.004147589 0.643899 -0.7570092 -0.1110458 0.64261 -0.765089 -0.04112637 -0.6623198 -0.2423968 -0.7089261 -0.8377771 -0.4820716 -0.2563917 -0.8590092 -0.5102645 -0.04163676 -0.8525176 -0.5092765 0.1176908 -0.813341 -0.4792662 0.3298185 -0.6062845 -0.2435321 0.7570411 0.5568042 -0.566822 0.6071918 0.5039417 -0.5657343 -0.6526772 0.4448105 -0.8675268 -0.2225775 0.4620709 -0.885928 0.04027801 0.4575443 -0.8866146 -0.06758642 0.463082 -0.8644139 0.1958155 -0.004498898 0.9999753 -0.005417823</float_array>
          <technique_common>
            <accessor source="#Handle_Front_007-mesh-normals-array" count="146" stride="3">
              <param name="X" type="float"/>
              <param name="Y" type="float"/>
              <param name="Z" type="float"/>
            </accessor>
          </technique_common>
        </source>
        <vertices id="Handle_Front_007-mesh-vertices">
          <input semantic="POSITION" source="#Handle_Front_007-mesh-positions"/>
        </vertices>
        <triangles material="steel-material" count="264">
          <input semantic="VERTEX" source="#Handle_Front_007-mesh-vertices" offset="0"/>
          <input semantic="NORMAL" source="#Handle_Front_007-mesh-normals" offset="1"/>
          <p>24 0 0 1 1 2 24 0 1 2 2 3 24 0 2 3 3 4 24 0 3 4 4 5 24 0 4 5 5 6 24 0 5 6 6 7 24 0 6 7 7 8 24 0 7 8 8 9 24 0 8 9 9 10 24 0 9 10 10 11 24 0 10 11 11 12 11 12 0 1 24 0 12 13 1 2 0 1 13 14 2 3 1 2 2 3 15 15 3 4 3 4 16 16 4 5 4 5 17 17 5 6 5 6 18 18 6 7 6 7 19 19 7 8 7 8 20 20 8 9 20 20 9 10 8 9 21 21 10 11 9 10 22 22 11 12 10 11 12 13 11 12 23 23 13 14 25 24 26 25 13 14 27 26 14 27 14 27 28 28 15 15 15 15 29 29 16 16 16 16 30 30 17 17 17 17 31 31 18 18 19 19 31 31 32 32 19 19 33 33 20 20 20 20 34 34 21 21 21 21 35 35 22 22 23 23 35 35 36 36 12 13 36 36 25 24 49 37 26 25 25 24 49 37 38 38 50 39 50 39 27 26 26 25 38 38 51 40 50 39 51 40 28 28 27 26 51 40 40 41 52 42 52 42 29 29 28 28 52 42 41 43 53 44 53 44 30 30 29 29 53 44 42 45 54 46 54 46 31 31 30 30 54 46 43 47 55 48 31 31 56 49 32 32 55 48 44 50 56 49 32 32 57 51 33 33 44 50 57 51 56 49 57 51 34 34 33 33 57 51 46 52 58 53 58 53 35 35 34 34 58 53 47 54 59 55 59 55 36 36 35 35 59 55 48 56 60 57 60 57 25 24 36 36 60 57 37 58 49 37 37 58 62 59 38 38 38 38 63 60 39 61 40 41 63 60 64 62 41 43 64 62 65 63 42 45 65 63 66 64 43 47 66 64 67 65 43 47 68 66 44 50 45 67 68 66 69 68 45 67 70 69 46 52 46 52 71 70 47 54 47 54 72 71 48 56 48 56 61 72 37 58 61 72 73 73 62 59 63 60 73 73 75 74 64 62 75 74 76 75 64 62 77 76 65 63 66 64 77 76 78 77 66 64 79 78 67 65 67 65 80 79 68 66 69 68 80 79 81 80 69 68 82 81 70 69 71 70 82 81 83 82 72 71 83 82 84 83 61 72 84 83 74 84 85 85 98 86 86 87 87 88 98 86 99 89 87 88 100 90 88 91 89 92 100 90 101 93 89 92 102 94 90 95 91 96 102 94 103 97 91 96 104 98 92 99 93 100 104 98 105 101 93 100 106 102 94 103 95 104 106 102 107 105 95 104 108 106 96 107 85 85 108 106 97 108 97 108 110 109 98 86 99 89 110 109 111 110 100 90 111 110 112 111 101 93 112 111 113 112 101 93 114 113 102 94 108 106 119 114 120 115 108 106 109 116 97 108 119 114 127 117 121 118 118 119 121 118 122 120 117 121 122 120 123 122 116 123 123 122 124 124 116 123 125 125 115 126 115 126 126 127 114 113 114 113 132 128 102 94 106 102 127 117 107 105 105 101 128 129 106 102 104 98 129 130 105 101 104 98 131 131 130 132 103 97 132 128 131 131 127 117 133 133 121 118 122 120 133 133 135 134 123 122 135 134 136 135 123 122 137 136 124 124 124 124 138 137 125 125 125 125 139 138 126 127 132 128 139 138 140 139 128 129 134 140 127 117 129 130 141 141 128 129 129 130 143 142 142 143 130 132 144 144 143 142 131 131 140 139 144 144 144 144 139 138 138 137 143 142 138 137 137 136 142 143 137 136 136 135 135 134 142 143 136 135 133 133 141 141 135 134 110 109 109 116 145 145 111 110 110 109 145 145 112 111 111 110 145 145 113 112 112 111 145 145 114 113 113 112 145 145 115 126 114 113 145 145 116 123 115 126 145 145 117 121 116 123 145 145 118 119 117 121 145 145 119 114 118 119 145 145 120 115 119 114 145 145 109 116 120 115 145 145 12 13 13 14 1 2 13 14 14 27 2 3 2 3 14 27 15 15 3 4 15 15 16 16 4 5 16 16 17 17 5 6 17 17 18 18 6 7 18 18 19 19 7 8 19 19 20 20 20 20 21 21 9 10 21 21 22 22 10 11 22 22 23 23 11 12 12 13 0 1 11 12 13 14 12 13 25 24 13 14 26 25 27 26 14 27 27 26 28 28 15 15 28 28 29 29 16 16 29 29 30 30 17 17 30 30 31 31 19 19 18 18 31 31 19 19 32 32 33 33 20 20 33 33 34 34 21 21 34 34 35 35 23 23 22 22 35 35 12 13 23 23 36 36 49 37 50 39 26 25 49 37 37 58 38 38 50 39 51 40 27 26 38 38 39 61 51 40 51 40 52 42 28 28 51 40 39 61 40 41 52 42 53 44 29 29 52 42 40 41 41 43 53 44 54 46 30 30 53 44 41 43 42 45 54 46 55 48 31 31 54 46 42 45 43 47 31 31 55 48 56 49 55 48 43 47 44 50 32 32 56 49 57 51 44 50 45 67 57 51 57 51 58 53 34 34 57 51 45 67 46 52 58 53 59 55 35 35 58 53 46 52 47 54 59 55 60 57 36 36 59 55 47 54 48 56 60 57 49 37 25 24 60 57 48 56 37 58 37 58 61 72 62 59 38 38 62 59 63 60 40 41 39 61 63 60 41 43 40 41 64 62 42 45 41 43 65 63 43 47 42 45 66 64 43 47 67 65 68 66 45 67 44 50 68 66 45 67 69 68 70 69 46 52 70 69 71 70 47 54 71 70 72 71 48 56 72 71 61 72 61 72 74 84 73 73 63 60 62 59 73 73 64 62 63 60 75 74 64 62 76 75 77 76 66 64 65 63 77 76 66 64 78 77 79 78 67 65 79 78 80 79 69 68 68 66 80 79 69 68 81 80 82 81 71 70 70 69 82 81 72 71 71 70 83 82 61 72 72 71 84 83 85 85 97 108 98 86 87 88 86 87 98 86 87 88 99 89 100 90 89 92 88 91 100 90 89 92 101 93 102 94 91 96 90 95 102 94 91 96 103 97 104 98 93 100 92 99 104 98 93 100 105 101 106 102 95 104 94 103 106 102 95 104 107 105 108 106 85 85 96 107 108 106 97 108 109 116 110 109 99 89 98 86 110 109 100 90 99 89 111 110 101 93 100 90 112 111 101 93 113 112 114 113 108 106 107 105 119 114 108 106 120 115 109 116 119 114 107 105 127 117 118 119 119 114 121 118 117 121 118 119 122 120 116 123 117 121 123 122 116 123 124 124 125 125 115 126 125 125 126 127 114 113 126 127 132 128 106 102 128 129 127 117 105 101 129 130 128 129 104 98 130 132 129 130 104 98 103 97 131 131 103 97 102 94 132 128 127 117 134 140 133 133 122 120 121 118 133 133 123 122 122 120 135 134 123 122 136 135 137 136 124 124 137 136 138 137 125 125 138 137 139 138 132 128 126 127 139 138 128 129 141 141 134 140 129 130 142 143 141 141 129 130 130 132 143 142 130 132 131 131 144 144 131 131 132 128 140 139 144 144 140 139 139 138 143 142 144 144 138 137 142 143 143 142 137 136 135 134 141 141 142 143 133 133 134 140 141 141</p>
        </triangles>
      </mesh>
    </geometry>
    <geometry id="Handle_Back_007-mesh" name="Handle_Back.007">
      <mesh>
        <source id="Handle_Back_007-mesh-positions">
          <float_array id="Handle_Back_007-mesh-positions-array" count="438">33.22314 -18.81568 1.052779 33.2355 -18.81584 1.033282 33.23645 -18.81597 1.01022 33.22574 -18.81603 0.9897736 33.20624 -18.81601 0.97742 33.18318 -18.81591 0.9764698 33.16273 -18.81576 0.9871776 33.15038 -18.8156 1.006674 33.14943 -18.81547 1.029736 33.16014 -18.81541 1.050183 33.17963 -18.81543 1.062536 33.2027 -18.81553 1.063486 33.22197 -18.83248 1.051682 33.23388 -18.83264 1.032891 33.23479 -18.83277 1.010665 33.22447 -18.83283 0.9909593 33.20568 -18.83281 0.9790534 33.18346 -18.83271 0.9781376 33.16375 -18.83257 0.9884575 33.15185 -18.83241 1.007248 33.15093 -18.83229 1.029474 33.16125 -18.83222 1.04918 33.18004 -18.83225 1.061086 33.20227 -18.83234 1.062001 33.19294 -18.81572 1.019978 33.20741 -18.83251 1.035869 33.21336 -18.83259 1.026478 33.21382 -18.83265 1.015369 33.20866 -18.83268 1.00552 33.19927 -18.83267 0.99957 33.18816 -18.83262 0.9991123 33.17831 -18.83255 1.00427 33.17236 -18.83247 1.013661 33.1719 -18.83241 1.02477 33.17706 -18.83238 1.034619 33.18645 -18.83239 1.040569 33.19756 -18.83244 1.041027 33.20736 -18.8444 1.035934 33.21331 -18.84447 1.026542 33.21377 -18.84454 1.015434 33.20861 -18.84457 1.005585 33.19922 -18.84456 0.9996346 33.18811 -18.84451 0.9991769 33.17826 -18.84444 1.004335 33.17231 -18.84436 1.013726 33.17185 -18.8443 1.024834 33.17701 -18.84427 1.034683 33.1864 -18.84428 1.040634 33.19751 -18.84432 1.041091 33.20741 -18.83352 1.035874 33.21336 -18.8336 1.026483 33.21381 -18.83366 1.015375 33.20866 -18.83369 1.005526 33.19926 -18.83368 0.9995755 33.18815 -18.83363 0.9991177 33.17831 -18.83356 1.004276 33.17236 -18.83348 1.013667 33.1719 -18.83342 1.024775 33.17706 -18.83339 1.034624 33.18645 -18.8334 1.040575 33.19756 -18.83345 1.041032 33.20511 -18.8444 1.033495 33.21014 -18.84447 1.025553 33.21053 -18.84452 1.01616 33.20617 -18.84454 1.007831 33.19823 -18.84454 1.002799 33.18883 -18.84449 1.002412 33.18051 -18.84443 1.006774 33.17547 -18.84437 1.014715 33.17509 -18.84432 1.024109 33.17945 -18.84429 1.032437 33.18739 -18.8443 1.037469 33.19678 -18.84434 1.037856 33.21147 -18.82251 1.025818 33.20608 -18.82244 1.034323 33.21189 -18.82256 1.015758 33.20721 -18.82259 1.006839 33.19871 -18.82258 1.00145 33.18865 -18.82254 1.001036 33.17973 -18.82247 1.005707 33.17434 -18.8224 1.014211 33.17393 -18.82235 1.024271 33.1786 -18.82232 1.033191 33.1871 -18.82233 1.038579 33.19717 -18.82237 1.038994 33.205 -18.83721 1.0333 33.20998 -18.83727 1.025451 33.21036 -18.83732 1.016167 33.20605 -18.83735 1.007935 33.1982 -18.83734 1.002962 33.18891 -18.8373 1.002579 33.18068 -18.83724 1.00689 33.17571 -18.83718 1.014739 33.17533 -18.83712 1.024023 33.17964 -18.8371 1.032255 33.18748 -18.83711 1.037229 33.19677 -18.83715 1.037611 33.20484 -18.87236 1.033491 33.20981 -18.87242 1.025642 33.2102 -18.87247 1.016358 33.20589 -18.8725 1.008126 33.19804 -18.87249 1.003153 33.18875 -18.87245 1.00277 33.18052 -18.87239 1.007081 33.17555 -18.87232 1.01493 33.17517 -18.87227 1.024214 33.17948 -18.87225 1.032446 33.18733 -18.87226 1.03742 33.19661 -18.87229 1.037802 33.20478 -18.88527 1.033562 33.20976 -18.88533 1.025712 33.21014 -18.88539 1.016428 33.20583 -18.88541 1.008196 33.19798 -18.8854 1.003223 33.1887 -18.88536 1.00284 33.18046 -18.8853 1.007151 33.17549 -18.88524 1.015 33.17511 -18.88519 1.024285 33.17942 -18.88516 1.032516 33.18727 -18.88517 1.03749 33.19655 -18.88521 1.037872 33.06721 -18.88226 1.026594 33.06607 -18.88164 1.023484 33.06555 -18.8813 1.018161 33.0658 -18.88134 1.012052 33.06676 -18.88173 1.006794 33.06815 -18.88239 1.003795 33.06876 -18.87455 1.026474 33.06762 -18.87393 1.023363 33.0671 -18.87359 1.018041 33.06735 -18.87362 1.011932 33.0683 -18.87402 1.006674 33.0697 -18.87468 1.003675 33.05601 -18.83272 1.026363 33.05844 -18.83188 1.026459 33.05529 -18.83121 1.023265 33.05502 -18.83035 1.01795 33.05527 -18.83039 1.011841 33.05598 -18.8313 1.006575 33.05695 -18.83284 1.003564 33.05938 -18.83201 1.00366 33.05773 -18.83037 1.023361 33.05746 -18.82952 1.018045 33.05771 -18.82955 1.011936 33.05841 -18.83047 1.006671 33.19263 -18.88529 1.020356</float_array>
          <technique_common>
            <accessor source="#Handle_Back_007-mesh-positions-array" count="146" stride="3">
              <param name="X" type="float"/>
              <param name="Y" type="float"/>
              <param name="Z" type="float"/>
            </accessor>
          </technique_common>
        </source>
        <source id="Handle_Back_007-mesh-normals">
          <float_array id="Handle_Back_007-mesh-normals-array" count="438">0.00449723 0.9999752 -0.005437195 0.5358709 0.617726 0.5755494 0.7539024 0.6148589 0.2314729 0.7706155 0.6126442 -0.1755537 0.5816534 0.6114655 -0.5364601 0.2375568 0.6119934 -0.7543414 -0.1694759 0.613626 -0.7711946 -0.5303447 0.616207 -0.5822573 -0.7483691 0.6190786 -0.2380871 -0.7651116 0.6213518 0.1688975 -0.5760825 0.6225351 0.5296972 -0.2320541 0.6221445 0.7477213 0.1750085 0.6204497 0.7644699 0.4882864 -0.6876656 0.5373011 0.6891949 -0.6903278 0.2201314 0.5304646 -0.6934388 -0.487596 0.2133346 -0.6930478 -0.6886023 -0.1618573 -0.6914652 -0.7040442 -0.494377 -0.6890742 -0.5298755 -0.6953814 -0.6864677 -0.2126195 -0.7107974 -0.684371 0.1624912 -0.53665 -0.6833013 0.4950821 0.1556544 -0.6852321 0.7114976 0.429059 -0.7694348 0.473158 0.6052204 -0.771745 0.1952383 0.615692 -0.7763825 -0.1347366 0.7047278 -0.6923475 -0.1549637 0.4659847 -0.7740237 -0.4286558 0.1874318 -0.7748271 -0.6037486 -0.1429046 -0.7725625 -0.6186482 -0.435779 -0.7711038 -0.4642152 -0.6116248 -0.7688288 -0.1865944 -0.6245375 -0.7677019 0.1434805 -0.472863 -0.7655552 0.4362636 -0.1936832 -0.7661955 0.6127244 -0.2195084 -0.6836525 0.6960139 0.1358563 -0.7673765 0.6266391 0.6777028 0.001435697 0.7353346 0.7200081 -0.654958 0.229387 0.9543116 -0.002470433 0.2988033 0.9756495 -0.01019614 -0.2190985 0.5539848 -0.6585271 -0.5093555 0.7354641 -0.005663633 -0.6775401 0.2230229 -0.6580977 -0.7191441 0.2984741 -0.007185459 -0.9543907 -0.1685843 -0.6564368 -0.7353027 -0.219164 -0.003725469 -0.975681 -0.5157109 -0.6540474 -0.5534116 -0.6777805 -0.001375079 -0.7352631 -0.9542776 0.002522885 -0.298911 -0.7256811 -0.6510791 -0.2224476 -0.9757435 0.003839015 0.2188836 -0.5599157 -0.6477953 0.5165808 -0.7355439 0.007815837 0.677432 -0.228787 -0.648216 0.726273 -0.2981851 0.006092846 0.9544886 0.1627331 -0.6499914 0.7423134 0.2187416 0.004325926 0.9757732 0.5099528 -0.652522 0.5605027 -0.6327157 -0.7499801 -0.1928752 -0.6469162 -0.7479718 0.1484506 0.7359043 -0.657369 -0.1622063 -0.4884551 -0.7470501 0.450919 -0.2000964 -0.7473556 0.633578 0.1409555 -0.7488495 0.647577 0.4434866 -0.7509235 0.4893196 0.6259911 -0.7535209 0.2008524 -0.7415559 -0.6491646 0.1693522 0.6404934 -0.7550978 -0.1399847 0.4819281 -0.756299 -0.4424446 0.1934825 -0.7560198 -0.6252989 -0.1478295 -0.7545425 -0.6393843 -0.45038 -0.752083 -0.4811747 -0.9525505 0.06115174 -0.2981748 -0.9738238 0.06393867 0.2181267 -0.7340326 0.06560105 0.6759384 -0.2975773 0.06514483 0.9524726 0.2187469 0.06280982 0.9737581 0.6764668 0.05946302 0.7340687 0.9530373 0.05585569 0.2976576 0.9743371 0.05306857 -0.2187491 0.7345781 0.05165982 -0.6765547 0.2980967 0.05199837 -0.9531183 -0.2182744 0.05418193 -0.9743822 -0.6760899 0.05760222 -0.7345642 0.6773844 9.09778e-4 0.7356287 0.9544355 -0.00256592 0.2984067 0.9544572 -0.002739787 0.2983353 0.9757458 -0.00560075 -0.2188354 0.975785 -0.005578756 -0.2186613 0.7355941 -0.007035553 -0.6773861 0.73559 -0.006990253 -0.6773909 0.2983098 -0.006529748 -0.9544469 0.2983235 -0.006540834 -0.9544425 -0.1008334 0.07229328 -0.9922734 -0.2189478 -0.004307389 -0.9757271 -0.6774245 -8.97051e-4 -0.7355918 -0.4366471 0.7532271 -0.491923 -0.6130632 0.7647044 -0.1984458 -0.9544489 0.002739489 -0.298362 -0.9757472 0.005646169 0.2188276 -0.6270301 0.7664883 0.1390294 -0.4753831 0.7583825 0.445945 -0.7356806 0.007133364 0.677291 -0.2984051 0.006610572 0.9544165 -0.1826052 0.08291429 0.979684 0.2188676 0.00434184 0.975745 0.2188286 0.004313111 0.9757539 0.6774953 9.50994e-4 0.7355266 0.7197397 -0.6552391 0.2294264 0.7358125 -0.6574789 -0.1621771 0.5539185 -0.6586604 -0.5092552 0.2229982 -0.6581292 -0.719123 0.006684541 -0.7056598 -0.7085193 -0.0527231 -0.6974335 0.7147076 0.1627752 -0.6499356 0.742353 0.5098434 -0.6526304 0.5604761 0.2039131 0.4509601 0.8689388 -0.4300203 -0.6930031 0.5786444 -0.01894849 -0.9995583 0.022897 -0.6701402 -0.7387431 0.07190865 -0.02168965 -0.9997207 0.009396374 -0.6654145 -0.7464697 -0.002562224 -0.02128493 -0.9997735 3.60124e-4 -0.6641111 -0.7463068 -0.04452747 -0.6637946 -0.7382587 -0.119795 -0.0174545 -0.9997624 -0.01305657 -0.3892763 -0.7034741 -0.5946328 0.206901 0.4308136 -0.878403 0.648714 0.7583951 -0.06330054 0.6435446 0.7653974 0.004154384 0.6439247 0.7570087 0.1109001 0.6426137 0.7650855 0.04113513 -0.6624575 0.2424786 0.7087695 -0.8378051 0.4820708 0.2563019 -0.858999 0.5102896 0.04153716 -0.8525188 0.5092804 -0.1176664 -0.8133153 0.4792935 -0.3298423 -0.6062608 0.2434408 -0.7570894 0.5567432 0.5666538 -0.6074048 0.5039373 0.5659213 0.6525185 0.4447861 0.8675438 0.2225605 0.4620577 0.8859294 -0.0403971 0.4575323 0.886626 0.06751728 0.4631054 0.8643555 -0.1960176 -0.004499435 -0.9999753 0.005403041</float_array>
          <technique_common>
            <accessor source="#Handle_Back_007-mesh-normals-array" count="146" stride="3">
              <param name="X" type="float"/>
              <param name="Y" type="float"/>
              <param name="Z" type="float"/>
            </accessor>
          </technique_common>
        </source>
        <vertices id="Handle_Back_007-mesh-vertices">
          <input semantic="POSITION" source="#Handle_Back_007-mesh-positions"/>
        </vertices>
        <triangles material="steel-material" count="264">
          <input semantic="VERTEX" source="#Handle_Back_007-mesh-vertices" offset="0"/>
          <input semantic="NORMAL" source="#Handle_Back_007-mesh-normals" offset="1"/>
          <p>24 0 0 1 1 2 24 0 1 2 2 3 24 0 2 3 3 4 24 0 3 4 4 5 24 0 4 5 5 6 24 0 5 6 6 7 24 0 6 7 7 8 24 0 7 8 8 9 24 0 8 9 9 10 24 0 9 10 10 11 24 0 10 11 11 12 11 12 0 1 24 0 12 13 1 2 0 1 13 14 2 3 1 2 2 3 15 15 3 4 3 4 16 16 4 5 4 5 17 17 5 6 5 6 18 18 6 7 6 7 19 19 7 8 7 8 20 20 8 9 20 20 9 10 8 9 21 21 10 11 9 10 10 11 23 22 11 12 12 13 11 12 23 22 13 14 25 23 26 24 13 14 27 25 14 26 15 15 27 25 28 27 16 16 28 27 29 28 16 16 30 29 17 17 17 17 31 30 18 18 19 19 31 30 32 31 19 19 33 32 20 20 20 20 34 33 21 21 21 21 35 34 22 35 23 22 35 34 36 36 12 13 36 36 25 23 49 37 26 24 25 23 49 37 38 38 50 39 50 39 27 25 26 24 38 38 51 40 50 39 51 40 28 27 27 25 51 40 40 41 52 42 52 42 29 28 28 27 52 42 41 43 53 44 53 44 30 29 29 28 53 44 42 45 54 46 54 46 31 30 30 29 54 46 43 47 55 48 31 30 56 49 32 31 55 48 44 50 56 49 32 31 57 51 33 32 44 50 57 51 56 49 57 51 34 33 33 32 57 51 46 52 58 53 58 53 35 34 34 33 58 53 47 54 59 55 59 55 36 36 35 34 59 55 48 56 60 57 60 57 25 23 36 36 60 57 37 58 49 37 37 58 62 59 38 38 38 38 63 60 39 61 40 41 63 60 64 62 41 43 64 62 65 63 42 45 65 63 66 64 43 47 66 64 67 65 43 47 68 66 44 50 45 67 68 66 69 68 45 67 70 69 46 52 46 52 71 70 47 54 47 54 72 71 48 56 48 56 61 72 37 58 61 72 73 73 62 59 63 60 73 73 75 74 64 62 75 74 76 75 64 62 77 76 65 63 66 64 77 76 78 77 66 64 79 78 67 65 67 65 80 79 68 66 69 68 80 79 81 80 69 68 82 81 70 69 71 70 82 81 83 82 72 71 83 82 84 83 61 72 84 83 74 84 85 85 98 86 86 87 87 88 98 86 99 89 87 88 100 90 88 91 89 92 100 90 101 93 89 92 102 94 90 95 91 96 102 94 103 97 91 96 104 98 92 99 93 100 104 98 105 101 93 100 106 102 94 103 95 104 106 102 107 105 95 104 108 106 96 107 85 85 108 106 97 108 97 108 110 109 98 86 99 89 110 109 111 110 100 90 111 110 112 111 101 93 112 111 113 112 101 93 114 113 102 94 108 106 119 114 120 115 108 106 109 116 97 108 119 114 127 117 121 118 118 119 121 118 122 120 117 121 122 120 123 122 116 123 123 122 124 124 116 123 125 125 115 126 115 126 126 127 114 113 114 113 132 128 102 94 106 102 127 117 107 105 105 101 128 129 106 102 104 98 129 130 105 101 104 98 131 131 130 132 103 97 132 128 131 131 127 117 133 133 121 118 122 120 133 133 135 134 123 122 135 134 136 135 123 122 137 136 124 124 124 124 138 137 125 125 125 125 139 138 126 127 132 128 139 138 140 139 128 129 134 140 127 117 129 130 141 141 128 129 129 130 143 142 142 143 130 132 144 144 143 142 131 131 140 139 144 144 144 144 139 138 138 137 143 142 138 137 137 136 142 143 137 136 136 135 135 134 142 143 136 135 133 133 141 141 135 134 110 109 109 116 145 145 111 110 110 109 145 145 112 111 111 110 145 145 113 112 112 111 145 145 114 113 113 112 145 145 115 126 114 113 145 145 116 123 115 126 145 145 117 121 116 123 145 145 118 119 117 121 145 145 119 114 118 119 145 145 120 115 119 114 145 145 109 116 120 115 145 145 12 13 13 14 1 2 13 14 14 26 2 3 2 3 14 26 15 15 3 4 15 15 16 16 4 5 16 16 17 17 5 6 17 17 18 18 6 7 18 18 19 19 7 8 19 19 20 20 20 20 21 21 9 10 21 21 22 35 10 11 10 11 22 35 23 22 12 13 0 1 11 12 13 14 12 13 25 23 13 14 26 24 27 25 15 15 14 26 27 25 16 16 15 15 28 27 16 16 29 28 30 29 17 17 30 29 31 30 19 19 18 18 31 30 19 19 32 31 33 32 20 20 33 32 34 33 21 21 34 33 35 34 23 22 22 35 35 34 12 13 23 22 36 36 49 37 50 39 26 24 49 37 37 58 38 38 50 39 51 40 27 25 38 38 39 61 51 40 51 40 52 42 28 27 51 40 39 61 40 41 52 42 53 44 29 28 52 42 40 41 41 43 53 44 54 46 30 29 53 44 41 43 42 45 54 46 55 48 31 30 54 46 42 45 43 47 31 30 55 48 56 49 55 48 43 47 44 50 32 31 56 49 57 51 44 50 45 67 57 51 57 51 58 53 34 33 57 51 45 67 46 52 58 53 59 55 35 34 58 53 46 52 47 54 59 55 60 57 36 36 59 55 47 54 48 56 60 57 49 37 25 23 60 57 48 56 37 58 37 58 61 72 62 59 38 38 62 59 63 60 40 41 39 61 63 60 41 43 40 41 64 62 42 45 41 43 65 63 43 47 42 45 66 64 43 47 67 65 68 66 45 67 44 50 68 66 45 67 69 68 70 69 46 52 70 69 71 70 47 54 71 70 72 71 48 56 72 71 61 72 61 72 74 84 73 73 63 60 62 59 73 73 64 62 63 60 75 74 64 62 76 75 77 76 66 64 65 63 77 76 66 64 78 77 79 78 67 65 79 78 80 79 69 68 68 66 80 79 69 68 81 80 82 81 71 70 70 69 82 81 72 71 71 70 83 82 61 72 72 71 84 83 85 85 97 108 98 86 87 88 86 87 98 86 87 88 99 89 100 90 89 92 88 91 100 90 89 92 101 93 102 94 91 96 90 95 102 94 91 96 103 97 104 98 93 100 92 99 104 98 93 100 105 101 106 102 95 104 94 103 106 102 95 104 107 105 108 106 85 85 96 107 108 106 97 108 109 116 110 109 99 89 98 86 110 109 100 90 99 89 111 110 101 93 100 90 112 111 101 93 113 112 114 113 108 106 107 105 119 114 108 106 120 115 109 116 119 114 107 105 127 117 118 119 119 114 121 118 117 121 118 119 122 120 116 123 117 121 123 122 116 123 124 124 125 125 115 126 125 125 126 127 114 113 126 127 132 128 106 102 128 129 127 117 105 101 129 130 128 129 104 98 130 132 129 130 104 98 103 97 131 131 103 97 102 94 132 128 127 117 134 140 133 133 122 120 121 118 133 133 123 122 122 120 135 134 123 122 136 135 137 136 124 124 137 136 138 137 125 125 138 137 139 138 132 128 126 127 139 138 128 129 141 141 134 140 129 130 142 143 141 141 129 130 130 132 143 142 130 132 131 131 144 144 131 131 132 128 140 139 144 144 140 139 139 138 143 142 144 144 138 137 142 143 143 142 137 136 135 134 141 141 142 143 133 133 134 140 141 141</p>
        </triangles>
      </mesh>
    </geometry>
    <geometry id="Door_007-mesh" name="Door.007">
      <mesh>
        <source id="Door_007-mesh-positions">
          <float_array id="Door_007-mesh-positions-array" count="24">32.54895 -18.81789 0.003962755 32.54895 -18.76889 0.003962755 33.26495 -18.76889 0.003962755 33.26495 -18.81789 0.003962755 32.54895 -18.81789 1.983963 32.54895 -18.76889 1.983963 33.26495 -18.76889 1.983963 33.26495 -18.81789 1.983963</float_array>
          <technique_common>
            <accessor source="#Door_007-mesh-positions-array" count="8" stride="3">
              <param name="X" type="float"/>
              <param name="Y" type="float"/>
              <param name="Z" type="float"/>
            </accessor>
          </technique_common>
        </source>
        <source id="Door_007-mesh-normals">
          <float_array id="Door_007-mesh-normals-array" count="36">-1 0 0 0 1 0 1 0 0 0 -1 0 0 0 -1 0 0 1 -1 0 0 0 1 0 1 0 0 0 -1 0 0 0 -1 0 0 1</float_array>
          <technique_common>
            <accessor source="#Door_007-mesh-normals-array" count="12" stride="3">
              <param name="X" type="float"/>
              <param name="Y" type="float"/>
              <param name="Z" type="float"/>
            </accessor>
          </technique_common>
        </source>
        <vertices id="Door_007-mesh-vertices">
          <input semantic="POSITION" source="#Door_007-mesh-positions"/>
        </vertices>
        <triangles material="fine_grained_wood-material" count="12">
          <input semantic="VERTEX" source="#Door_007-mesh-vertices" offset="0"/>
          <input semantic="NORMAL" source="#Door_007-mesh-normals" offset="1"/>
          <p>5 0 0 0 4 0 6 1 1 1 5 1 7 2 2 2 6 2 4 3 3 3 7 3 1 4 3 4 0 4 6 5 4 5 7 5 5 6 1 6 0 6 6 7 2 7 1 7 7 8 3 8 2 8 4 9 0 9 3 9 1 10 2 10 3 10 6 11 5 11 4 11</p>
        </triangles>
      </mesh>
    </geometry>
    <geometry id="DoorFrane_006-mesh" name="DoorFrane.006">
      <mesh>
        <source id="DoorFrane_006-mesh-positions">
          <float_array id="DoorFrane_006-mesh-positions-array" count="96">32.49695 -18.82271 -3.71933e-5 32.49695 -18.71271 -3.71933e-5 32.54695 -18.71271 -3.71933e-5 32.49695 -18.82271 2.039963 32.49695 -18.71271 2.039963 33.31695 -18.71271 2.039963 33.31695 -18.82271 2.039963 33.26695 -18.82271 1.989963 32.54695 -18.71271 1.989963 33.26695 -18.82271 -3.71933e-5 33.31695 -18.82271 -3.71933e-5 33.31695 -18.71271 -3.71933e-5 33.26695 -18.76771 1.989963 32.54695 -18.76771 1.989963 32.54695 -18.76771 -3.71933e-5 32.56695 -18.76771 1.989963 32.56695 -18.76771 -3.71933e-5 32.56695 -18.71271 1.989963 32.56695 -18.71271 -3.71933e-5 33.26695 -18.76771 -3.71933e-5 32.54695 -18.82271 1.989963 32.54695 -18.82271 -3.71933e-5 33.26695 -18.71271 1.989963 33.26695 -18.71271 -3.71933e-5 33.24695 -18.71271 -3.71933e-5 33.24695 -18.76771 -3.71933e-5 33.24695 -18.71271 1.989963 33.24695 -18.76771 1.969963 33.24695 -18.76771 1.989963 32.56695 -18.71271 1.969963 32.56695 -18.76771 1.969963 33.24695 -18.71271 1.969963</float_array>
          <technique_common>
            <accessor source="#DoorFrane_006-mesh-positions-array" count="32" stride="3">
              <param name="X" type="float"/>
              <param name="Y" type="float"/>
              <param name="Z" type="float"/>
            </accessor>
          </technique_common>
        </source>
        <source id="DoorFrane_006-mesh-normals">
          <float_array id="DoorFrane_006-mesh-normals-array" count="141">-1 0 0 -1 0 0 0 0 1 1 0 0 1 0 0 1 0 0 0 1 0 0 0 -1 0 -1 0 0 -1 0 0 -1 0 0 1 0 0 0 -1 0 -1 0 0 1 0 0 0 -1 0 1 0 0 -1 0 -1 0 0 0 0 -1 0 1 0 0 1 0 0 -1 0 0 0 1 -1 0 0 -1 0 0 0 0 1 1 0 0 1 0 0 1 0 0 0 1 0 0 0 -1 0 -1 0 0 -1 0 0 -1 0 0 1 0 0 0 -1 0 -1 0 0 1 0 0 0 -1 0 1 0 0 -1 0 -1 0 0 0 0 -1 0 1 0 0 1 0 0 -1 0</float_array>
          <technique_common>
            <accessor source="#DoorFrane_006-mesh-normals-array" count="47" stride="3">
              <param name="X" type="float"/>
              <param name="Y" type="float"/>
              <param name="Z" type="float"/>
            </accessor>
          </technique_common>
        </source>
        <vertices id="DoorFrane_006-mesh-vertices">
          <input semantic="POSITION" source="#DoorFrane_006-mesh-positions"/>
        </vertices>
        <triangles material="Plastic-material" count="47">
          <input semantic="VERTEX" source="#DoorFrane_006-mesh-vertices" offset="0"/>
          <input semantic="NORMAL" source="#DoorFrane_006-mesh-normals" offset="1"/>
          <p>4 0 0 0 3 0 12 1 9 1 7 1 3 2 5 2 4 2 11 3 6 3 10 3 20 4 14 4 13 4 15 5 18 5 17 5 11 6 22 6 5 6 13 7 7 7 20 7 20 8 0 8 21 8 10 9 7 9 9 9 14 10 15 10 13 10 8 11 1 11 4 11 31 12 30 12 29 12 6 13 20 13 7 13 4 14 22 14 8 14 2 15 16 15 14 15 18 16 8 16 17 16 25 17 12 17 28 17 26 18 25 18 28 18 24 19 19 19 25 19 23 20 26 20 22 20 17 21 31 21 29 21 30 22 28 22 15 22 8 23 22 23 26 23 4 24 1 24 0 24 12 25 19 25 9 25 3 26 6 26 5 26 11 27 5 27 6 27 20 28 21 28 14 28 15 29 16 29 18 29 11 30 23 30 22 30 13 31 12 31 7 31 20 32 3 32 0 32 10 33 6 33 7 33 14 34 16 34 15 34 8 35 2 35 1 35 31 36 27 36 30 36 6 37 3 37 20 37 4 38 5 38 22 38 2 39 18 39 16 39 18 40 2 40 8 40 25 41 19 41 12 41 26 42 24 42 25 42 24 43 23 43 19 43 23 44 24 44 26 44 17 45 26 45 31 45 30 46 27 46 28 46</p>
        </triangles>
      </mesh>
    </geometry>
    <geometry id="Handle_Front_001-mesh" name="Handle_Front.001">
      <mesh>
        <source id="Handle_Front_001-mesh-positions">
          <float_array id="Handle_Front_001-mesh-positions-array" count="438">16.88822 -14.09638 1.052778 16.87587 -14.09622 1.033282 16.87492 -14.09609 1.01022 16.88562 -14.09603 0.9897734 16.90512 -14.09605 0.9774197 16.92818 -14.09615 0.9764695 16.94863 -14.0963 0.9871774 16.96098 -14.09646 1.006674 16.96193 -14.09659 1.029736 16.95122 -14.09665 1.050182 16.93173 -14.09663 1.062536 16.90867 -14.09653 1.063486 16.88939 -14.07957 1.051681 16.87748 -14.07942 1.032891 16.87657 -14.07929 1.010665 16.88689 -14.07923 0.9909591 16.90568 -14.07925 0.9790531 16.9279 -14.07935 0.9781374 16.94761 -14.07949 0.9884571 16.95952 -14.07965 1.007247 16.96043 -14.07977 1.029473 16.95011 -14.07983 1.049179 16.93132 -14.07981 1.061085 16.90909 -14.07972 1.062001 16.91843 -14.09634 1.019978 16.90395 -14.07955 1.035869 16.898 -14.07947 1.026478 16.89754 -14.07941 1.015369 16.9027 -14.07938 1.00552 16.91209 -14.07939 0.9995698 16.9232 -14.07944 0.999112 16.93305 -14.07951 1.00427 16.939 -14.07959 1.013661 16.93946 -14.07965 1.024769 16.9343 -14.07968 1.034618 16.92491 -14.07967 1.040569 16.9138 -14.07962 1.041027 16.904 -14.06766 1.035933 16.89805 -14.06758 1.026542 16.8976 -14.06752 1.015434 16.90275 -14.06749 1.005585 16.91215 -14.0675 0.9996344 16.92325 -14.06755 0.9991766 16.9331 -14.06762 1.004334 16.93905 -14.0677 1.013726 16.93951 -14.06776 1.024834 16.93435 -14.06779 1.034683 16.92496 -14.06778 1.040634 16.91385 -14.06774 1.041091 16.90396 -14.07854 1.035874 16.89801 -14.07846 1.026483 16.89755 -14.0784 1.015375 16.9027 -14.07837 1.005526 16.9121 -14.07838 0.9995753 16.92321 -14.07843 0.9991175 16.93305 -14.0785 1.004275 16.93901 -14.07858 1.013666 16.93946 -14.07864 1.024775 16.9343 -14.07867 1.034624 16.92491 -14.07866 1.040574 16.9138 -14.07861 1.041032 16.90625 -14.06766 1.033495 16.90122 -14.06759 1.025553 16.90083 -14.06754 1.016159 16.90519 -14.06751 1.007831 16.91313 -14.06752 1.002799 16.92253 -14.06756 1.002412 16.93086 -14.06762 1.006773 16.93589 -14.06769 1.014715 16.93628 -14.06774 1.024109 16.93191 -14.06777 1.032437 16.92397 -14.06776 1.037469 16.91458 -14.06772 1.037856 16.89989 -14.08955 1.025818 16.90528 -14.08962 1.034323 16.89948 -14.08949 1.015758 16.90415 -14.08947 1.006839 16.91265 -14.08948 1.00145 16.92271 -14.08952 1.001035 16.93163 -14.08958 1.005706 16.93702 -14.08965 1.014211 16.93743 -14.08971 1.024271 16.93276 -14.08974 1.03319 16.92426 -14.08973 1.038579 16.9142 -14.08969 1.038994 16.90636 -14.07485 1.0333 16.90139 -14.07479 1.025451 16.90101 -14.07473 1.016167 16.90532 -14.07471 1.007935 16.91316 -14.07472 1.002961 16.92245 -14.07476 1.002579 16.93068 -14.07482 1.00689 16.93565 -14.07488 1.014739 16.93604 -14.07493 1.024023 16.93173 -14.07496 1.032255 16.92388 -14.07495 1.037228 16.91459 -14.07491 1.037611 16.90652 -14.0397 1.033491 16.90155 -14.03964 1.025642 16.90116 -14.03959 1.016358 16.90547 -14.03956 1.008126 16.91332 -14.03957 1.003152 16.92261 -14.03961 1.00277 16.93084 -14.03967 1.007081 16.93581 -14.03973 1.01493 16.9362 -14.03979 1.024214 16.93188 -14.03981 1.032446 16.92403 -14.0398 1.037419 16.91475 -14.03976 1.037802 16.90658 -14.02679 1.033561 16.9016 -14.02672 1.025712 16.90122 -14.02667 1.016428 16.90553 -14.02665 1.008196 16.91338 -14.02665 1.003223 16.92267 -14.0267 1.00284 16.9309 -14.02676 1.007151 16.93587 -14.02682 1.015 16.93625 -14.02687 1.024285 16.93194 -14.0269 1.032516 16.92409 -14.02689 1.03749 16.91481 -14.02685 1.037872 17.04415 -14.0298 1.026594 17.04529 -14.03042 1.023483 17.04581 -14.03076 1.018161 17.04556 -14.03073 1.012052 17.04461 -14.03033 1.006794 17.04321 -14.02967 1.003795 17.0426 -14.03751 1.026474 17.04375 -14.03813 1.023363 17.04426 -14.03847 1.01804 17.04401 -14.03844 1.011932 17.04306 -14.03804 1.006673 17.04166 -14.03738 1.003675 17.05535 -14.07934 1.026363 17.05292 -14.08018 1.026458 17.05607 -14.08085 1.023265 17.05634 -14.08171 1.017949 17.05609 -14.08167 1.011841 17.05539 -14.08076 1.006575 17.05441 -14.07921 1.003564 17.05198 -14.08005 1.00366 17.05364 -14.08169 1.02336 17.05391 -14.08254 1.018045 17.05366 -14.08251 1.011936 17.05295 -14.08159 1.006671 16.91874 -14.02677 1.020356</float_array>
          <technique_common>
            <accessor source="#Handle_Front_001-mesh-positions-array" count="146" stride="3">
              <param name="X" type="float"/>
              <param name="Y" type="float"/>
              <param name="Z" type="float"/>
            </accessor>
          </technique_common>
        </source>
        <source id="Handle_Front_001-mesh-normals">
          <float_array id="Handle_Front_001-mesh-normals-array" count="438">-0.004485249 -0.9999752 -0.005442798 -0.535863 -0.6177768 0.5755022 -0.7538161 -0.6149965 0.2313884 -0.7705773 -0.6127066 -0.175503 -0.5816157 -0.611584 -0.5363659 -0.237546 -0.6118733 -0.7544421 0.1694189 -0.6136338 -0.7712009 0.5302708 -0.6162757 -0.5822518 0.7483233 -0.6191149 -0.2381366 0.7650361 -0.6214552 0.1688591 0.5760524 -0.6226077 0.5296444 0.2319791 -0.6222238 0.7476786 -0.1750096 -0.6204413 0.7644766 -0.6892197 0.6902988 0.2201454 -0.7047187 0.6923533 -0.1549791 -0.5304675 0.6934332 -0.487601 -0.2132712 0.6931419 -0.6885273 0.4944404 0.6890554 -0.5298409 0.7108745 0.6842976 0.1624633 0.5367058 0.683247 0.4950965 0.2195011 0.6836413 0.6960272 -0.155661 0.6852333 0.7114949 -0.488228 0.687713 0.5372934 -0.428795 0.7694061 0.4734439 -0.6046786 0.7723942 0.1943479 -0.6187927 0.7737899 -0.1354437 -0.4655851 0.7746409 -0.4279746 -0.1865402 0.7741565 -0.6048839 0.1618177 0.6915057 -0.7040135 0.1432328 0.7729525 -0.6180849 0.4358336 0.7705066 -0.4651545 0.6124518 0.7682735 -0.1861685 0.6953881 0.6864407 -0.2126845 0.6252396 0.7670301 0.1440157 0.4728889 0.7657214 0.4359435 0.1937489 0.7661476 0.6127637 -0.1361739 0.7671238 0.6268793 -0.9544504 0.003635525 0.2983475 -0.5100622 0.6523976 0.560548 -0.6773574 -0.001428604 0.7356527 -0.7196987 0.655233 0.2295727 -0.9757478 0.005754053 -0.2188223 -0.735603 0.007094204 -0.6773758 -0.5540626 0.6584864 -0.5093233 -0.2981961 0.006223261 -0.9544844 0.2189035 0.004290103 -0.9757372 -0.2228934 0.6582481 -0.7190466 0.1686581 0.6566005 -0.7351397 0.6775341 4.70904e-4 -0.7354913 0.7256044 0.6511651 -0.2224464 0.9544698 -0.003048241 -0.2982921 0.9756775 -0.005214393 0.2191489 0.7418615 0.648842 0.1692506 0.5601073 0.6477134 0.5164757 0.7357837 -0.007070839 0.6771798 0.2982228 -0.006295621 0.9544755 -0.1627817 0.649783 0.7424852 -0.2189447 -0.00492531 0.9757248 0.4501312 0.7523051 -0.4810603 0.6330513 0.7497988 -0.1924779 0.6470108 0.7478973 0.1484142 -0.7358311 0.6574776 -0.1620981 0.4885297 0.747026 0.450878 0.2002199 0.7471806 0.6337454 -0.1409579 0.7486076 0.647856 0.5157522 0.654117 -0.5532909 -0.4434671 0.7509534 0.4892912 -0.6260647 0.7534906 0.2007362 -0.6401235 0.7553621 -0.14025 -0.4815643 0.7563692 -0.4427205 0.2287639 0.6484497 0.7260717 -0.1934786 0.7557371 -0.6256417 0.1477273 0.7546896 -0.6392343 0.6759979 -0.05770087 -0.7346411 0.9525627 -0.06129115 -0.2981069 0.9737992 -0.06418693 0.2181636 0.7340567 -0.06554245 0.6759179 0.29756 -0.06506061 0.9524837 -0.2186926 -0.06285953 0.9737671 -0.6764929 -0.05957835 0.7340353 -0.9530802 -0.0559619 0.2975001 -0.9743347 -0.05292928 -0.2187933 -0.7345877 -0.05150389 -0.6765561 -0.2980784 -0.05200892 -0.9531236 0.2182032 -0.05429852 -0.9743916 -0.6773784 -9.2826e-4 0.7356342 -0.9544482 0.002696454 0.2983646 -0.9544448 0.002739369 0.2983752 -0.9757415 0.005658984 -0.2188531 -0.9757425 0.005556166 -0.218851 -0.7356153 0.007022798 -0.6773633 -0.7356107 0.006978094 -0.6773687 -0.2983661 0.006585597 -0.9544289 -0.298366 0.006515264 -0.9544293 0.2188384 0.004319071 -0.9757516 0.1008412 -0.07228064 -0.9922735 0.4367118 -0.7532848 -0.4917774 0.6774279 9.20942e-4 -0.7355886 0.9544406 -0.0027619 -0.2983885 0.6131094 -0.7645795 -0.1987844 0.6269968 -0.7665125 0.1390454 0.9757492 -0.005668103 0.2188183 0.7355628 -0.007035851 0.6774201 0.4753662 -0.7584854 0.4457882 0.182655 -0.08299928 0.9796674 0.2983452 -0.006554424 0.9544356 -0.2188669 -0.004329681 0.9757452 -0.2188971 -0.004327535 0.9757384 -0.6773976 -9.60572e-4 0.7356165 -0.5099984 0.652409 0.5605928 -0.7195959 0.6553593 0.2295345 -0.7358589 0.6574354 -0.1621435 -0.5540426 0.6584645 -0.5093735 -0.2229294 0.6582078 -0.7190724 -0.006636857 0.7057985 -0.7083817 0.05271226 0.697476 0.7146669 -0.1627985 0.6499707 0.7423172 -0.2038976 -0.4513111 0.8687601 0.430008 0.6934555 0.5781113 0.01891493 0.9995651 0.02262383 0.6702632 0.7386615 0.07159996 0.02165722 0.9997214 0.009393632 0.6654427 0.7464447 -0.002548336 0.02127271 0.9997738 3.30544e-5 0.6641122 0.7463204 -0.04428321 0.6639137 0.7380862 -0.1201972 0.0174849 0.9997689 -0.01251363 0.388988 0.7037116 -0.5945405 -0.2068378 -0.43085 -0.8783999 -0.648736 -0.7583206 -0.06396538 -0.6434541 -0.7654741 0.004063785 -0.643939 -0.7569396 0.1112893 -0.6425835 -0.7651041 0.04125809 0.6623566 -0.2420356 0.7090152 0.8378237 -0.4818547 0.2566467 0.8592375 -0.5098831 0.04159581 0.852478 -0.5093758 -0.1175486 0.813361 -0.479283 -0.3297451 0.606287 -0.2434469 -0.7570665 -0.5570076 -0.5669107 -0.6069225 -0.5042304 -0.5652145 0.6529046 -0.4444831 -0.8675523 0.2231317 -0.4620972 -0.8859235 -0.04007446 -0.4572495 -0.8867546 0.06774377 -0.4629107 -0.8645627 -0.1955633 0.004502773 0.9999751 0.005452573</float_array>
          <technique_common>
            <accessor source="#Handle_Front_001-mesh-normals-array" count="146" stride="3">
              <param name="X" type="float"/>
              <param name="Y" type="float"/>
              <param name="Z" type="float"/>
            </accessor>
          </technique_common>
        </source>
        <vertices id="Handle_Front_001-mesh-vertices">
          <input semantic="POSITION" source="#Handle_Front_001-mesh-positions"/>
        </vertices>
        <triangles material="steel-material" count="264">
          <input semantic="VERTEX" source="#Handle_Front_001-mesh-vertices" offset="0"/>
          <input semantic="NORMAL" source="#Handle_Front_001-mesh-normals" offset="1"/>
          <p>24 0 0 1 1 2 24 0 1 2 2 3 24 0 2 3 3 4 24 0 3 4 4 5 24 0 4 5 5 6 24 0 5 6 6 7 24 0 6 7 7 8 24 0 7 8 8 9 24 0 8 9 9 10 24 0 9 10 10 11 24 0 10 11 11 12 11 12 0 1 24 0 0 1 13 13 1 2 1 2 14 14 2 3 14 14 3 4 2 3 15 15 4 5 3 4 16 16 5 6 4 5 5 6 18 17 6 7 18 17 7 8 6 7 7 8 20 18 8 9 8 9 21 19 9 10 9 10 22 20 10 11 10 11 23 21 11 12 12 22 11 12 23 21 13 13 25 23 26 24 13 13 27 25 14 14 14 14 28 26 15 15 15 15 29 27 16 16 17 28 29 27 30 29 18 17 30 29 31 30 18 17 32 31 19 32 19 32 33 33 20 18 20 18 34 34 21 19 21 19 35 35 22 20 22 20 36 36 23 21 12 22 36 36 25 23 25 23 50 37 26 24 37 38 50 37 49 39 50 37 27 25 26 24 38 40 51 41 50 37 27 25 52 42 28 26 51 41 40 43 52 42 28 26 53 44 29 27 40 43 53 44 52 42 29 27 54 45 30 29 41 46 54 45 53 44 54 45 31 30 30 29 42 47 55 48 54 45 55 48 32 31 31 30 55 48 44 49 56 50 32 31 57 51 33 33 56 50 45 52 57 51 57 51 34 34 33 33 57 51 46 53 58 54 58 54 35 35 34 34 46 53 59 55 58 54 59 55 36 36 35 35 59 55 48 56 60 57 36 36 49 39 25 23 48 56 49 39 60 57 38 40 61 58 62 59 38 40 63 60 39 61 40 43 63 60 64 62 40 43 65 63 41 46 41 46 66 64 42 47 43 65 66 64 67 66 44 49 67 66 68 67 44 49 69 68 45 52 46 53 69 68 70 69 47 70 70 69 71 71 48 56 71 71 72 72 48 56 61 58 37 38 62 59 74 73 73 74 62 59 75 75 63 60 63 60 76 76 64 62 65 63 76 76 77 77 65 63 78 78 66 64 66 64 79 79 67 66 67 66 80 80 68 67 69 68 80 80 81 81 69 68 82 82 70 69 71 71 82 82 83 83 71 71 84 84 72 72 61 58 84 84 74 73 85 85 98 86 86 87 87 88 98 86 99 89 88 90 99 89 100 91 88 90 101 92 89 93 90 94 101 92 102 95 90 94 103 96 91 97 92 98 103 96 104 99 92 98 105 100 93 101 94 102 105 100 106 103 94 102 107 104 95 105 96 106 107 104 108 107 97 108 96 106 108 107 98 86 109 109 110 110 98 86 111 111 99 89 100 91 111 111 112 112 100 91 113 113 101 92 102 95 113 113 114 114 108 107 119 115 120 116 108 107 109 109 97 108 119 115 127 117 121 118 118 119 121 118 122 120 117 121 122 120 123 122 116 123 123 122 124 124 116 123 125 125 115 126 115 126 126 127 114 114 114 114 132 128 102 95 106 103 127 117 107 104 105 100 128 129 106 103 104 99 129 130 105 100 104 99 131 131 130 132 103 96 132 128 131 131 127 117 133 133 121 118 122 120 133 133 135 134 123 122 135 134 136 135 123 122 137 136 124 124 124 124 138 137 125 125 125 125 139 138 126 127 132 128 139 138 140 139 128 129 134 140 127 117 129 130 141 141 128 129 129 130 143 142 142 143 130 132 144 144 143 142 131 131 140 139 144 144 144 144 139 138 138 137 143 142 138 137 137 136 142 143 137 136 136 135 135 134 142 143 136 135 133 133 141 141 135 134 110 110 109 109 145 145 111 111 110 110 145 145 112 112 111 111 145 145 113 113 112 112 145 145 114 114 113 113 145 145 115 126 114 114 145 145 116 123 115 126 145 145 117 121 116 123 145 145 118 119 117 121 145 145 119 115 118 119 145 145 120 116 119 115 145 145 109 109 120 116 145 145 0 1 12 22 13 13 1 2 13 13 14 14 14 14 15 15 3 4 15 15 16 16 4 5 16 16 17 28 5 6 5 6 17 28 18 17 18 17 19 32 7 8 7 8 19 32 20 18 8 9 20 18 21 19 9 10 21 19 22 20 10 11 22 20 23 21 12 22 0 1 11 12 13 13 12 22 25 23 13 13 26 24 27 25 14 14 27 25 28 26 15 15 28 26 29 27 17 28 16 16 29 27 18 17 17 28 30 29 18 17 31 30 32 31 19 32 32 31 33 33 20 18 33 33 34 34 21 19 34 34 35 35 22 20 35 35 36 36 12 22 23 21 36 36 25 23 49 39 50 37 37 38 38 40 50 37 50 37 51 41 27 25 38 40 39 61 51 41 27 25 51 41 52 42 51 41 39 61 40 43 28 26 52 42 53 44 40 43 41 46 53 44 29 27 53 44 54 45 41 46 42 47 54 45 54 45 55 48 31 30 42 47 43 65 55 48 55 48 56 50 32 31 55 48 43 65 44 49 32 31 56 50 57 51 56 50 44 49 45 52 57 51 58 54 34 34 57 51 45 52 46 53 58 54 59 55 35 35 46 53 47 70 59 55 59 55 60 57 36 36 59 55 47 70 48 56 36 36 60 57 49 39 48 56 37 38 49 39 38 40 37 38 61 58 38 40 62 59 63 60 40 43 39 61 63 60 40 43 64 62 65 63 41 46 65 63 66 64 43 65 42 47 66 64 44 49 43 65 67 66 44 49 68 67 69 68 46 53 45 52 69 68 47 70 46 53 70 69 48 56 47 70 71 71 48 56 72 72 61 58 62 59 61 58 74 73 62 59 73 74 75 75 63 60 75 75 76 76 65 63 64 62 76 76 65 63 77 77 78 78 66 64 78 78 79 79 67 66 79 79 80 80 69 68 68 67 80 80 69 68 81 81 82 82 71 71 70 69 82 82 71 71 83 83 84 84 61 58 72 72 84 84 85 85 97 108 98 86 87 88 86 87 98 86 88 90 87 88 99 89 88 90 100 91 101 92 90 94 89 93 101 92 90 94 102 95 103 96 92 98 91 97 103 96 92 98 104 99 105 100 94 102 93 101 105 100 94 102 106 103 107 104 96 106 95 105 107 104 97 108 85 85 96 106 98 86 97 108 109 109 98 86 110 110 111 111 100 91 99 89 111 111 100 91 112 112 113 113 102 95 101 92 113 113 108 107 107 104 119 115 108 107 120 116 109 109 119 115 107 104 127 117 118 119 119 115 121 118 117 121 118 119 122 120 116 123 117 121 123 122 116 123 124 124 125 125 115 126 125 125 126 127 114 114 126 127 132 128 106 103 128 129 127 117 105 100 129 130 128 129 104 99 130 132 129 130 104 99 103 96 131 131 103 96 102 95 132 128 127 117 134 140 133 133 122 120 121 118 133 133 123 122 122 120 135 134 123 122 136 135 137 136 124 124 137 136 138 137 125 125 138 137 139 138 132 128 126 127 139 138 128 129 141 141 134 140 129 130 142 143 141 141 129 130 130 132 143 142 130 132 131 131 144 144 131 131 132 128 140 139 144 144 140 139 139 138 143 142 144 144 138 137 142 143 143 142 137 136 135 134 141 141 142 143 133 133 134 140 141 141</p>
        </triangles>
      </mesh>
    </geometry>
    <geometry id="Handle_Back_001-mesh" name="Handle_Back.001">
      <mesh>
        <source id="Handle_Back_001-mesh-positions">
          <float_array id="Handle_Back_001-mesh-positions-array" count="438">16.88822 -14.14094 0.9871467 16.87587 -14.14111 1.006643 16.87492 -14.14124 1.029705 16.88562 -14.1413 1.050152 16.90512 -14.14128 1.062505 16.92818 -14.14118 1.063456 16.94863 -14.14103 1.052748 16.96098 -14.14087 1.033251 16.96193 -14.14074 1.01019 16.95122 -14.14067 0.9897426 16.93173 -14.1407 0.977389 16.90867 -14.14079 0.9764389 16.88939 -14.15775 0.9882437 16.87748 -14.15791 1.007034 16.87657 -14.15803 1.02926 16.88689 -14.15809 1.048966 16.90568 -14.15807 1.060872 16.9279 -14.15798 1.061788 16.94761 -14.15783 1.051468 16.95952 -14.15768 1.032678 16.96043 -14.15755 1.010452 16.95011 -14.15749 0.9907457 16.93132 -14.15751 0.9788396 16.90909 -14.15761 0.9779238 16.91843 -14.14099 1.019947 16.90395 -14.15778 1.004056 16.898 -14.15785 1.013447 16.89754 -14.15791 1.024556 16.9027 -14.15795 1.034405 16.91209 -14.15794 1.040355 16.9232 -14.15789 1.040813 16.93305 -14.15782 1.035655 16.939 -14.15774 1.026264 16.93946 -14.15768 1.015156 16.9343 -14.15765 1.005307 16.92491 -14.15766 0.9993562 16.9138 -14.1577 0.9988985 16.904 -14.16966 1.003992 16.89805 -14.16974 1.013383 16.8976 -14.1698 1.024491 16.90275 -14.16983 1.03434 16.91215 -14.16982 1.040291 16.92325 -14.16978 1.040748 16.9331 -14.1697 1.035591 16.93905 -14.16963 1.026199 16.93951 -14.16956 1.015091 16.93435 -14.16953 1.005242 16.92496 -14.16954 0.9992915 16.91385 -14.16959 0.9988338 16.90396 -14.15878 1.004051 16.89801 -14.15886 1.013442 16.89755 -14.15893 1.02455 16.9027 -14.15896 1.034399 16.9121 -14.15895 1.04035 16.92321 -14.1589 1.040808 16.93305 -14.15883 1.03565 16.93901 -14.15875 1.026259 16.93946 -14.15869 1.01515 16.9343 -14.15866 1.005301 16.92491 -14.15867 0.9993507 16.9138 -14.15871 0.998893 16.90625 -14.16967 1.00643 16.90122 -14.16973 1.014372 16.90083 -14.16979 1.023766 16.90519 -14.16981 1.032094 16.91313 -14.1698 1.037126 16.92253 -14.16976 1.037513 16.93086 -14.1697 1.033152 16.93589 -14.16964 1.02521 16.93628 -14.16958 1.015817 16.93191 -14.16956 1.007488 16.92397 -14.16956 1.002456 16.91458 -14.16961 1.002069 16.89989 -14.14778 1.014107 16.90528 -14.1477 1.005602 16.89948 -14.14783 1.024167 16.90415 -14.14786 1.033086 16.91265 -14.14785 1.038475 16.92271 -14.14781 1.03889 16.93163 -14.14774 1.034219 16.93702 -14.14767 1.025714 16.93743 -14.14762 1.015654 16.93276 -14.14759 1.006735 16.92426 -14.1476 1.001346 16.9142 -14.14764 1.000931 16.90636 -14.16248 1.006625 16.90139 -14.16254 1.014474 16.90101 -14.16259 1.023759 16.90532 -14.16262 1.03199 16.91316 -14.16261 1.036964 16.92245 -14.16257 1.037346 16.93068 -14.16251 1.033035 16.93565 -14.16244 1.025186 16.93604 -14.16239 1.015902 16.93173 -14.16237 1.00767 16.92388 -14.16237 1.002697 16.91459 -14.16241 1.002314 16.90652 -14.19762 1.006434 16.90155 -14.19769 1.014283 16.90116 -14.19774 1.023567 16.90547 -14.19777 1.031799 16.91332 -14.19776 1.036773 16.92261 -14.19772 1.037155 16.93084 -14.19766 1.032844 16.93581 -14.19759 1.024995 16.9362 -14.19754 1.015711 16.93188 -14.19752 1.007479 16.92403 -14.19752 1.002506 16.91475 -14.19756 1.002123 16.90658 -14.21054 1.006364 16.9016 -14.2106 1.014213 16.90122 -14.21065 1.023497 16.90553 -14.21068 1.031729 16.91338 -14.21067 1.036702 16.92267 -14.21063 1.037085 16.9309 -14.21057 1.032774 16.93587 -14.21051 1.024925 16.93625 -14.21045 1.015641 16.93194 -14.21043 1.007409 16.92409 -14.21044 1.002435 16.91481 -14.21048 1.002053 17.04415 -14.20753 1.013331 17.04529 -14.20691 1.016442 17.04581 -14.20657 1.021764 17.04556 -14.2066 1.027873 17.04461 -14.207 1.033132 17.04321 -14.20766 1.03613 17.0426 -14.19982 1.013451 17.04375 -14.19919 1.016562 17.04426 -14.19886 1.021885 17.04401 -14.19889 1.027994 17.04306 -14.19929 1.033252 17.04166 -14.19994 1.03625 17.05535 -14.15798 1.013562 17.05292 -14.15715 1.013467 17.05607 -14.15647 1.01666 17.05634 -14.15562 1.021976 17.05609 -14.15565 1.028084 17.05539 -14.15657 1.03335 17.05441 -14.15811 1.036361 17.05198 -14.15728 1.036265 17.05364 -14.15564 1.016565 17.05391 -14.15479 1.02188 17.05366 -14.15482 1.027989 17.05295 -14.15573 1.033254 16.91874 -14.21055 1.019569</float_array>
          <technique_common>
            <accessor source="#Handle_Back_001-mesh-positions-array" count="146" stride="3">
              <param name="X" type="float"/>
              <param name="Y" type="float"/>
              <param name="Z" type="float"/>
            </accessor>
          </technique_common>
        </source>
        <source id="Handle_Back_001-mesh-normals">
          <float_array id="Handle_Back_001-mesh-normals-array" count="438">-0.004497289 0.9999751 0.005447447 -0.5358799 0.6177846 -0.5754781 -0.7538089 0.6150037 -0.231393 -0.770582 0.6126855 0.1755557 -0.5816485 0.6115402 0.5363802 -0.2375747 0.611887 0.754422 0.1694526 0.6136692 0.7711653 0.5303087 0.6162688 0.5822247 0.7483382 0.6190723 0.2382006 0.765038 0.6214607 -0.16883 0.5760007 0.6226208 -0.5296854 0.2319883 0.6221988 -0.7476965 -0.1749895 0.6204625 -0.7644639 -0.6892461 -0.690268 -0.2201588 -0.704651 -0.6924257 0.1549638 -0.5304481 -0.6934679 0.4875727 -0.2132948 -0.6930936 0.6885685 0.1618292 -0.6915043 0.7040122 0.6953865 -0.6864425 0.2126837 0.5366773 -0.6832454 -0.4951297 0.2194953 -0.6835919 -0.6960776 -0.1556349 -0.6852095 -0.7115236 -0.4882436 -0.6877056 -0.5372888 -0.4289999 -0.7694298 -0.4732199 -0.6047738 -0.7724047 -0.1940097 -0.6187682 -0.7738135 0.1354211 -0.4654953 -0.7747003 0.4279646 -0.1868057 -0.7743081 0.604608 0.14318 -0.7729579 0.6180903 0.4944421 -0.6890783 0.5298095 0.4356001 -0.7704623 0.4654465 0.612851 -0.7679139 0.1863386 0.6250978 -0.7672433 -0.1434949 0.710909 -0.6842638 -0.1624546 0.4724465 -0.7657625 -0.4363508 0.1937409 -0.7662181 -0.6126781 -0.1361489 -0.7671212 -0.626888 -0.9545006 -0.003621935 -0.2981873 -0.5099583 -0.6526092 -0.5603961 -0.6774987 0.001422584 -0.7355226 -0.7360025 -0.6572716 0.1621553 -0.9757505 -0.005726754 0.2188109 -0.735525 -0.007078886 0.6774606 -0.29843 -0.006461322 0.9544098 -0.5540692 -0.6584269 0.5093931 0.2188264 -0.00430113 0.9757543 -0.2229624 -0.6580877 0.719172 0.5158868 -0.6539595 0.5533515 0.6773655 -4.37631e-4 0.7356466 0.7254599 -0.6513916 0.2222544 0.9544694 0.00362724 0.2982869 0.7416841 -0.6490646 -0.169174 0.975748 0.004515349 -0.2188505 0.7354462 0.007054328 -0.6775464 0.2287843 -0.6481868 -0.7263001 0.2982841 0.006197571 -0.954457 -0.1626995 -0.6499605 -0.7423478 -0.2189387 0.004998624 -0.9757259 -0.7196617 -0.655325 -0.229426 0.4503263 -0.7520493 0.4812775 0.6330384 -0.7497609 0.1926684 0.6467984 -0.7480934 -0.1483517 0.4885745 -0.7470315 -0.4508205 0.2001535 -0.7474406 -0.6334596 -0.1409084 -0.7487738 -0.6476748 0.1686952 -0.6565066 0.735215 -0.4433008 -0.7510322 -0.4893213 -0.6263023 -0.7531976 -0.2010947 -0.640387 -0.7551175 0.1403646 0.5599269 -0.6479626 -0.5163587 -0.4817615 -0.7561923 0.4428085 -0.1934711 -0.7559338 0.6254064 0.1477623 -0.7543873 0.6395828 0.9525553 0.06127536 0.2981337 0.9737963 0.06427782 -0.2181499 0.7340725 0.06556165 -0.675899 0.2975566 0.06508594 -0.952483 -0.2187262 0.06285101 -0.9737601 -0.6765056 0.05955678 -0.7340254 -0.9530799 0.05599528 -0.2974952 -0.9743405 0.05295705 0.2187604 -0.7346073 0.05146813 0.6765376 -0.2980722 0.05202019 0.9531249 0.2181848 0.05427426 0.9743971 0.6759887 0.05755466 0.734661 -0.6773557 9.05005e-4 -0.7356551 -0.9544528 -0.002635538 -0.2983504 -0.9544479 -0.002739727 -0.2983652 -0.9757405 -0.005666971 0.2188571 -0.9757469 -0.005547285 0.2188316 -0.735616 -0.0070225 0.6773624 -0.7356068 -0.006979346 0.6773729 -0.2983592 -0.006563484 0.9544312 -0.298357 -0.006516158 0.9544321 0.1008228 0.07228422 0.9922751 0.2188355 -0.004323542 0.9757522 0.6774219 -8.91125e-4 0.7355942 0.4366958 0.7532624 0.4918258 0.9544445 0.002784132 0.2983757 0.6131433 0.7645452 0.1988118 0.6269631 0.7665268 -0.1391189 0.97574 0.005667746 -0.2188594 0.7355538 0.007035374 -0.6774299 0.4753513 0.7584927 -0.4457915 0.1826432 0.08299827 -0.9796698 0.2983541 0.006554067 -0.9544327 -0.218842 0.004309833 -0.9757509 -0.2188989 0.004330277 -0.975738 -0.6774169 9.23836e-4 -0.7355988 -0.719708 -0.6552563 -0.2294771 -0.7359041 -0.6574016 0.1620754 -0.5540014 -0.6585361 0.5093258 -0.2229626 -0.6581355 0.7191283 -0.006701529 -0.7058246 0.708355 -0.1627905 -0.6498746 -0.7424031 -0.5099664 -0.6524857 -0.5605325 0.05271166 -0.6975733 -0.714572 -0.2038833 0.4513258 -0.8687559 0.4298453 -0.6931215 -0.5786325 0.01893889 -0.9995732 -0.0222404 0.6701658 -0.7387194 -0.07191461 0.0216484 -0.9997212 -0.009431898 0.665444 -0.7464436 0.002536058 0.02127301 -0.9997738 5.16339e-6 0.6641007 -0.7463309 0.04427981 0.6639249 -0.7380838 0.12015 0.01748514 -0.9997685 0.01254147 0.3890511 -0.7037655 0.5944353 -0.2069583 0.4309735 0.8783109 -0.6487612 0.7582859 0.06412255 -0.6434169 0.7655059 -0.003930568 -0.6438843 0.756968 -0.111411 -0.6425878 0.7650995 -0.0412755 0.6623279 0.2421944 -0.7089878 0.8378874 0.4817929 -0.2565547 0.8592395 0.5098868 -0.04151195 0.8525448 0.509244 0.1176361 0.8132805 0.4794425 0.3297118 0.6063075 0.2433007 0.7570971 -0.5570823 0.5667271 0.6070253 -0.5042209 0.5654473 -0.6527103 -0.4445353 0.8676054 -0.2228212 -0.4620737 0.8859338 0.04011887 -0.4572541 0.8867619 -0.06761842 -0.46283 0.8645887 0.1956395 0.004472613 -0.9999752 -0.005445063</float_array>
          <technique_common>
            <accessor source="#Handle_Back_001-mesh-normals-array" count="146" stride="3">
              <param name="X" type="float"/>
              <param name="Y" type="float"/>
              <param name="Z" type="float"/>
            </accessor>
          </technique_common>
        </source>
        <vertices id="Handle_Back_001-mesh-vertices">
          <input semantic="POSITION" source="#Handle_Back_001-mesh-positions"/>
        </vertices>
        <triangles material="steel-material" count="264">
          <input semantic="VERTEX" source="#Handle_Back_001-mesh-vertices" offset="0"/>
          <input semantic="NORMAL" source="#Handle_Back_001-mesh-normals" offset="1"/>
          <p>24 0 0 1 1 2 24 0 1 2 2 3 24 0 2 3 3 4 24 0 3 4 4 5 24 0 4 5 5 6 24 0 5 6 6 7 24 0 6 7 7 8 24 0 7 8 8 9 24 0 8 9 9 10 24 0 9 10 10 11 24 0 10 11 11 12 11 12 0 1 24 0 0 1 13 13 1 2 13 13 2 3 1 2 14 14 3 4 2 3 15 15 4 5 3 4 16 16 5 6 4 5 17 17 6 7 5 6 6 7 19 18 7 8 19 18 8 9 7 8 8 9 21 19 9 10 9 10 22 20 10 11 10 11 23 21 11 12 12 22 11 12 23 21 13 13 25 23 26 24 13 13 27 25 14 14 14 14 28 26 15 15 15 15 29 27 16 16 17 17 29 27 30 28 18 29 30 28 31 30 18 29 32 31 19 18 19 18 33 32 20 33 20 33 34 34 21 19 21 19 35 35 22 20 22 20 36 36 23 21 12 22 36 36 25 23 25 23 50 37 26 24 37 38 50 37 49 39 50 37 27 25 26 24 50 37 39 40 51 41 27 25 52 42 28 26 39 40 52 42 51 41 28 26 53 43 29 27 40 44 53 43 52 42 29 27 54 45 30 28 41 46 54 45 53 43 54 45 31 30 30 28 54 45 43 47 55 48 55 48 32 31 31 30 55 48 44 49 56 50 56 50 33 32 32 31 56 50 45 51 57 52 57 52 34 34 33 32 45 51 58 53 57 52 58 53 35 35 34 34 58 53 47 54 59 55 59 55 36 36 35 35 59 55 48 56 60 57 36 36 49 39 25 23 60 57 37 38 49 39 38 58 61 59 62 60 38 58 63 61 39 40 40 44 63 61 64 62 40 44 65 63 41 46 41 46 66 64 42 65 42 65 67 66 43 47 44 49 67 66 68 67 44 49 69 68 45 51 46 69 69 68 70 70 47 54 70 70 71 71 48 56 71 71 72 72 48 56 61 59 37 38 61 59 73 73 62 60 63 61 73 73 75 74 63 61 76 75 64 62 64 62 77 76 65 63 66 64 77 76 78 77 66 64 79 78 67 66 68 67 79 78 80 79 68 67 81 80 69 68 70 70 81 80 82 81 70 70 83 82 71 71 72 72 83 82 84 83 72 72 74 84 61 59 85 85 98 86 86 87 87 88 98 86 99 89 88 90 99 89 100 91 88 90 101 92 89 93 89 93 102 94 90 95 91 96 102 94 103 97 92 98 103 97 104 99 92 98 105 100 93 101 94 102 105 100 106 103 94 102 107 104 95 105 96 106 107 104 108 107 97 108 96 106 108 107 97 108 110 109 98 86 99 89 110 109 111 110 100 91 111 110 112 111 100 91 113 112 101 92 102 94 113 112 114 113 107 104 120 114 108 107 108 107 109 115 97 108 119 116 127 117 121 118 118 119 121 118 122 120 117 121 122 120 123 122 116 123 123 122 124 124 116 123 125 125 115 126 115 126 126 127 114 113 114 113 132 128 102 94 106 103 127 117 107 104 105 100 128 129 106 103 104 99 129 130 105 100 104 99 131 131 130 132 103 97 132 128 131 131 127 117 133 133 121 118 122 120 133 133 135 134 123 122 135 134 136 135 123 122 137 136 124 124 124 124 138 137 125 125 125 125 139 138 126 127 132 128 139 138 140 139 128 129 134 140 127 117 129 130 141 141 128 129 129 130 143 142 142 143 130 132 144 144 143 142 131 131 140 139 144 144 144 144 139 138 138 137 143 142 138 137 137 136 142 143 137 136 136 135 135 134 142 143 136 135 133 133 141 141 135 134 110 109 109 115 145 145 111 110 110 109 145 145 112 111 111 110 145 145 113 112 112 111 145 145 114 113 113 112 145 145 115 126 114 113 145 145 116 123 115 126 145 145 117 121 116 123 145 145 118 119 117 121 145 145 119 116 118 119 145 145 120 114 119 116 145 145 109 115 120 114 145 145 0 1 12 22 13 13 13 13 14 14 2 3 14 14 15 15 3 4 15 15 16 16 4 5 16 16 17 17 5 6 17 17 18 29 6 7 6 7 18 29 19 18 19 18 20 33 8 9 8 9 20 33 21 19 9 10 21 19 22 20 10 11 22 20 23 21 12 22 0 1 11 12 13 13 12 22 25 23 13 13 26 24 27 25 14 14 27 25 28 26 15 15 28 26 29 27 17 17 16 16 29 27 18 29 17 17 30 28 18 29 31 30 32 31 19 18 32 31 33 32 20 33 33 32 34 34 21 19 34 34 35 35 22 20 35 35 36 36 12 22 23 21 36 36 25 23 49 39 50 37 37 38 38 58 50 37 50 37 51 41 27 25 50 37 38 58 39 40 27 25 51 41 52 42 39 40 40 44 52 42 28 26 52 42 53 43 40 44 41 46 53 43 29 27 53 43 54 45 41 46 42 65 54 45 54 45 55 48 31 30 54 45 42 65 43 47 55 48 56 50 32 31 55 48 43 47 44 49 56 50 57 52 33 32 56 50 44 49 45 51 57 52 58 53 34 34 45 51 46 69 58 53 58 53 59 55 35 35 58 53 46 69 47 54 59 55 60 57 36 36 59 55 47 54 48 56 36 36 60 57 49 39 60 57 48 56 37 38 38 58 37 38 61 59 38 58 62 60 63 61 40 44 39 40 63 61 40 44 64 62 65 63 41 46 65 63 66 64 42 65 66 64 67 66 44 49 43 47 67 66 44 49 68 67 69 68 46 69 45 51 69 68 47 54 46 69 70 70 48 56 47 54 71 71 48 56 72 72 61 59 61 59 74 84 73 73 63 61 62 60 73 73 63 61 75 74 76 75 64 62 76 75 77 76 66 64 65 63 77 76 66 64 78 77 79 78 68 67 67 66 79 78 68 67 80 79 81 80 70 70 69 68 81 80 70 70 82 81 83 82 72 72 71 71 83 82 72 72 84 83 74 84 85 85 97 108 98 86 87 88 86 87 98 86 88 90 87 88 99 89 88 90 100 91 101 92 89 93 101 92 102 94 91 96 90 95 102 94 92 98 91 96 103 97 92 98 104 99 105 100 94 102 93 101 105 100 94 102 106 103 107 104 96 106 95 105 107 104 97 108 85 85 96 106 97 108 109 115 110 109 99 89 98 86 110 109 100 91 99 89 111 110 100 91 112 111 113 112 102 94 101 92 113 112 107 104 119 116 120 114 108 107 120 114 109 115 119 116 107 104 127 117 118 119 119 116 121 118 117 121 118 119 122 120 116 123 117 121 123 122 116 123 124 124 125 125 115 126 125 125 126 127 114 113 126 127 132 128 106 103 128 129 127 117 105 100 129 130 128 129 104 99 130 132 129 130 104 99 103 97 131 131 103 97 102 94 132 128 127 117 134 140 133 133 122 120 121 118 133 133 123 122 122 120 135 134 123 122 136 135 137 136 124 124 137 136 138 137 125 125 138 137 139 138 132 128 126 127 139 138 128 129 141 141 134 140 129 130 142 143 141 141 129 130 130 132 143 142 130 132 131 131 144 144 131 131 132 128 140 139 144 144 140 139 139 138 143 142 144 144 138 137 142 143 143 142 137 136 135 134 141 141 142 143 133 133 134 140 141 141</p>
        </triangles>
      </mesh>
    </geometry>
    <geometry id="Door_001-mesh" name="Door.001">
      <mesh>
        <source id="Door_001-mesh-positions">
          <float_array id="Door_001-mesh-positions-array" count="24">16.84641 -14.14316 0.003962516 16.84641 -14.09416 0.003962516 17.56241 -14.09416 0.003962516 17.56241 -14.14316 0.003962516 16.84641 -14.14316 1.983963 16.84641 -14.09416 1.983963 17.56241 -14.09416 1.983963 17.56241 -14.14316 1.983963</float_array>
          <technique_common>
            <accessor source="#Door_001-mesh-positions-array" count="8" stride="3">
              <param name="X" type="float"/>
              <param name="Y" type="float"/>
              <param name="Z" type="float"/>
            </accessor>
          </technique_common>
        </source>
        <source id="Door_001-mesh-normals">
          <float_array id="Door_001-mesh-normals-array" count="36">-1 0 0 0 1 0 1 0 0 0 -1 0 0 0 -1 0 0 1 -1 0 0 0 1 0 1 0 0 0 -1 0 0 0 -1 0 0 1</float_array>
          <technique_common>
            <accessor source="#Door_001-mesh-normals-array" count="12" stride="3">
              <param name="X" type="float"/>
              <param name="Y" type="float"/>
              <param name="Z" type="float"/>
            </accessor>
          </technique_common>
        </source>
        <vertices id="Door_001-mesh-vertices">
          <input semantic="POSITION" source="#Door_001-mesh-positions"/>
        </vertices>
        <triangles material="fine_grained_wood-material" count="12">
          <input semantic="VERTEX" source="#Door_001-mesh-vertices" offset="0"/>
          <input semantic="NORMAL" source="#Door_001-mesh-normals" offset="1"/>
          <p>5 0 0 0 4 0 6 1 1 1 5 1 7 2 2 2 6 2 4 3 3 3 7 3 1 4 3 4 0 4 6 5 4 5 7 5 5 6 1 6 0 6 6 7 2 7 1 7 7 8 3 8 2 8 4 9 0 9 3 9 1 10 2 10 3 10 6 11 5 11 4 11</p>
        </triangles>
      </mesh>
    </geometry>
    <geometry id="DoorFrane_001-mesh" name="DoorFrane.001">
      <mesh>
        <source id="DoorFrane_001-mesh-positions">
          <float_array id="DoorFrane_001-mesh-positions-array" count="96">16.79441 -14.14798 -3.74317e-5 16.79441 -14.03798 -3.74317e-5 16.84441 -14.03798 -3.74317e-5 16.79441 -14.14798 2.039962 16.79441 -14.03798 2.039962 17.61441 -14.03798 2.039962 17.61441 -14.14798 2.039962 17.56441 -14.14798 1.989963 16.84441 -14.03798 1.989963 17.56441 -14.14798 -3.74317e-5 17.61441 -14.14798 -3.74317e-5 17.61441 -14.03798 -3.74317e-5 17.56441 -14.09298 1.989963 16.84441 -14.09298 1.989963 16.84441 -14.09298 -3.74317e-5 16.86441 -14.09298 1.989963 16.86441 -14.09298 -3.74317e-5 16.86441 -14.03798 1.989963 16.86441 -14.03798 -3.74317e-5 17.56441 -14.09298 -3.74317e-5 16.84441 -14.14798 1.989963 16.84441 -14.14798 -3.74317e-5 17.56441 -14.03798 1.989963 17.56441 -14.03798 -3.74317e-5 17.54441 -14.03798 -3.74317e-5 17.54441 -14.09298 -3.74317e-5 17.54441 -14.03798 1.989963 17.54441 -14.09298 1.969962 17.54441 -14.09298 1.989963 16.86441 -14.03798 1.969962 16.86441 -14.09298 1.969962 17.54441 -14.03798 1.969962</float_array>
          <technique_common>
            <accessor source="#DoorFrane_001-mesh-positions-array" count="32" stride="3">
              <param name="X" type="float"/>
              <param name="Y" type="float"/>
              <param name="Z" type="float"/>
            </accessor>
          </technique_common>
        </source>
        <source id="DoorFrane_001-mesh-normals">
          <float_array id="DoorFrane_001-mesh-normals-array" count="141">-1 0 0 -1 0 0 0 0 1 1 0 0 1 0 0 1 0 0 0 1 0 0 0 -1 0 -1 0 0 -1 0 0 -1 0 0 1 0 0 0 -1 0 -1 0 0 1 0 0 0 -1 0 1 0 0 -1 0 -1 0 0 0 0 -1 0 1 0 0 1 0 0 -1 0 0 0 1 -1 0 0 -1 0 0 0 0 1 1 0 0 1 0 0 1 0 0 0 1 0 0 0 -1 0 -1 0 0 -1 0 0 -1 0 0 1 0 0 0 -1 0 -1 0 0 1 0 0 0 -1 0 1 0 0 -1 0 -1 0 0 0 0 -1 0 1 0 0 1 0 0 -1 0</float_array>
          <technique_common>
            <accessor source="#DoorFrane_001-mesh-normals-array" count="47" stride="3">
              <param name="X" type="float"/>
              <param name="Y" type="float"/>
              <param name="Z" type="float"/>
            </accessor>
          </technique_common>
        </source>
        <vertices id="DoorFrane_001-mesh-vertices">
          <input semantic="POSITION" source="#DoorFrane_001-mesh-positions"/>
        </vertices>
        <triangles material="Plastic-material" count="47">
          <input semantic="VERTEX" source="#DoorFrane_001-mesh-vertices" offset="0"/>
          <input semantic="NORMAL" source="#DoorFrane_001-mesh-normals" offset="1"/>
          <p>4 0 0 0 3 0 12 1 9 1 7 1 3 2 5 2 4 2 11 3 6 3 10 3 20 4 14 4 13 4 15 5 18 5 17 5 11 6 22 6 5 6 13 7 7 7 20 7 20 8 0 8 21 8 10 9 7 9 9 9 14 10 15 10 13 10 8 11 1 11 4 11 31 12 30 12 29 12 6 13 20 13 7 13 4 14 22 14 8 14 2 15 16 15 14 15 18 16 8 16 17 16 25 17 12 17 28 17 26 18 25 18 28 18 24 19 19 19 25 19 23 20 26 20 22 20 17 21 31 21 29 21 30 22 28 22 15 22 8 23 22 23 26 23 4 24 1 24 0 24 12 25 19 25 9 25 3 26 6 26 5 26 11 27 5 27 6 27 20 28 21 28 14 28 15 29 16 29 18 29 11 30 23 30 22 30 13 31 12 31 7 31 20 32 3 32 0 32 10 33 6 33 7 33 14 34 16 34 15 34 8 35 2 35 1 35 31 36 27 36 30 36 6 37 3 37 20 37 4 38 5 38 22 38 2 39 18 39 16 39 18 40 2 40 8 40 25 41 19 41 12 41 26 42 24 42 25 42 24 43 23 43 19 43 23 44 24 44 26 44 17 45 26 45 31 45 30 46 27 46 28 46</p>
        </triangles>
      </mesh>
    </geometry>
  </library_geometries>
  <library_visual_scenes>
    <visual_scene id="Scene" name="Scene">
      <node id="Cube_013" name="Cube.013" type="NODE">
        <matrix sid="transform">-1 -3.25841e-7 0 32.46194 3.25841e-7 -1 0 -13.08202 0 0 1 0.9797084 0 0 0 1</matrix>
        <instance_geometry url="#Cube_017-mesh" name="Cube.013"/>
      </node>
      <node id="Cube_012" name="Cube.012" type="NODE">
        <matrix sid="transform">1 0 0 25.68856 0 1 0 -15.15993 0 0 1 0.9797084 0 0 0 1</matrix>
        <instance_geometry url="#Cube_016-mesh" name="Cube.012"/>
      </node>
      <node id="Cube_011" name="Cube.011" type="NODE">
        <matrix sid="transform">1 0 0 36.09254 0 1 0 -11.17144 0 0 1 0.9797084 0 0 0 1</matrix>
        <instance_geometry url="#Cube_015-mesh" name="Cube.011"/>
      </node>
      <node id="Cube_010" name="Cube.010" type="NODE">
        <matrix sid="transform">-4.37114e-8 1 0 35.11905 -1 -4.37114e-8 0 -13.06895 0 0 1 1 0 0 0 1</matrix>
        <instance_geometry url="#Cube_014-mesh" name="Cube.010"/>
      </node>
      <node id="Cube_009" name="Cube.009" type="NODE">
        <matrix sid="transform">1 0 0 31.20348 0 1 0 -11.00963 0 0 1 0.9797084 0 0 0 1</matrix>
        <instance_geometry url="#Cube_013-mesh" name="Cube.009"/>
      </node>
      <node id="Cube_008" name="Cube.008" type="NODE">
        <matrix sid="transform">1 0 0 28.94035 0 1 0 -11.00673 0 0 1 0.9797084 0 0 0 1</matrix>
        <instance_geometry url="#Cube_012-mesh" name="Cube.008"/>
      </node>
      <node id="Cube_007" name="Cube.007" type="NODE">
        <matrix sid="transform">1 0 0 26.5787 0 1 0 -11.02122 0 0 1 0.9797084 0 0 0 1</matrix>
        <instance_geometry url="#Cube_011-mesh" name="Cube.007"/>
      </node>
      <node id="Cube_006" name="Cube.006" type="NODE">
        <matrix sid="transform">1 0 0 22.81231 0 1 0 -12.75345 0 0 1 0.9797084 0 0 0 1</matrix>
        <instance_geometry url="#Cube_008-mesh" name="Cube.006"/>
      </node>
      <node id="Cube_005" name="Cube.005" type="NODE">
        <matrix sid="transform">1 0 0 23.25502 0 1 0 -14.84948 0 0 1 0.9797084 0 0 0 1</matrix>
        <instance_geometry url="#Cube_007-mesh" name="Cube.005"/>
      </node>
      <node id="Cube_004" name="Cube.004" type="NODE">
        <matrix sid="transform">1 0 0 22.25691 0 1 0 -14.84948 0 0 1 0.9797084 0 0 0 1</matrix>
        <instance_geometry url="#Cube_006-mesh" name="Cube.004"/>
      </node>
      <node id="Cube_003" name="Cube.003" type="NODE">
        <matrix sid="transform">1 0 0 27.58131 0 1 0 -13.39737 0 0 1 0.9797084 0 0 0 1</matrix>
        <instance_geometry url="#Cube_005-mesh" name="Cube.003"/>
      </node>
      <node id="Cube_002" name="Cube.002" type="NODE">
        <matrix sid="transform">1 0 0 31.16152 0 1 0 -13.34729 0 0 1 0.9797084 0 0 0 1</matrix>
        <instance_geometry url="#Cube_003-mesh" name="Cube.002"/>
      </node>
      <node id="Cube_001" name="Cube.001" type="NODE">
        <matrix sid="transform">1 0 0 28.88329 0 1 0 -13.1777 0 0 1 0.9999628 0 0 0 1</matrix>
        <instance_geometry url="#Cube_001-mesh" name="Cube.001"/>
      </node>
      <node id="Cube" name="Cube" type="NODE">
        <matrix sid="transform">1 0 0 25.05366 0 1 0 -15.723 0 0 1 1.152409 0 0 0 1</matrix>
        <instance_geometry url="#Cube-mesh" name="Cube"/>
      </node>
      <node id="Circle" name="Circle" type="NODE">
        <matrix sid="transform">0.0927657 0 0 31.06734 0 0.0927657 0 -15.88214 0 0 0.0927657 -1.0483e-5 0 0 0 1</matrix>
        <instance_geometry url="#Circle-mesh" name="Circle"/>
      </node>
      <node id="Plane_016" name="Plane.016" type="NODE">
        <matrix sid="transform">1 0 0 29.47474 0 1 0 -15.55017 0 0 1 -4.04119e-5 0 0 0 1</matrix>
        <instance_geometry url="#Plane_023-mesh" name="Plane.016"/>
      </node>
      <node id="Plane_015" name="Plane.015" type="NODE">
        <matrix sid="transform">1 0 0 27.21142 0 1 0 -15.55017 0 0 1 -4.04119e-5 0 0 0 1</matrix>
        <instance_geometry url="#Plane_022-mesh" name="Plane.015"/>
      </node>
      <node id="Plane_014" name="Plane.014" type="NODE">
        <matrix sid="transform">1 0 0 25.07093 0 1 0 -18.37707 0 0 1 -3.71933e-5 0 0 0 1</matrix>
        <instance_geometry url="#Plane_021-mesh" name="Plane.014"/>
      </node>
      <node id="Plane_013" name="Plane.013" type="NODE">
        <matrix sid="transform">1 0 0 25.05651 0 1 0 -25.7947 0 0 1 -3.71933e-5 0 0 0 1</matrix>
        <instance_geometry url="#Plane_020-mesh" name="Plane.013"/>
      </node>
      <node id="Plane_012" name="Plane.012" type="NODE">
        <matrix sid="transform">1 0 0 25.05651 0 1 0 -23.72046 0 0 1 -3.71933e-5 0 0 0 1</matrix>
        <instance_geometry url="#Plane_019-mesh" name="Plane.012"/>
      </node>
      <node id="Plane_011" name="Plane.011" type="NODE">
        <matrix sid="transform">1 0 0 25.05651 0 1 0 -21.44459 0 0 1 -3.71933e-5 0 0 0 1</matrix>
        <instance_geometry url="#Plane_018-mesh" name="Plane.011"/>
      </node>
      <node id="Plane_010" name="Plane.010" type="NODE">
        <matrix sid="transform">-1.77504e-8 -1.054926 0 17.15207 0.4060823 -4.61123e-8 0 -18.47586 0 0 1 -6.58035e-5 0 0 0 1</matrix>
        <instance_geometry url="#Plane_014-mesh" name="Plane.010"/>
      </node>
      <node id="Plane_009" name="Plane.009" type="NODE">
        <matrix sid="transform">0.4060823 0 0 15.39482 0 1.054926 0 -16.98896 0 0 1 -6.58035e-5 0 0 0 1</matrix>
        <instance_geometry url="#Plane_013-mesh" name="Plane.009"/>
      </node>
      <node id="Plane_008" name="Plane.008" type="NODE">
        <matrix sid="transform">0.8780953 -0.4784859 0 12.9691 0.4784859 0.8780953 0 -17.48116 0 0 1 -3.71933e-5 0 0 0 1</matrix>
        <instance_geometry url="#Plane_012-mesh" name="Plane.008"/>
      </node>
      <node id="Plane_007" name="Plane.007" type="NODE">
        <matrix sid="transform">0.5628236 0 0 13.61146 0 0.8692094 0 -12.80318 0 0 1 -3.74019e-5 0 0 0 1</matrix>
        <instance_geometry url="#Plane_011-mesh" name="Plane.007"/>
      </node>
      <node id="Plane_006" name="Plane.006" type="NODE">
        <matrix sid="transform">3.585208 0 0 6.814185 0 0.6805725 0 -11.7841 0 0 1 -0.6421901 0 0 0 1</matrix>
        <instance_geometry url="#Plane_010-mesh" name="Plane.006"/>
      </node>
      <node id="Plane_005" name="Plane.005" type="NODE">
        <matrix sid="transform">1 0 0 7.899271 0 1 0 -7.32237 0 0 1 -3.74019e-5 0 0 0 1</matrix>
        <instance_geometry url="#Plane_009-mesh" name="Plane.005"/>
      </node>
      <node id="Plane_004" name="Plane.004" type="NODE">
        <matrix sid="transform">-1 -3.25841e-7 0 2.96787 3.25841e-7 -1 0 -6.634966 0 0 1 -3.74019e-5 0 0 0 1</matrix>
        <instance_geometry url="#Plane_008-mesh" name="Plane.004"/>
      </node>
      <node id="Plane_003" name="Plane.003" type="NODE">
        <matrix sid="transform">-5.38219e-8 1.515622 0 -0.3835224 -1.231301 -6.62499e-8 0 -10.83946 0 0 1.17254 -3.71933e-5 0 0 0 1</matrix>
        <instance_geometry url="#Plane_007-mesh" name="Plane.003"/>
      </node>
      <node id="Plane_002" name="Plane.002" type="NODE">
        <matrix sid="transform">1.304385 0 0 -0.6399077 0 1.304385 0 -14.59811 0 0 1.304385 -3.71933e-5 0 0 0 1</matrix>
        <instance_geometry url="#Plane_006-mesh" name="Plane.002"/>
      </node>
      <node id="Plane_001" name="Plane.001" type="NODE">
        <matrix sid="transform">1.231301 0 0 7.745007 0 1.515622 0 -17.27065 0 0 1.17254 -3.71933e-5 0 0 0 1</matrix>
        <instance_geometry url="#Plane_005-mesh" name="Plane.001"/>
      </node>
      <node id="Plane" name="Plane" type="NODE">
        <matrix sid="transform">1 0 0 2.547429 0 1 0 -17.76887 0 0 1 -3.74019e-5 0 0 0 1</matrix>
        <instance_geometry url="#Plane_003-mesh" name="Plane"/>
      </node>
      <node id="Safety_corridors" name="Safety corridors" type="NODE">
        <matrix sid="transform">1 0 0 0 0 1 0 0 0 0 1 0 0 0 0 1</matrix>
        <instance_geometry url="#Plane_002-mesh" name="Safety corridors">
          <bind_material>
            <technique_common>
              <instance_material symbol="Material_001-material" target="#Material_001-material">
                <bind_vertex_input semantic="UVMap" input_semantic="TEXCOORD" input_set="0"/>
              </instance_material>
            </technique_common>
          </bind_material>
        </instance_geometry>
      </node>
      <node id="Floor" name="Floor" type="NODE">
        <matrix sid="transform">1 0 0 0 0 1 0 0 0 0 1 0 0 0 0 1</matrix>
        <instance_geometry url="#Plane_001-mesh" name="Floor">
          <bind_material>
            <technique_common>
              <instance_material symbol="Mortar_Surface_Light_Trowel_Finish-material" target="#Mortar_Surface_Light_Trowel_Finish-material">
                <bind_vertex_input semantic="UVMap" input_semantic="TEXCOORD" input_set="0"/>
              </instance_material>
            </technique_common>
          </bind_material>
        </instance_geometry>
      </node>
      <node id="Walls" name="Walls" type="NODE">
        <matrix sid="transform">1 0 0 0 0 1 0 0 0 0 1 0 0 0 0 1</matrix>
        <instance_geometry url="#Plane-mesh" name="Walls">
          <bind_material>
            <technique_common>
              <instance_material symbol="Bricks-material" target="#Bricks-material">
                <bind_vertex_input semantic="automap" input_semantic="TEXCOORD" input_set="0"/>
              </instance_material>
              <instance_material symbol="Material_003-material" target="#Material_003-material">
                <bind_vertex_input semantic="automap" input_semantic="TEXCOORD" input_set="0"/>
              </instance_material>
            </technique_common>
          </bind_material>
        </instance_geometry>
      </node>
      <node id="Window_Group_001" name="Window_Group.001" type="NODE">
        <matrix sid="transform">1 0 0 34.04745 0 1 0 -9.407009 0 0 1 0.9144 0 0 0 1</matrix>
        <node id="Window_004" name="Window.004" type="NODE">
          <matrix sid="transform">1 0 0 0 0 1 0 0 0 0 1 0 0 0 0 1</matrix>
          <instance_geometry url="#Window_006-mesh" name="Window.004">
            <bind_material>
              <technique_common>
                <instance_material symbol="Plastic-material" target="#Plastic-material"/>
                <instance_material symbol="Plastic-material" target="#Plastic-material"/>
                <instance_material symbol="Glass-material" target="#Glass-material"/>
                <instance_material symbol="Marble-material" target="#Marble-material"/>
              </technique_common>
            </bind_material>
          </instance_geometry>
        </node>
      </node>
      <node id="Window_Group" name="Window_Group" type="NODE">
        <matrix sid="transform">1 0 0 23.78672 0 1 0 -9.418137 0 0 1 0.9258257 0 0 0 1</matrix>
        <node id="Window" name="Window" type="NODE">
          <matrix sid="transform">1 0 0 0 0 1 0 0 0 0 1 0 0 0 0 1</matrix>
          <instance_geometry url="#Window_001-mesh" name="Window">
            <bind_material>
              <technique_common>
                <instance_material symbol="Plastic-material" target="#Plastic-material"/>
                <instance_material symbol="Plastic-material" target="#Plastic-material"/>
                <instance_material symbol="Glass-material" target="#Glass-material"/>
                <instance_material symbol="Marble-material" target="#Marble-material"/>
              </technique_common>
            </bind_material>
          </instance_geometry>
        </node>
      </node>
      <node id="Window_Group_007" name="Window_Group.007" type="NODE">
        <matrix sid="transform">1 0 0 0 0 1 0 0 0 0 1 0 0 0 0 1</matrix>
        <node id="Window_010" name="Window.010" type="NODE">
          <matrix sid="transform">1 0 0 0 0 1 0 0 0 0 1 0 0 0 0 1</matrix>
          <instance_geometry url="#Window_021-mesh" name="Window.010">
            <bind_material>
              <technique_common>
                <instance_material symbol="Plastic-material" target="#Plastic-material"/>
                <instance_material symbol="Plastic-material" target="#Plastic-material"/>
                <instance_material symbol="Glass-material" target="#Glass-material"/>
                <instance_material symbol="Marble-material" target="#Marble-material"/>
              </technique_common>
            </bind_material>
          </instance_geometry>
        </node>
      </node>
      <node id="Window_Group_006" name="Window_Group.006" type="NODE">
        <matrix sid="transform">1 0 0 0 0 1 0 0 0 0 1 0 0 0 0 1</matrix>
        <node id="Window_009" name="Window.009" type="NODE">
          <matrix sid="transform">1 0 0 0 0 1 0 0 0 0 1 0 0 0 0 1</matrix>
          <instance_geometry url="#Window_020-mesh" name="Window.009">
            <bind_material>
              <technique_common>
                <instance_material symbol="Plastic-material" target="#Plastic-material"/>
                <instance_material symbol="Plastic-material" target="#Plastic-material"/>
                <instance_material symbol="Glass-material" target="#Glass-material"/>
                <instance_material symbol="Marble-material" target="#Marble-material"/>
              </technique_common>
            </bind_material>
          </instance_geometry>
        </node>
      </node>
      <node id="Window_Group_005" name="Window_Group.005" type="NODE">
        <matrix sid="transform">1 0 0 0 0 1 0 0 0 0 1 0 0 0 0 1</matrix>
        <node id="Window_008" name="Window.008" type="NODE">
          <matrix sid="transform">1 0 0 0 0 1 0 0 0 0 1 0 0 0 0 1</matrix>
          <instance_geometry url="#Window_018-mesh" name="Window.008">
            <bind_material>
              <technique_common>
                <instance_material symbol="Plastic-material" target="#Plastic-material"/>
                <instance_material symbol="Plastic-material" target="#Plastic-material"/>
                <instance_material symbol="Glass-material" target="#Glass-material"/>
                <instance_material symbol="Marble-material" target="#Marble-material"/>
              </technique_common>
            </bind_material>
          </instance_geometry>
        </node>
      </node>
      <node id="Window_Group_004" name="Window_Group.004" type="NODE">
        <matrix sid="transform">1 0 0 0 0 1 0 0 0 0 1 0 0 0 0 1</matrix>
        <node id="Window_007" name="Window.007" type="NODE">
          <matrix sid="transform">1 0 0 0 0 1 0 0 0 0 1 0 0 0 0 1</matrix>
          <instance_geometry url="#Window_017-mesh" name="Window.007">
            <bind_material>
              <technique_common>
                <instance_material symbol="Plastic-material" target="#Plastic-material"/>
                <instance_material symbol="Plastic-material" target="#Plastic-material"/>
                <instance_material symbol="Glass-material" target="#Glass-material"/>
                <instance_material symbol="Marble-material" target="#Marble-material"/>
              </technique_common>
            </bind_material>
          </instance_geometry>
        </node>
      </node>
      <node id="Window_Group_003" name="Window_Group.003" type="NODE">
        <matrix sid="transform">1 0 0 0 0 1 0 0 0 0 1 0 0 0 0 1</matrix>
        <node id="Window_003" name="Window.003" type="NODE">
          <matrix sid="transform">1 0 0 0 0 1 0 0 0 0 1 0 0 0 0 1</matrix>
          <instance_geometry url="#Window_005-mesh" name="Window.003">
            <bind_material>
              <technique_common>
                <instance_material symbol="Plastic-material" target="#Plastic-material"/>
                <instance_material symbol="Plastic-material" target="#Plastic-material"/>
                <instance_material symbol="Glass-material" target="#Glass-material"/>
                <instance_material symbol="Marble-material" target="#Marble-material"/>
              </technique_common>
            </bind_material>
          </instance_geometry>
        </node>
      </node>
      <node id="Window_Group_002" name="Window_Group.002" type="NODE">
        <matrix sid="transform">1 0 0 0 0 1 0 0 0 0 1 0 0 0 0 1</matrix>
        <node id="Window_002" name="Window.002" type="NODE">
          <matrix sid="transform">1 0 0 0 0 1 0 0 0 0 1 0 0 0 0 1</matrix>
          <instance_geometry url="#Window_004-mesh" name="Window.002">
            <bind_material>
              <technique_common>
                <instance_material symbol="Plastic-material" target="#Plastic-material"/>
                <instance_material symbol="Glass-material" target="#Glass-material"/>
              </technique_common>
            </bind_material>
          </instance_geometry>
        </node>
      </node>
      <node id="Door_Group_003" name="Door_Group.003" type="NODE">
        <matrix sid="transform">-4.37114e-8 -1 0 22.36421 1 -4.37114e-8 0 -24.75233 0 0 1 2.19345e-4 0 0 0 1</matrix>
        <node id="DoorFrame_003" name="DoorFrame.003" type="NODE">
          <matrix sid="transform">1 0 0 0 0 1 0 0 0 0 1 0 0 0 0 1</matrix>
          <instance_geometry url="#DoorFrane_019-mesh" name="DoorFrame.003">
            <bind_material>
              <technique_common>
                <instance_material symbol="Plastic-material" target="#Plastic-material"/>
              </technique_common>
            </bind_material>
          </instance_geometry>
          <node id="Door_003" name="Door.003" type="NODE">
            <matrix sid="transform">-0.09661961 0.9953214 0 -0.7800007 -0.9953214 -0.09661961 0 -0.03185081 0 0 1 1.065 0 0 0 1</matrix>
            <instance_geometry url="#Door_020-mesh" name="Door.003">
              <bind_material>
                <technique_common>
                  <instance_material symbol="fine_grained_wood-material" target="#fine_grained_wood-material"/>
                </technique_common>
              </bind_material>
            </instance_geometry>
            <node id="Handle_Front_003" name="Handle_Front.003" type="NODE">
              <matrix sid="transform">-1 0 8.74228e-8 0.7040005 0 -1 8.74228e-8 0.04400063 8.74228e-8 8.74228e-8 1 0 0 0 0 1</matrix>
              <instance_geometry url="#Handle_Front_020-mesh" name="Handle_Front.003">
                <bind_material>
                  <technique_common>
                    <instance_material symbol="steel-material" target="#steel-material"/>
                  </technique_common>
                </bind_material>
              </instance_geometry>
            </node>
            <node id="Handle_Back_003" name="Handle_Back.003" type="NODE">
              <matrix sid="transform">-1 0 -8.74228e-8 0.7039986 0 1 0 0.004999161 8.74228e-8 0 -1 0 0 0 0 1</matrix>
              <instance_geometry url="#Handle_Back_020-mesh" name="Handle_Back.003">
                <bind_material>
                  <technique_common>
                    <instance_material symbol="steel-material" target="#steel-material"/>
                  </technique_common>
                </bind_material>
              </instance_geometry>
            </node>
          </node>
          <node id="Door_004" name="Door.004" type="NODE">
            <matrix sid="transform">-0.9890385 -0.1476576 0 0.7800007 0.1476576 -0.9890385 0 -0.03185081 0 0 1 1.065 0 0 0 1</matrix>
            <instance_geometry url="#Door_021-mesh" name="Door.004">
              <bind_material>
                <technique_common>
                  <instance_material symbol="fine_grained_wood-material" target="#fine_grained_wood-material"/>
                </technique_common>
              </bind_material>
            </instance_geometry>
            <node id="Handle_Front_004" name="Handle_Front.004" type="NODE">
              <matrix sid="transform">1 -1.49012e-8 8.88178e-16 -0.7040005 -1.49012e-8 -1 8.74228e-8 0.04399872 0 -8.74228e-8 -1 0 0 0 0 1</matrix>
              <instance_geometry url="#Handle_Front_021-mesh" name="Handle_Front.004">
                <bind_material>
                  <technique_common>
                    <instance_material symbol="steel-material" target="#steel-material"/>
                  </technique_common>
                </bind_material>
              </instance_geometry>
            </node>
            <node id="Handle_Back_004" name="Handle_Back.004" type="NODE">
              <matrix sid="transform">1 1.49012e-8 0 -0.7039986 -1.49012e-8 1 0 0.004999161 0 0 1 0 0 0 0 1</matrix>
              <instance_geometry url="#Handle_Back_021-mesh" name="Handle_Back.004">
                <bind_material>
                  <technique_common>
                    <instance_material symbol="steel-material" target="#steel-material"/>
                  </technique_common>
                </bind_material>
              </instance_geometry>
            </node>
          </node>
        </node>
      </node>
      <node id="Door_Group_010" name="Door_Group.010" type="NODE">
        <matrix sid="transform">-4.37114e-8 -1 0 16.6633 1 -4.37114e-8 0 -13.49822 0 0 1 -3.74317e-5 0 0 0 1</matrix>
        <node id="DoorFrame_010" name="DoorFrame.010" type="NODE">
          <matrix sid="transform">1 0 0 -9.53674e-7 0 1 0 0 0 0 1 0 0 0 0 1</matrix>
          <instance_geometry url="#DoorFrane-mesh" name="DoorFrame.010">
            <bind_material>
              <technique_common>
                <instance_material symbol="Plastic-material" target="#Plastic-material"/>
              </technique_common>
            </bind_material>
          </instance_geometry>
          <node id="Door_011" name="Door.011" type="NODE">
            <matrix sid="transform">1 0 0 0.3280001 0 1 0 -0.02210045 0 0 1 1.05 0 0 0 1</matrix>
            <instance_geometry url="#Door_019-mesh" name="Door.011">
              <bind_material>
                <technique_common>
                  <instance_material symbol="fine_grained_wood-material" target="#fine_grained_wood-material"/>
                </technique_common>
              </bind_material>
            </instance_geometry>
            <node id="Handle_Front_011" name="Handle_Front.011" type="NODE">
              <matrix sid="transform">1 0 0 -0.5839996 0 -1 8.74228e-8 0.02899933 0 -8.74228e-8 -1 0 0 0 0 1</matrix>
              <instance_geometry url="#Handle_Front_019-mesh" name="Handle_Front.011">
                <bind_material>
                  <technique_common>
                    <instance_material symbol="steel-material" target="#steel-material"/>
                  </technique_common>
                </bind_material>
              </instance_geometry>
            </node>
            <node id="Handle_Back_011" name="Handle_Back.011" type="NODE">
              <matrix sid="transform">1 0 0 -0.5839996 0 1 0 0.004999161 0 0 1 0 0 0 0 1</matrix>
              <instance_geometry url="#Handle_Back_019-mesh" name="Handle_Back.011">
                <bind_material>
                  <technique_common>
                    <instance_material symbol="steel-material" target="#steel-material"/>
                  </technique_common>
                </bind_material>
              </instance_geometry>
            </node>
          </node>
        </node>
      </node>
      <node id="Door_Group_004" name="Door_Group.004" type="NODE">
        <matrix sid="transform">1 0 0 17.53115 0 1 0 -12.95508 0 0 1 -3.74317e-5 0 0 0 1</matrix>
        <node id="DoorFrame_004" name="DoorFrame.004" type="NODE">
          <matrix sid="transform">1 0 0 0 0 1 0 0 0 0 1 0 0 0 0 1</matrix>
          <instance_geometry url="#DoorFrane_016-mesh" name="DoorFrame.004">
            <bind_material>
              <technique_common>
                <instance_material symbol="Plastic-material" target="#Plastic-material"/>
              </technique_common>
            </bind_material>
          </instance_geometry>
          <node id="Door_005" name="Door.005" type="NODE">
            <matrix sid="transform">-0.3813775 0.9244194 0 0.4629993 -0.9244194 -0.3813775 0 -0.03184986 0 0 1 1.05 0 0 0 1</matrix>
            <instance_geometry url="#Door_011-mesh" name="Door.005">
              <bind_material>
                <technique_common>
                  <instance_material symbol="fine_grained_wood-material" target="#fine_grained_wood-material"/>
                </technique_common>
              </bind_material>
            </instance_geometry>
            <node id="Handle_Front_005" name="Handle_Front.005" type="NODE">
              <matrix sid="transform">1 0 -3.55271e-15 -0.854001 0 -1 8.74228e-8 0.04399872 0 -8.74228e-8 -1 0 0 0 0 1</matrix>
              <instance_geometry url="#Handle_Front_011-mesh" name="Handle_Front.005">
                <bind_material>
                  <technique_common>
                    <instance_material symbol="steel-material" target="#steel-material"/>
                  </technique_common>
                </bind_material>
              </instance_geometry>
            </node>
            <node id="Handle_Back_005" name="Handle_Back.005" type="NODE">
              <matrix sid="transform">1 0 0 -0.8540006 0 1 0 0.004999161 0 0 1 0 0 0 0 1</matrix>
              <instance_geometry url="#Handle_Back_011-mesh" name="Handle_Back.005">
                <bind_material>
                  <technique_common>
                    <instance_material symbol="steel-material" target="#steel-material"/>
                  </technique_common>
                </bind_material>
              </instance_geometry>
            </node>
          </node>
        </node>
      </node>
      <node id="Door_Group_011" name="Door_Group.011" type="NODE">
        <matrix sid="transform">1 0 0 31.59285 0 1 0 -18.80157 0 0 1 -3.71933e-5 0 0 0 1</matrix>
        <node id="DoorFrame_011" name="DoorFrame.011" type="NODE">
          <matrix sid="transform">1 0 0 0 0 1 0 0 0 0 1 0 0 0 0 1</matrix>
          <instance_geometry url="#DoorFrane_010-mesh" name="DoorFrame.011">
            <bind_material>
              <technique_common>
                <instance_material symbol="Plastic-material" target="#Plastic-material"/>
              </technique_common>
            </bind_material>
          </instance_geometry>
          <node id="Door_012" name="Door.012" type="NODE">
            <matrix sid="transform">0.02428801 -0.999705 0 0.4779987 0.999705 0.02428801 0 -0.03185081 0 0 1 1.05 0 0 0 1</matrix>
            <instance_geometry url="#Door_005-mesh" name="Door.012">
              <bind_material>
                <technique_common>
                  <instance_material symbol="fine_grained_wood-material" target="#fine_grained_wood-material"/>
                </technique_common>
              </bind_material>
            </instance_geometry>
            <node id="Handle_Front_012" name="Handle_Front.012" type="NODE">
              <matrix sid="transform">1 0 0 -0.8840008 0 -1 8.74228e-8 0.04400253 0 -8.74228e-8 -1 0 0 0 0 1</matrix>
              <instance_geometry url="#Handle_Front_005-mesh" name="Handle_Front.012">
                <bind_material>
                  <technique_common>
                    <instance_material symbol="steel-material" target="#steel-material"/>
                  </technique_common>
                </bind_material>
              </instance_geometry>
            </node>
            <node id="Handle_Back_012" name="Handle_Back.012" type="NODE">
              <matrix sid="transform">1 0 0 -0.8840008 0 1 0 0.005001068 0 0 1 0 0 0 0 1</matrix>
              <instance_geometry url="#Handle_Back_005-mesh" name="Handle_Back.012">
                <bind_material>
                  <technique_common>
                    <instance_material symbol="steel-material" target="#steel-material"/>
                  </technique_common>
                </bind_material>
              </instance_geometry>
            </node>
          </node>
        </node>
      </node>
      <node id="Door_Group_007" name="Door_Group.007" type="NODE">
        <matrix sid="transform">-4.37114e-8 -1 0 18.50741 1 -4.37114e-8 0 -16.22037 0 0 1 -3.74317e-5 0 0 0 1</matrix>
        <node id="DoorFrame_005" name="DoorFrame.005" type="NODE">
          <matrix sid="transform">1 0 0 1.90735e-6 0 1 0 0 0 0 1 0 0 0 0 1</matrix>
          <instance_geometry url="#DoorFrane_002-mesh" name="DoorFrame.005">
            <bind_material>
              <technique_common>
                <instance_material symbol="Plastic-material" target="#Plastic-material"/>
              </technique_common>
            </bind_material>
          </instance_geometry>
          <node id="Door_008" name="Door.008" type="NODE">
            <matrix sid="transform">0.0210833 0.9997777 0 0.4329987 -0.9997777 0.0210833 0 -0.03185081 0 0 1 1.05 0 0 0 1</matrix>
            <instance_geometry url="#Door-mesh" name="Door.008">
              <bind_material>
                <technique_common>
                  <instance_material symbol="fine_grained_wood-material" target="#fine_grained_wood-material"/>
                </technique_common>
              </bind_material>
            </instance_geometry>
            <node id="Handle_Front_008" name="Handle_Front.008" type="NODE">
              <matrix sid="transform">1 0 0 -0.7940025 0 -1 8.74228e-8 0.04400063 0 -8.74228e-8 -1 0 0 0 0 1</matrix>
              <instance_geometry url="#Handle_Front-mesh" name="Handle_Front.008">
                <bind_material>
                  <technique_common>
                    <instance_material symbol="steel-material" target="#steel-material"/>
                  </technique_common>
                </bind_material>
              </instance_geometry>
            </node>
            <node id="Handle_Back_008" name="Handle_Back.008" type="NODE">
              <matrix sid="transform">1 0 0 -0.7940006 0 1 0 0.004999161 0 0 1 0 0 0 0 1</matrix>
              <instance_geometry url="#Handle_Back-mesh" name="Handle_Back.008">
                <bind_material>
                  <technique_common>
                    <instance_material symbol="steel-material" target="#steel-material"/>
                  </technique_common>
                </bind_material>
              </instance_geometry>
            </node>
          </node>
        </node>
      </node>
      <node id="Door_Group_002" name="Door_Group.002" type="NODE">
        <matrix sid="transform">1 0 0 21.70941 0 1 0 -16.83388 0 0 1 2.19345e-4 0 0 0 1</matrix>
        <node id="DoorFrame_002" name="DoorFrame.002" type="NODE">
          <matrix sid="transform">1 0 0 0 0 1 0 0 0 0 1 0 0 0 0 1</matrix>
          <instance_geometry url="#DoorFrane_015-mesh" name="DoorFrame.002">
            <bind_material>
              <technique_common>
                <instance_material symbol="Plastic-material" target="#Plastic-material"/>
              </technique_common>
            </bind_material>
          </instance_geometry>
          <node id="Door_002" name="Door.002" type="NODE">
            <matrix sid="transform">-0.02481163 -0.9996921 0 0.4780006 0.9996921 -0.02481163 0 -0.03185081 0 0 1 1.05 0 0 0 1</matrix>
            <instance_geometry url="#Door_016-mesh" name="Door.002">
              <bind_material>
                <technique_common>
                  <instance_material symbol="fine_grained_wood-material" target="#fine_grained_wood-material"/>
                </technique_common>
              </bind_material>
            </instance_geometry>
            <node id="Handle_Front_002" name="Handle_Front.002" type="NODE">
              <matrix sid="transform">1 0 0 -0.8840008 0 -1 8.74228e-8 0.04400063 0 -8.74228e-8 -1 0 0 0 0 1</matrix>
              <instance_geometry url="#Handle_Front_016-mesh" name="Handle_Front.002">
                <bind_material>
                  <technique_common>
                    <instance_material symbol="steel-material" target="#steel-material"/>
                  </technique_common>
                </bind_material>
              </instance_geometry>
            </node>
            <node id="Handle_Back_002" name="Handle_Back.002" type="NODE">
              <matrix sid="transform">1 0 0 -0.8840008 0 1 0 0.004999161 0 0 1 0 0 0 0 1</matrix>
              <instance_geometry url="#Handle_Back_016-mesh" name="Handle_Back.002">
                <bind_material>
                  <technique_common>
                    <instance_material symbol="steel-material" target="#steel-material"/>
                  </technique_common>
                </bind_material>
              </instance_geometry>
            </node>
          </node>
        </node>
      </node>
      <node id="Door_Group" name="Door_Group" type="NODE">
        <matrix sid="transform">1 0 0 23.06583 0 1 0 -18.80193 0 0 1 -3.71933e-5 0 0 0 1</matrix>
        <node id="DoorFrame" name="DoorFrame" type="NODE">
          <matrix sid="transform">1 0 0 0 0 1 0 0 0 0 1 0 0 0 0 1</matrix>
          <instance_geometry url="#DoorFrane_005-mesh" name="DoorFrame">
            <bind_material>
              <technique_common>
                <instance_material symbol="Plastic-material" target="#Plastic-material"/>
              </technique_common>
            </bind_material>
          </instance_geometry>
          <node id="Door" name="Door" type="NODE">
            <matrix sid="transform">-0.126278 0.9919949 0 -0.4780006 -0.9919949 -0.126278 0 -0.03185081 0 0 1 1.05 0 0 0 1</matrix>
            <instance_geometry url="#Door_006-mesh" name="Door">
              <bind_material>
                <technique_common>
                  <instance_material symbol="fine_grained_wood-material" target="#fine_grained_wood-material"/>
                </technique_common>
              </bind_material>
            </instance_geometry>
            <node id="Handle_Front" name="Handle_Front" type="NODE">
              <matrix sid="transform">-1 0 8.74228e-8 0.8839979 0 -1 8.74228e-8 0.04400063 8.74228e-8 8.74228e-8 1 0 0 0 0 1</matrix>
              <instance_geometry url="#Handle_Front_006-mesh" name="Handle_Front">
                <bind_material>
                  <technique_common>
                    <instance_material symbol="steel-material" target="#steel-material"/>
                  </technique_common>
                </bind_material>
              </instance_geometry>
            </node>
            <node id="Handle_Back" name="Handle_Back" type="NODE">
              <matrix sid="transform">-1 0 -8.74228e-8 0.8839998 0 1 0 0.004999161 8.74228e-8 0 -1 0 0 0 0 1</matrix>
              <instance_geometry url="#Handle_Back_006-mesh" name="Handle_Back">
                <bind_material>
                  <technique_common>
                    <instance_material symbol="steel-material" target="#steel-material"/>
                  </technique_common>
                </bind_material>
              </instance_geometry>
            </node>
          </node>
        </node>
      </node>
      <node id="Door_Group_012" name="Door_Group.012" type="NODE">
        <matrix sid="transform">1 0 0 0 0 1 0 0 0 0 1 0 0 0 0 1</matrix>
        <node id="DoorFrame_012" name="DoorFrame.012" type="NODE">
          <matrix sid="transform">1 0 0 0 0 1 0 0 0 0 1 0 0 0 0 1</matrix>
          <instance_geometry url="#DoorFrane_013-mesh" name="DoorFrame.012">
            <bind_material>
              <technique_common>
                <instance_material symbol="Plastic-material" target="#Plastic-material"/>
              </technique_common>
            </bind_material>
          </instance_geometry>
          <node id="Door_013" name="Door.013" type="NODE">
            <matrix sid="transform">1 0 0 0 0 1 0 0 0 0 1 0 0 0 0 1</matrix>
            <instance_geometry url="#Door_014-mesh" name="Door.013">
              <bind_material>
                <technique_common>
                  <instance_material symbol="fine_grained_wood-material" target="#fine_grained_wood-material"/>
                </technique_common>
              </bind_material>
            </instance_geometry>
            <node id="Handle_Back_013" name="Handle_Back.013" type="NODE">
              <matrix sid="transform">1 0 0 0 0 1 0 0 0 0 1 0 0 0 0 1</matrix>
              <instance_geometry url="#Handle_Back_014-mesh" name="Handle_Back.013">
                <bind_material>
                  <technique_common>
                    <instance_material symbol="steel-material" target="#steel-material"/>
                  </technique_common>
                </bind_material>
              </instance_geometry>
            </node>
            <node id="Handle_Front_013" name="Handle_Front.013" type="NODE">
              <matrix sid="transform">1 0 0 0 0 1 0 0 0 0 1 0 0 0 0 1</matrix>
              <instance_geometry url="#Handle_Front_014-mesh" name="Handle_Front.013">
                <bind_material>
                  <technique_common>
                    <instance_material symbol="steel-material" target="#steel-material"/>
                  </technique_common>
                </bind_material>
              </instance_geometry>
            </node>
          </node>
        </node>
      </node>
      <node id="Door_Group_009" name="Door_Group.009" type="NODE">
        <matrix sid="transform">1 0 0 0 0 1 0 0 0 0 1 0 0 0 0 1</matrix>
        <node id="DoorFrame_009" name="DoorFrame.009" type="NODE">
          <matrix sid="transform">1 0 0 0 0 1 0 0 0 0 1 0 0 0 0 1</matrix>
          <instance_geometry url="#DoorFrane_009-mesh" name="DoorFrame.009">
            <bind_material>
              <technique_common>
                <instance_material symbol="Plastic-material" target="#Plastic-material"/>
              </technique_common>
            </bind_material>
          </instance_geometry>
          <node id="Door_010" name="Door.010" type="NODE">
            <matrix sid="transform">1 0 0 0 0 1 0 0 0 0 1 0 0 0 0 1</matrix>
            <instance_geometry url="#Door_010-mesh" name="Door.010">
              <bind_material>
                <technique_common>
                  <instance_material symbol="fine_grained_wood-material" target="#fine_grained_wood-material"/>
                </technique_common>
              </bind_material>
            </instance_geometry>
            <node id="Handle_Back_010" name="Handle_Back.010" type="NODE">
              <matrix sid="transform">1 0 0 0 0 1 0 0 0 0 1 0 0 0 0 1</matrix>
              <instance_geometry url="#Handle_Back_010-mesh" name="Handle_Back.010">
                <bind_material>
                  <technique_common>
                    <instance_material symbol="steel-material" target="#steel-material"/>
                  </technique_common>
                </bind_material>
              </instance_geometry>
            </node>
            <node id="Handle_Front_010" name="Handle_Front.010" type="NODE">
              <matrix sid="transform">1 0 0 0 0 1 0 0 0 0 1 0 0 0 0 1</matrix>
              <instance_geometry url="#Handle_Front_010-mesh" name="Handle_Front.010">
                <bind_material>
                  <technique_common>
                    <instance_material symbol="steel-material" target="#steel-material"/>
                  </technique_common>
                </bind_material>
              </instance_geometry>
            </node>
          </node>
        </node>
      </node>
      <node id="Door_Group_008" name="Door_Group.008" type="NODE">
        <matrix sid="transform">1 0 0 0 0 1 0 0 0 0 1 0 0 0 0 1</matrix>
        <node id="DoorFrame_008" name="DoorFrame.008" type="NODE">
          <matrix sid="transform">1 0 0 0 0 1 0 0 0 0 1 0 0 0 0 1</matrix>
          <instance_geometry url="#DoorFrane_008-mesh" name="DoorFrame.008">
            <bind_material>
              <technique_common>
                <instance_material symbol="Plastic-material" target="#Plastic-material"/>
              </technique_common>
            </bind_material>
          </instance_geometry>
          <node id="Door_009" name="Door.009" type="NODE">
            <matrix sid="transform">1 0 0 0 0 1 0 0 0 0 1 0 0 0 0 1</matrix>
            <instance_geometry url="#Door_009-mesh" name="Door.009">
              <bind_material>
                <technique_common>
                  <instance_material symbol="fine_grained_wood-material" target="#fine_grained_wood-material"/>
                </technique_common>
              </bind_material>
            </instance_geometry>
            <node id="Handle_Back_009" name="Handle_Back.009" type="NODE">
              <matrix sid="transform">1 0 0 0 0 1 0 0 0 0 1 0 0 0 0 1</matrix>
              <instance_geometry url="#Handle_Back_009-mesh" name="Handle_Back.009">
                <bind_material>
                  <technique_common>
                    <instance_material symbol="steel-material" target="#steel-material"/>
                  </technique_common>
                </bind_material>
              </instance_geometry>
            </node>
            <node id="Handle_Front_009" name="Handle_Front.009" type="NODE">
              <matrix sid="transform">1 0 0 0 0 1 0 0 0 0 1 0 0 0 0 1</matrix>
              <instance_geometry url="#Handle_Front_009-mesh" name="Handle_Front.009">
                <bind_material>
                  <technique_common>
                    <instance_material symbol="steel-material" target="#steel-material"/>
                  </technique_common>
                </bind_material>
              </instance_geometry>
            </node>
          </node>
        </node>
      </node>
      <node id="Door_Group_006" name="Door_Group.006" type="NODE">
        <matrix sid="transform">1 0 0 0 0 1 0 0 0 0 1 0 0 0 0 1</matrix>
        <node id="DoorFrame_007" name="DoorFrame.007" type="NODE">
          <matrix sid="transform">1 0 0 0 0 1 0 0 0 0 1 0 0 0 0 1</matrix>
          <instance_geometry url="#DoorFrane_007-mesh" name="DoorFrame.007">
            <bind_material>
              <technique_common>
                <instance_material symbol="Plastic-material" target="#Plastic-material"/>
              </technique_common>
            </bind_material>
          </instance_geometry>
          <node id="Door_007" name="Door.007" type="NODE">
            <matrix sid="transform">1 0 0 0 0 1 0 0 0 0 1 0 0 0 0 1</matrix>
            <instance_geometry url="#Door_008-mesh" name="Door.007">
              <bind_material>
                <technique_common>
                  <instance_material symbol="fine_grained_wood-material" target="#fine_grained_wood-material"/>
                </technique_common>
              </bind_material>
            </instance_geometry>
            <node id="Handle_Back_007" name="Handle_Back.007" type="NODE">
              <matrix sid="transform">1 0 0 0 0 1 0 0 0 0 1 0 0 0 0 1</matrix>
              <instance_geometry url="#Handle_Back_008-mesh" name="Handle_Back.007">
                <bind_material>
                  <technique_common>
                    <instance_material symbol="steel-material" target="#steel-material"/>
                  </technique_common>
                </bind_material>
              </instance_geometry>
            </node>
            <node id="Handle_Front_007" name="Handle_Front.007" type="NODE">
              <matrix sid="transform">1 0 0 0 0 1 0 0 0 0 1 0 0 0 0 1</matrix>
              <instance_geometry url="#Handle_Front_008-mesh" name="Handle_Front.007">
                <bind_material>
                  <technique_common>
                    <instance_material symbol="steel-material" target="#steel-material"/>
                  </technique_common>
                </bind_material>
              </instance_geometry>
            </node>
          </node>
        </node>
      </node>
      <node id="Door_Group_005" name="Door_Group.005" type="NODE">
        <matrix sid="transform">1 0 0 0 0 1 0 0 0 0 1 0 0 0 0 1</matrix>
        <node id="DoorFrame_006" name="DoorFrame.006" type="NODE">
          <matrix sid="transform">1 0 0 0 0 1 0 0 0 0 1 0 0 0 0 1</matrix>
          <instance_geometry url="#DoorFrane_006-mesh" name="DoorFrame.006">
            <bind_material>
              <technique_common>
                <instance_material symbol="Plastic-material" target="#Plastic-material"/>
              </technique_common>
            </bind_material>
          </instance_geometry>
          <node id="Door_006" name="Door.006" type="NODE">
            <matrix sid="transform">1 0 0 0 0 1 0 0 0 0 1 0 0 0 0 1</matrix>
            <instance_geometry url="#Door_007-mesh" name="Door.006">
              <bind_material>
                <technique_common>
                  <instance_material symbol="fine_grained_wood-material" target="#fine_grained_wood-material"/>
                </technique_common>
              </bind_material>
            </instance_geometry>
            <node id="Handle_Back_006" name="Handle_Back.006" type="NODE">
              <matrix sid="transform">1 0 0 0 0 1 0 0 0 0 1 0 0 0 0 1</matrix>
              <instance_geometry url="#Handle_Back_007-mesh" name="Handle_Back.006">
                <bind_material>
                  <technique_common>
                    <instance_material symbol="steel-material" target="#steel-material"/>
                  </technique_common>
                </bind_material>
              </instance_geometry>
            </node>
            <node id="Handle_Front_006" name="Handle_Front.006" type="NODE">
              <matrix sid="transform">1 0 0 0 0 1 0 0 0 0 1 0 0 0 0 1</matrix>
              <instance_geometry url="#Handle_Front_007-mesh" name="Handle_Front.006">
                <bind_material>
                  <technique_common>
                    <instance_material symbol="steel-material" target="#steel-material"/>
                  </technique_common>
                </bind_material>
              </instance_geometry>
            </node>
          </node>
        </node>
      </node>
      <node id="Door_Group_001" name="Door_Group.001" type="NODE">
        <matrix sid="transform">1 0 0 0 0 1 0 0 0 0 1 0 0 0 0 1</matrix>
        <node id="DoorFrame_001" name="DoorFrame.001" type="NODE">
          <matrix sid="transform">1 0 0 0 0 1 0 0 0 0 1 0 0 0 0 1</matrix>
          <instance_geometry url="#DoorFrane_001-mesh" name="DoorFrame.001">
            <bind_material>
              <technique_common>
                <instance_material symbol="Plastic-material" target="#Plastic-material"/>
              </technique_common>
            </bind_material>
          </instance_geometry>
          <node id="Door_001" name="Door.001" type="NODE">
            <matrix sid="transform">1 0 0 0 0 1 0 0 0 0 1 0 0 0 0 1</matrix>
            <instance_geometry url="#Door_001-mesh" name="Door.001">
              <bind_material>
                <technique_common>
                  <instance_material symbol="fine_grained_wood-material" target="#fine_grained_wood-material"/>
                </technique_common>
              </bind_material>
            </instance_geometry>
            <node id="Handle_Back_001" name="Handle_Back.001" type="NODE">
              <matrix sid="transform">1 0 0 0 0 1 0 0 0 0 1 0 0 0 0 1</matrix>
              <instance_geometry url="#Handle_Back_001-mesh" name="Handle_Back.001">
                <bind_material>
                  <technique_common>
                    <instance_material symbol="steel-material" target="#steel-material"/>
                  </technique_common>
                </bind_material>
              </instance_geometry>
            </node>
            <node id="Handle_Front_001" name="Handle_Front.001" type="NODE">
              <matrix sid="transform">1 0 0 0 0 1 0 0 0 0 1 0 0 0 0 1</matrix>
              <instance_geometry url="#Handle_Front_001-mesh" name="Handle_Front.001">
                <bind_material>
                  <technique_common>
                    <instance_material symbol="steel-material" target="#steel-material"/>
                  </technique_common>
                </bind_material>
              </instance_geometry>
            </node>
          </node>
        </node>
      </node>
    </visual_scene>
  </library_visual_scenes>
  <scene>
    <instance_visual_scene url="#Scene"/>
  </scene>
</COLLADA>